{
"type": "FeatureCollection",
"name": "PBOT2015_ZONIFICACION_USO_SUELO_RURAL",
"crs": { "type": "name", "properties": { "name": "urn:ogc:def:crs:OGC:1.3:CRS84" } },
"features": [
{ "type": "Feature", "properties": { "Id": 0, "UGOT": null, "Aptitud": "nacimientos de aguas y de recarga de acuíferos", "area_ha": 318.91863174399998, "CRS_ORIGINAL": "EPSG:4326", "FUENTE_PBOT": "PBOT 2015 — Cartografía de formulación", "CAPA_SIGOber": "PBOT2015_ZONIFICACION_USO_SUELO_RURAL" }, "geometry": { "type": "MultiPolygon", "coordinates": [ [ [ [ -74.86130232114499, 1.444288332740598 ], [ -74.861614402082807, 1.444288332740598 ], [ -74.862035970083753, 1.444486173698238 ], [ -74.862343308896413, 1.44502191512936 ], [ -74.862343308896413, 1.445335997958125 ], [ -74.862146728788275, 1.445760270220376 ], [ -74.861614402082807, 1.446069581246434 ], [ -74.861009062118342, 1.445962159026692 ], [ -74.860680151267786, 1.445631138366593 ], [ -74.860573414331441, 1.445335997958125 ], [ -74.860573414331441, 1.44502191512936 ], [ -74.860769994439522, 1.444597642867052 ], [ -74.86130232114499, 1.444288332740598 ] ] ], [ [ [ -74.8721458787291, 1.479197273435716 ], [ -74.872751226787557, 1.479304695655458 ], [ -74.872990298063655, 1.479506584461546 ], [ -74.873186881768959, 1.479930856723854 ], [ -74.873080143033974, 1.480540079061484 ], [ -74.87275122768682, 1.480871099721639 ], [ -74.872457963264253, 1.480978521941381 ], [ -74.871852614306533, 1.480871099721639 ], [ -74.871613543030378, 1.480669210915494 ], [ -74.871416959325074, 1.480244938653186 ], [ -74.871416959325074, 1.479930856723854 ], [ -74.871613543030378, 1.479506584461546 ], [ -74.8721458787291, 1.479197273435716 ] ] ], [ [ [ -74.879244979472048, 1.515206648867945 ], [ -74.879557069403063, 1.515206648867945 ], [ -74.879978650893861, 1.515404489825585 ], [ -74.880285999599039, 1.515940231256877 ], [ -74.880179259065358, 1.516549453594507 ], [ -74.879850338322285, 1.516880474254663 ], [ -74.879557069403063, 1.516987896474404 ], [ -74.87895170965345, 1.516880474254663 ], [ -74.878712634780129, 1.516678585448517 ], [ -74.878516048376696, 1.516254313186266 ], [ -74.878622789809754, 1.515645090848409 ], [ -74.878823397081874, 1.515404489825585 ], [ -74.879244979472048, 1.515206648867945 ] ] ], [ [ [ -74.881267520579399, 1.516872271538261 ], [ -74.881872880328956, 1.516979693758003 ], [ -74.882201801072029, 1.517310713518782 ], [ -74.882308542505086, 1.51760585392725 ], [ -74.882201801072029, 1.51821507626488 ], [ -74.881872880328956, 1.518546096925036 ], [ -74.881579611409734, 1.518653519144777 ], [ -74.880974251660234, 1.518546096925036 ], [ -74.880645330917162, 1.51821507626488 ], [ -74.880538589484104, 1.517919935856582 ], [ -74.880645330917162, 1.517310713518782 ], [ -74.880845939088658, 1.517070112495958 ], [ -74.881267520579399, 1.516872271538261 ] ] ], [ [ [ -74.861902294854815, 1.536363825030776 ], [ -74.86250766000029, 1.536471247250518 ], [ -74.862836583441435, 1.53680226701124 ], [ -74.862943325773642, 1.537097407419537 ], [ -74.862943325773642, 1.537411489348926 ], [ -74.86274673757174, 1.537835761611404 ], [ -74.862214388383109, 1.538145071737858 ], [ -74.861902294854815, 1.538145071737858 ], [ -74.861480708867475, 1.537947230780219 ], [ -74.861173357464281, 1.537411489348926 ], [ -74.861280099796602, 1.53680226701124 ], [ -74.861609023237691, 1.536471247250518 ], [ -74.861902294854815, 1.536363825030776 ] ] ], [ [ [ -74.875497325541005, 1.552623672844334 ], [ -74.876102694283702, 1.552731095064075 ], [ -74.876341773653792, 1.552932982971015 ], [ -74.876538363654333, 1.553357255233323 ], [ -74.876431621322126, 1.553966477571123 ], [ -74.876102695183079, 1.554297498231108 ], [ -74.875809420867938, 1.55440492045102 ], [ -74.875204051225808, 1.554297498231108 ], [ -74.874964971855775, 1.554095609424962 ], [ -74.874768381855176, 1.553671337162655 ], [ -74.87487512508676, 1.553062114825025 ], [ -74.875204051225808, 1.552731095064075 ], [ -74.875497325541005, 1.552623672844334 ] ] ], [ [ [ -74.846078875439559, 1.574696942510116 ], [ -74.846542282600126, 1.574737742952607 ], [ -74.846812567545726, 1.574894783467585 ], [ -74.847119925244215, 1.575430524899105 ], [ -74.847079382906998, 1.57589687643997 ], [ -74.84692333344492, 1.576168879090744 ], [ -74.846390974363771, 1.576478189217255 ], [ -74.846078875439559, 1.576478189217255 ], [ -74.845657282257605, 1.576280348259559 ], [ -74.845349924559173, 1.575744606828437 ], [ -74.845349924559173, 1.575430524899105 ], [ -74.845546517257731, 1.575006252636626 ], [ -74.846078875439559, 1.574696942510116 ] ] ], [ [ [ -74.94682166668639, 1.581236692819402 ], [ -74.947133766509978, 1.581236692819402 ], [ -74.947555360591252, 1.581434533776871 ], [ -74.947862719189004, 1.581970275208221 ], [ -74.947755975058044, 1.582579497546021 ], [ -74.947427044422341, 1.5829105173068 ], [ -74.947133766509978, 1.583017939526542 ], [ -74.94652838877397, 1.5829105173068 ], [ -74.946289305806658, 1.58270862939986 ], [ -74.946092713108044, 1.582284357137553 ], [ -74.946199458138324, 1.581675134799923 ], [ -74.946400071705796, 1.581434533776871 ], [ -74.94682166668639, 1.581236692819402 ] ] ], [ [ [ -74.865887888714951, 1.581537892859615 ], [ -74.866199988538426, 1.581537892859615 ], [ -74.866621583519134, 1.581735733817254 ], [ -74.866928942116829, 1.582271475248604 ], [ -74.866822197985869, 1.582880697586404 ], [ -74.866493267350222, 1.583211717346956 ], [ -74.866199988538426, 1.583319139566925 ], [ -74.865594610802475, 1.583211717346956 ], [ -74.865265680166772, 1.582880697586404 ], [ -74.865158936035925, 1.582585557177936 ], [ -74.865265680166772, 1.581976334840135 ], [ -74.86546629463362, 1.581735733817254 ], [ -74.865887888714951, 1.581537892859615 ] ] ], [ [ [ -74.870242301740632, 1.582703828818751 ], [ -74.870705710699838, 1.582744629261413 ], [ -74.870975996544871, 1.582901669776447 ], [ -74.871283355142509, 1.58343741120774 ], [ -74.871176611011663, 1.58404663354554 ], [ -74.870847680375959, 1.584377653306319 ], [ -74.87055440156422, 1.584485075526061 ], [ -74.869949023828212, 1.584377653306319 ], [ -74.869709940860901, 1.58417576539938 ], [ -74.869513348162343, 1.583751493137072 ], [ -74.869620093192566, 1.583142270799442 ], [ -74.869820706760038, 1.582901669776447 ], [ -74.870242301740632, 1.582703828818751 ] ] ], [ [ [ -74.872586631967295, 1.606982807210954 ], [ -74.873192016897917, 1.606875384991213 ], [ -74.873613617274486, 1.607073225948852 ], [ -74.87392097946946, 1.607608966480825 ], [ -74.87388043623298, 1.60807531802169 ], [ -74.873724384072887, 1.608347320672465 ], [ -74.873192016897917, 1.608656630799146 ], [ -74.87287991347705, 1.608656630799146 ], [ -74.872458313100481, 1.60845878984145 ], [ -74.87215095180477, 1.607923048410157 ], [ -74.872257697734369, 1.607313826072357 ], [ -74.872586631967295, 1.606982807210954 ] ] ], [ [ [ -74.879542402359846, 1.638760162851497 ], [ -74.880147797182929, 1.638867585071239 ], [ -74.880386886445478, 1.639069472978008 ], [ -74.880583484539954, 1.639493745240316 ], [ -74.880476737711149, 1.640102966678739 ], [ -74.880276117848382, 1.640343567701791 ], [ -74.879854511176518, 1.64054140865926 ], [ -74.879542402359846, 1.64054140865926 ], [ -74.879120795687982, 1.640343567701791 ], [ -74.878813428996409, 1.639807826270271 ], [ -74.878920176724648, 1.639198604832018 ], [ -74.879249116353435, 1.638867585071239 ], [ -74.879542402359846, 1.638760162851497 ] ] ], [ [ [ -74.932069003481558, 1.640485272077797 ], [ -74.932674398304641, 1.640592694297538 ], [ -74.933003338832805, 1.640923714058317 ], [ -74.933110086561044, 1.641218854466786 ], [ -74.933069542425244, 1.641685205108274 ], [ -74.932913488466511, 1.641957207759049 ], [ -74.932381112298344, 1.64226651788573 ], [ -74.932069003481558, 1.64226651788573 ], [ -74.931647395910431, 1.642068676928091 ], [ -74.931340029218745, 1.641532935496798 ], [ -74.931446776946984, 1.640923714058317 ], [ -74.931775717475148, 1.640592694297538 ], [ -74.932069003481558, 1.640485272077797 ] ] ], [ [ [ -74.864519693428974, 1.647032557806483 ], [ -74.865125090050697, 1.647139980026225 ], [ -74.865364180212509, 1.647341867932994 ], [ -74.865560779206362, 1.647766140195472 ], [ -74.8654540323775, 1.648375361633725 ], [ -74.865125090949959, 1.648706381394675 ], [ -74.864831803145023, 1.648813803614416 ], [ -74.864226405623924, 1.648706381394675 ], [ -74.863987315462111, 1.648504493487735 ], [ -74.863790716468202, 1.648080221225484 ], [ -74.863790716468202, 1.647766140195472 ], [ -74.863987316361374, 1.647341867932994 ], [ -74.864519693428974, 1.647032557806483 ] ] ], [ [ [ -74.943311956281605, 1.650776440880293 ], [ -74.943917354701966, 1.650883863100034 ], [ -74.944156444863893, 1.651085751006804 ], [ -74.944353044757065, 1.651510022369905 ], [ -74.944246297028769, 1.652119244707535 ], [ -74.943917354701966, 1.652450264468314 ], [ -74.94362406689703, 1.652557686688056 ], [ -74.943018668476554, 1.652450264468314 ], [ -74.942779577415365, 1.652248376561545 ], [ -74.942582978421569, 1.651824104299237 ], [ -74.942689726149752, 1.651214882860813 ], [ -74.942890346911781, 1.650974281837762 ], [ -74.943311956281605, 1.650776440880293 ] ] ], [ [ [ -74.836739486138242, 1.653992481268233 ], [ -74.837344885457924, 1.654099903487975 ], [ -74.837673827784783, 1.654430923248754 ], [ -74.837780575512966, 1.654726062757845 ], [ -74.837780576412342, 1.655040144687007 ], [ -74.83758397651917, 1.655464416949485 ], [ -74.837051596753554, 1.655773727075996 ], [ -74.836446197433929, 1.655666304856254 ], [ -74.836207106372626, 1.655464416949485 ], [ -74.836010506479454, 1.655040144687007 ], [ -74.836117255107013, 1.654430923248754 ], [ -74.836446197433929, 1.654099903487975 ], [ -74.836739486138242, 1.653992481268233 ] ] ], [ [ [ -74.945691414027408, 1.693606740558721 ], [ -74.946154848167509, 1.693647541001383 ], [ -74.946425149300978, 1.693804581516417 ], [ -74.946732524985805, 1.694340322048504 ], [ -74.946691979950742, 1.694806672689992 ], [ -74.946535921495411, 1.695078675340767 ], [ -74.946003530938015, 1.695387984568072 ], [ -74.945540096797799, 1.69534718412541 ], [ -74.945269795664387, 1.695190143610432 ], [ -74.944962419979504, 1.694654403078516 ], [ -74.945002965913943, 1.694188052436857 ], [ -74.945159024369332, 1.693916049786026 ], [ -74.945691414027408, 1.693606740558721 ] ] ], [ [ [ -74.85256289835894, 1.694562292715773 ], [ -74.853026332499041, 1.694603093158435 ], [ -74.853296633632567, 1.694760133673412 ], [ -74.853604009317451, 1.695295874205385 ], [ -74.853497259790515, 1.695905095643809 ], [ -74.85329663453183, 1.696145695767484 ], [ -74.852875015269547, 1.696343536725124 ], [ -74.852269603359275, 1.696236114505382 ], [ -74.852030507801544, 1.696034227497819 ], [ -74.851833904311036, 1.695609955235341 ], [ -74.851940654737234, 1.695000733797087 ], [ -74.852141279995863, 1.694760133673412 ], [ -74.85256289835894, 1.694562292715773 ] ] ], [ [ [ -74.944025791357035, 1.698246689233599 ], [ -74.944337909167018, 1.698246689233599 ], [ -74.944759528429358, 1.698444530191068 ], [ -74.945066904114185, 1.698980270723212 ], [ -74.945026359079009, 1.6994466213647 ], [ -74.944870300623734, 1.699718623116098 ], [ -74.944337909167018, 1.700027933242779 ], [ -74.944025791357035, 1.700027933242779 ], [ -74.943604171195375, 1.69983009228514 ], [ -74.943296795510491, 1.699294351753167 ], [ -74.943296795510491, 1.698980270723212 ], [ -74.943493399900319, 1.698555998460733 ], [ -74.944025791357035, 1.698246689233599 ] ] ], [ [ [ -74.978749687547861, 1.709482665093219 ], [ -74.97906180715654, 1.709482665093219 ], [ -74.979483429116783, 1.709680506050688 ], [ -74.979790806600249, 1.710216245683455 ], [ -74.979684056174108, 1.710825467121879 ], [ -74.979483429116783, 1.711066068144703 ], [ -74.97906180715654, 1.711263909102399 ], [ -74.978749687547861, 1.711263909102399 ], [ -74.978328065587618, 1.711066068144703 ], [ -74.978020688104039, 1.710530327612787 ], [ -74.978061233139272, 1.710063976971128 ], [ -74.978217293393243, 1.709791974320297 ], [ -74.978749687547861, 1.709482665093219 ] ] ], [ [ [ -74.883436402967448, 1.715798982437377 ], [ -74.884041821172957, 1.715906403757742 ], [ -74.884370774291654, 1.716237423518521 ], [ -74.884477525617115, 1.716532563027613 ], [ -74.884477526516491, 1.716846644956945 ], [ -74.884280920328081, 1.717270916319876 ], [ -74.88374852437471, 1.717580226446557 ], [ -74.883143105269937, 1.717472804226816 ], [ -74.882904007014133, 1.717270916319876 ], [ -74.882707400825666, 1.716846644956945 ], [ -74.882814153050504, 1.716237423518521 ], [ -74.8831431061692, 1.715906403757742 ], [ -74.883436402967448, 1.715798982437377 ] ] ], [ [ [ -74.930803546746063, 1.735537763157538 ], [ -74.931266990778852, 1.735578563600029 ], [ -74.931537297308239, 1.735735604115007 ], [ -74.93184468018768, 1.736271344646923 ], [ -74.931804134253241, 1.736737695288582 ], [ -74.93164807220063, 1.737009697040037 ], [ -74.931115670851398, 1.737319007166718 ], [ -74.930652225919289, 1.737278206724056 ], [ -74.930381918490582, 1.737121166209022 ], [ -74.930074536510517, 1.736585425677106 ], [ -74.930181289634675, 1.735976204238682 ], [ -74.930381919389845, 1.735735604115007 ], [ -74.930803546746063, 1.735537763157538 ] ] ], [ [ [ -74.910415900673115, 1.736972417443383 ], [ -74.910728024778336, 1.736972417443383 ], [ -74.911149652134554, 1.737170258400852 ], [ -74.911457035013996, 1.737705998932995 ], [ -74.911416489079556, 1.738172349574484 ], [ -74.911260427026946, 1.738444351325882 ], [ -74.910728024778336, 1.738753661452563 ], [ -74.910264579846285, 1.738712861009901 ], [ -74.909994272417521, 1.738555820494923 ], [ -74.909686890437456, 1.738020079962951 ], [ -74.90979364356167, 1.737410858524527 ], [ -74.909994273316897, 1.737170258400852 ], [ -74.910415900673115, 1.736972417443383 ] ] ], [ [ [ -75.142795859241289, 1.753542499886635 ], [ -75.143401290037275, 1.753435077666893 ], [ -75.143822920990885, 1.753632918624533 ], [ -75.144130306568229, 1.754168659156448 ], [ -75.144130306568229, 1.754482740186461 ], [ -75.14393369678254, 1.754907011549562 ], [ -75.143401290037275, 1.755216321676073 ], [ -75.142795859241289, 1.755108899456332 ], [ -75.142466899827355, 1.754777879695553 ], [ -75.142360146703254, 1.754482740186461 ], [ -75.142466899827355, 1.75387351874798 ], [ -75.142795859241289, 1.753542499886635 ] ] ], [ [ [ -74.944366471635135, 1.76361540412779 ], [ -74.944678600237012, 1.76361540412779 ], [ -74.945100233888525, 1.763813245085487 ], [ -74.945407620365188, 1.764348984718026 ], [ -74.945407620365188, 1.764663066647415 ], [ -74.945211009680122, 1.765087338010517 ], [ -74.944678600237012, 1.765396647237594 ], [ -74.944366471635135, 1.765396647237594 ], [ -74.943944837084416, 1.765198806280125 ], [ -74.943637450607696, 1.764663066647415 ], [ -74.943637450607696, 1.764348984718026 ], [ -74.943834062192025, 1.763924713355095 ], [ -74.944366471635135, 1.76361540412779 ] ] ], [ [ [ -74.975834843603025, 1.765816405802582 ], [ -74.976146972204788, 1.765816405802582 ], [ -74.97656860675562, 1.766014246760278 ], [ -74.976875993232341, 1.766549986392988 ], [ -74.97687599413166, 1.766864068322377 ], [ -74.976679382547275, 1.767288339685308 ], [ -74.976146972204788, 1.767597648912556 ], [ -74.975834843603025, 1.767597648912556 ], [ -74.975413209052192, 1.767399807954916 ], [ -74.975105822575472, 1.766864068322377 ], [ -74.975105822575472, 1.766549986392988 ], [ -74.975302433260538, 1.766125715029887 ], [ -74.975834843603025, 1.765816405802582 ] ] ], [ [ [ -75.221373426941966, 1.784011152193216 ], [ -75.221685559141065, 1.784011152193216 ], [ -75.222107197289176, 1.784208993150685 ], [ -75.222414587363119, 1.784744732783395 ], [ -75.222374040529417, 1.785211082525734 ], [ -75.222217974879413, 1.785483085176509 ], [ -75.221685559141065, 1.785792395303019 ], [ -75.221080118452562, 1.785684973083278 ], [ -75.220841011203504, 1.785483085176509 ], [ -75.220644398719799, 1.785058813813407 ], [ -75.220684945553614, 1.784592464071125 ], [ -75.220841012102881, 1.784320461420293 ], [ -75.221373426941966, 1.784011152193216 ] ] ], [ [ [ -75.261411979179343, 1.800298909567118 ], [ -75.262017425263821, 1.800191487347377 ], [ -75.262439067009154, 1.800389328305073 ], [ -75.262746459781113, 1.800925067937612 ], [ -75.262639703958996, 1.801534288476887 ], [ -75.262439067009154, 1.801774888600335 ], [ -75.262017425263821, 1.801972729558031 ], [ -75.261705290366706, 1.801972729558031 ], [ -75.261283647721996, 1.801774888600335 ], [ -75.260976254950037, 1.801239148967795 ], [ -75.261083011671474, 1.800629927529315 ], [ -75.261411979179343, 1.800298909567118 ] ] ], [ [ [ -74.942629608269669, 1.810608953340704 ], [ -74.94323505705205, 1.810501532020339 ], [ -74.943656701495399, 1.810699372078602 ], [ -74.943964096065997, 1.811235111711198 ], [ -74.943857339344504, 1.811844333149622 ], [ -74.943528370038109, 1.812175352011025 ], [ -74.94323505705205, 1.812282774230937 ], [ -74.942922920356352, 1.812282774230937 ], [ -74.942501275913003, 1.812084933273297 ], [ -74.942193881342405, 1.811549192741154 ], [ -74.942300638963104, 1.810939972202107 ], [ -74.942629608269669, 1.810608953340704 ] ] ], [ [ [ -74.977619433090183, 1.837319209314273 ], [ -74.977931574282593, 1.837319209314273 ], [ -74.978353225021181, 1.837517050271742 ], [ -74.97866062408832, 1.838052789904509 ], [ -74.97866062408832, 1.838366870934522 ], [ -74.978464005309377, 1.838791142297623 ], [ -74.977931574282593, 1.8391004515247 ], [ -74.977468104169532, 1.839059651082209 ], [ -74.977197782351595, 1.838902610567231 ], [ -74.976890383284342, 1.838366870934522 ], [ -74.976997141804418, 1.837757650395417 ], [ -74.977197782351595, 1.837517050271742 ], [ -74.977619433090183, 1.837319209314273 ] ] ], [ [ [ -74.857035547952023, 1.837331164002194 ], [ -74.857641005727658, 1.837438586221936 ], [ -74.857880119271954, 1.837640473229499 ], [ -74.858076738050784, 1.83806474459243 ], [ -74.85807673895016, 1.838378825622385 ], [ -74.857880120171217, 1.838803096985487 ], [ -74.857347689144376, 1.839112406212791 ], [ -74.857035547052647, 1.839112406212791 ], [ -74.856613896314059, 1.838914565255152 ], [ -74.856306498146239, 1.838378825622385 ], [ -74.856347045879318, 1.837912475880273 ], [ -74.856503116925126, 1.837640473229499 ], [ -74.857035547952023, 1.837331164002194 ] ] ], [ [ [ -74.857991986840545, 1.852915424907223 ], [ -74.858304130730858, 1.852915424907223 ], [ -74.858725785066724, 1.853113265864692 ], [ -74.859033186831937, 1.853649005497459 ], [ -74.858926427412484, 1.854258226036563 ], [ -74.858597450012155, 1.854589244897909 ], [ -74.858304130730858, 1.854696666218331 ], [ -74.857698667559248, 1.854589244897909 ], [ -74.857369690158919, 1.854258226036563 ], [ -74.857262930739466, 1.853963086527472 ], [ -74.857303479371922, 1.853496735885813 ], [ -74.857459551317049, 1.853224734134358 ], [ -74.857991986840545, 1.852915424907223 ] ] ], [ [ [ -74.950418219225298, 1.855711292142587 ], [ -74.951023683296171, 1.855818714362329 ], [ -74.95126279953837, 1.856020601369835 ], [ -74.951459421015329, 1.856444872732993 ], [ -74.951352661595877, 1.857054093272041 ], [ -74.951023683296171, 1.857385111234066 ], [ -74.950730363115611, 1.857492533453808 ], [ -74.950266888505951, 1.857451733011317 ], [ -74.949996563990055, 1.857294692496339 ], [ -74.949689162224843, 1.856758952863572 ], [ -74.949729710857298, 1.85629260312129 ], [ -74.949885782802426, 1.856020601369835 ], [ -74.950418219225298, 1.855711292142587 ] ] ], [ [ [ -75.270517741700246, 1.85580195549602 ], [ -75.271123205771119, 1.855909377715761 ], [ -75.271452184070824, 1.856240396577334 ], [ -75.271558943490277, 1.856535536086255 ], [ -75.271452184070824, 1.857144756625303 ], [ -75.271123206670495, 1.857475774587499 ], [ -75.270829886489878, 1.857583196807241 ], [ -75.270224421519629, 1.857475774587499 ], [ -75.2698954441193, 1.857144756625303 ], [ -75.269788684699847, 1.856849616217005 ], [ -75.2698954441193, 1.856240396577334 ], [ -75.270224422419005, 1.855909377715761 ], [ -75.270517741700246, 1.85580195549602 ] ] ], [ [ [ -75.241446060287274, 1.858088308229128 ], [ -75.241758205076962, 1.858088308229128 ], [ -75.242179860312149, 1.858286149186597 ], [ -75.242487262976624, 1.858821888819307 ], [ -75.242380503557172, 1.859431108459034 ], [ -75.242051525257523, 1.859762127320607 ], [ -75.241758205076962, 1.859869549540349 ], [ -75.241152739207337, 1.859762127320607 ], [ -75.240823760907688, 1.859431108459034 ], [ -75.240717001488292, 1.859135968949943 ], [ -75.240717001488292, 1.858821888819307 ], [ -75.240913622965138, 1.858397617456205 ], [ -75.241446060287274, 1.858088308229128 ] ] ], [ [ [ -74.957529727914448, 1.864226593083004 ], [ -74.957841873603456, 1.864226593083004 ], [ -74.958263530637282, 1.8644244340407 ], [ -74.95857093420102, 1.864960172773863 ], [ -74.958464174781682, 1.865569393313137 ], [ -74.958263530637282, 1.865809993436585 ], [ -74.957841873603456, 1.866007834394281 ], [ -74.957529727914448, 1.866007834394281 ], [ -74.957108070880622, 1.865809993436585 ], [ -74.95680066731677, 1.865274253804046 ], [ -74.956841215949225, 1.864807904061763 ], [ -74.956997288793616, 1.864535902310308 ], [ -74.957529727914448, 1.864226593083004 ] ] ], [ [ [ -75.293979951313531, 1.86657775995576 ], [ -75.29429209700254, 1.86657775995576 ], [ -75.294713754935628, 1.866775600913456 ], [ -75.29502115849948, 1.86731133964679 ], [ -75.295021159398857, 1.867625420676802 ], [ -75.294824537022635, 1.868049692039904 ], [ -75.29429209700254, 1.868359001267038 ], [ -75.293828619694807, 1.868318200824547 ], [ -75.293558293380386, 1.868161160309512 ], [ -75.293250888917214, 1.867625420676802 ], [ -75.293291438448989, 1.86715907093452 ], [ -75.293447511293436, 1.866887069183065 ], [ -75.293979951313531, 1.86657775995576 ] ] ], [ [ [ -75.26434165114614, 1.903048830239584 ], [ -75.264947131404767, 1.903156251559949 ], [ -75.265276117798464, 1.903487270421351 ], [ -75.265382880815139, 1.903782409930443 ], [ -75.265382880815139, 1.904096490061249 ], [ -75.265186254841581, 1.90452076142418 ], [ -75.264653804029706, 1.904830070651485 ], [ -75.264048322871588, 1.904722648431743 ], [ -75.263809200334094, 1.90452076142418 ], [ -75.26361257346133, 1.904096490061249 ], [ -75.263719336478005, 1.903487270421351 ], [ -75.264048323770965, 1.903156251559949 ], [ -75.26434165114614, 1.903048830239584 ] ] ], [ [ [ -74.913033802867517, 1.907770730534878 ], [ -74.913345955751083, 1.907770730534878 ], [ -74.913767623576803, 1.907968570593198 ], [ -74.914075035234532, 1.908504310225908 ], [ -74.914075035234532, 1.908818390356714 ], [ -74.913878408361654, 1.909242661719645 ], [ -74.913345955751083, 1.90955197094695 ], [ -74.912740473693759, 1.909444548727208 ], [ -74.912501350256889, 1.909242661719645 ], [ -74.912304723384068, 1.908818390356714 ], [ -74.912304723384068, 1.908504310225908 ], [ -74.912501350256889, 1.908080038862806 ], [ -74.913033802867517, 1.907770730534878 ] ] ], [ [ [ -75.265410662671741, 1.919873508955391 ], [ -75.26601614922572, 1.919980930275983 ], [ -75.266255273561796, 1.920182817283319 ], [ -75.266451902233371, 1.920607087747101 ], [ -75.266345139216639, 1.921216308286148 ], [ -75.26601614922572, 1.921547326248344 ], [ -75.265722818253323, 1.921654748468086 ], [ -75.265117331699344, 1.921547326248344 ], [ -75.264788341708368, 1.921216308286148 ], [ -75.26468157869175, 1.920921168777056 ], [ -75.26468157869175, 1.920607087747101 ], [ -75.264878207363211, 1.920182817283319 ], [ -75.265410662671741, 1.919873508955391 ] ] ], [ [ [ -74.91279585574398, 1.926449499245109 ], [ -74.913401344096599, 1.926556920565702 ], [ -74.913640470231314, 1.926758807573037 ], [ -74.913837098902832, 1.927183078036819 ], [ -74.913730334986781, 1.927792298575866 ], [ -74.913401344096599, 1.928123316538063 ], [ -74.913108012224825, 1.928230738757804 ], [ -74.912502523872149, 1.928123316538063 ], [ -74.912173532082704, 1.927792298575866 ], [ -74.912066768166653, 1.927497159066775 ], [ -74.912107319497068, 1.927030809324663 ], [ -74.912263397737433, 1.926758807573037 ], [ -74.91279585574398, 1.926449499245109 ] ] ], [ [ [ -74.930165920220816, 1.930732529482782 ], [ -74.930771410372074, 1.930839950803374 ], [ -74.931100402161633, 1.93117096966472 ], [ -74.931207166077627, 1.931466108274492 ], [ -74.931207166077627, 1.931780189304448 ], [ -74.931010537406166, 1.932204459768172 ], [ -74.930478077601038, 1.932513768995477 ], [ -74.929872587449779, 1.932406346775565 ], [ -74.929633460415687, 1.932204459768172 ], [ -74.929436831744226, 1.931780189304448 ], [ -74.92954359566022, 1.93117096966472 ], [ -74.929872587449779, 1.930839950803374 ], [ -74.930165920220816, 1.930732529482782 ] ] ], [ [ [ -75.212568743952147, 1.931109545968923 ], [ -75.213174234103406, 1.931216967289288 ], [ -75.213413361137498, 1.931418854296851 ], [ -75.213609990708335, 1.931843124760576 ], [ -75.213503226792341, 1.93245234529968 ], [ -75.213302575453326, 1.932692944523978 ], [ -75.212880902231632, 1.932890785481618 ], [ -75.21227541118111, 1.932783363261876 ], [ -75.212036284147018, 1.932581476254313 ], [ -75.211839655475558, 1.932157205790588 ], [ -75.211946419391552, 1.931547985251484 ], [ -75.21227541118111, 1.931216967289288 ], [ -75.212568743952147, 1.931109545968923 ] ] ], [ [ [ -75.263294851975616, 1.934884410687175 ], [ -75.263900343925513, 1.934776988467434 ], [ -75.264322018046471, 1.934974829425073 ], [ -75.264629434200856, 1.935510568158463 ], [ -75.264588883769761, 1.935976917900575 ], [ -75.264432804630019, 1.936248919652201 ], [ -75.263900343925513, 1.936558228879278 ], [ -75.263588184746766, 1.936558228879278 ], [ -75.263166510625808, 1.936360387921809 ], [ -75.26285909447148, 1.935824649188419 ], [ -75.262965859286851, 1.935215428649371 ], [ -75.263294851975616, 1.934884410687175 ] ] ], [ [ [ -75.266186782993486, 1.947924498516954 ], [ -75.266792279439983, 1.948031920736696 ], [ -75.26712127482682, 1.948362938698892 ], [ -75.267228039642191, 1.948658078207984 ], [ -75.267187489211096, 1.949124427050947 ], [ -75.267031409171977, 1.949396428802345 ], [ -75.266498943970873, 1.94970573802965 ], [ -75.266186782993486, 1.94970573802965 ], [ -75.265765105275193, 1.949507897971387 ], [ -75.265457687322225, 1.94897215833862 ], [ -75.265498237753263, 1.948505809495714 ], [ -75.265654318691645, 1.948233807744259 ], [ -75.266186782993486, 1.947924498516954 ] ] ], [ [ [ -74.949622106974516, 1.95784683376462 ], [ -74.950227607018292, 1.957739411544878 ], [ -74.950649286535111, 1.957937252502347 ], [ -74.950956707186094, 1.958472991235737 ], [ -74.950849941471461, 1.959082210875465 ], [ -74.950520944285927, 1.959413228837661 ], [ -74.950227607018292, 1.959520651057403 ], [ -74.949764104529663, 1.959479850614912 ], [ -74.949493763825956, 1.959322810099707 ], [ -74.949186344074349, 1.958787071366544 ], [ -74.949293109789039, 1.958177851726646 ], [ -74.949622106974516, 1.95784683376462 ] ] ], [ [ [ -75.10855373166919, 1.96467348669222 ], [ -75.109159233511662, 1.964780908911962 ], [ -75.109398365042296, 1.964982795919468 ], [ -75.109594998210468, 1.96540706638325 ], [ -75.109488232495778, 1.966016286022921 ], [ -75.109287577559485, 1.966256885247219 ], [ -75.10886589534465, 1.966454726204859 ], [ -75.108260392602858, 1.966347303985117 ], [ -75.108021261072167, 1.966145416977611 ], [ -75.107824627904108, 1.965721146513829 ], [ -75.107931394518062, 1.965111926874158 ], [ -75.108260393502121, 1.964780908911962 ], [ -75.10855373166919, 1.96467348669222 ] ] ], [ [ [ -75.207535833811505, 1.967319676162219 ], [ -75.208141337452616, 1.967427098382132 ], [ -75.208470336436733, 1.967758116344157 ], [ -75.208577103050686, 1.968053254953873 ], [ -75.208577103050686, 1.968367335984055 ], [ -75.208380469882627, 1.96879160644761 ], [ -75.207847998386228, 1.969100915674915 ], [ -75.207242494745117, 1.968993493455173 ], [ -75.206913495761057, 1.968662475493147 ], [ -75.206806730046424, 1.968367335984055 ], [ -75.206806730046424, 1.968053254953873 ], [ -75.207003363214483, 1.967628985389524 ], [ -75.207535833811505, 1.967319676162219 ] ] ], [ [ [ -75.263286696923331, 1.977215639690314 ], [ -75.263598863296693, 1.977215639690314 ], [ -75.264020548209544, 1.977413479748463 ], [ -75.264327971558487, 1.977949218481797 ], [ -75.26432797245775, 1.978263299511809 ], [ -75.264131337491108, 1.978687569975534 ], [ -75.263598863296693, 1.978996878303462 ], [ -75.262993356058303, 1.978889456983097 ], [ -75.262754222728972, 1.978687569975534 ], [ -75.26255758866165, 1.978263299511809 ], [ -75.262664356174866, 1.977654079872082 ], [ -75.262865012909856, 1.977413479748463 ], [ -75.263286696923331, 1.977215639690314 ] ] ], [ [ [ -75.227214491255609, 1.979595685592528 ], [ -75.227526657628971, 1.979595685592528 ], [ -75.227948342541822, 1.979793525650848 ], [ -75.228255767689291, 1.980329264384238 ], [ -75.228255767689291, 1.980643345414194 ], [ -75.228059132722592, 1.981067615877919 ], [ -75.227526657628971, 1.981376924205847 ], [ -75.226921149491318, 1.981269502885482 ], [ -75.226682016161988, 1.981067615877919 ], [ -75.226485381195175, 1.980643345414194 ], [ -75.226485381195175, 1.980329264384238 ], [ -75.226682016161988, 1.979904994819833 ], [ -75.227214491255609, 1.979595685592528 ] ] ], [ [ [ -75.100454180116117, 1.990062795062215 ], [ -75.100766349187495, 1.990062795062215 ], [ -75.101188036798305, 1.990260635120308 ], [ -75.101495462845207, 1.990796373853868 ], [ -75.101388695331877, 1.991405593493596 ], [ -75.101188037697568, 1.991646192717894 ], [ -75.100766349187495, 1.991844033675363 ], [ -75.100454180116117, 1.991844033675363 ], [ -75.100032491606044, 1.991646192717894 ], [ -75.099725065559198, 1.991110453984504 ], [ -75.099765617788876, 1.990644105141598 ], [ -75.09992170232448, 1.990372103390143 ], [ -75.100454180116117, 1.990062795062215 ] ] ], [ [ [ -75.05548236621803, 1.999104747086676 ], [ -75.056087880651035, 1.999212168407041 ], [ -75.056327017577644, 1.999414055414604 ], [ -75.056523655242358, 1.999838325878329 ], [ -75.056416886829652, 2.000447545518057 ], [ -75.056087881550297, 2.000778563480083 ], [ -75.055794537088047, 2.000885985699824 ], [ -75.05518902175578, 2.000778563480083 ], [ -75.054949884829171, 2.00057667647269 ], [ -75.054753248063719, 2.000152406008965 ], [ -75.054860016476425, 1.999543186369237 ], [ -75.055060675909317, 1.999302587144939 ], [ -75.05548236621803, 1.999104747086676 ] ] ], [ [ [ -75.2188972884789, 2.002159292617478 ], [ -75.219502803811167, 2.002266713937843 ], [ -75.219831809989898, 2.002597731900039 ], [ -75.219938578402491, 2.002892871409131 ], [ -75.219831809989898, 2.003502091048858 ], [ -75.219631150557007, 2.003742690273157 ], [ -75.219209459348917, 2.003940531230796 ], [ -75.218897287579523, 2.003940531230796 ], [ -75.218475596371491, 2.003742690273157 ], [ -75.218168168526006, 2.003206951539767 ], [ -75.218208720755683, 2.002740602696861 ], [ -75.218364806190664, 2.002468600945406 ], [ -75.2188972884789, 2.002159292617478 ] ] ], [ [ [ -75.07213859112295, 2.024208061153217 ], [ -75.072744115448359, 2.02431548247381 ], [ -75.073073125224425, 2.024646500435779 ], [ -75.073179895435658, 2.024941639045551 ], [ -75.073073126123688, 2.025550858685449 ], [ -75.072744115448359, 2.025881876647418 ], [ -75.072450766489453, 2.02598929886716 ], [ -75.071845242164045, 2.025881876647418 ], [ -75.071516231488715, 2.025550858685449 ], [ -75.071409462176746, 2.025255720075506 ], [ -75.071516232387978, 2.024646500435779 ], [ -75.071716894518886, 2.024405901211537 ], [ -75.07213859112295, 2.024208061153217 ] ] ], [ [ [ -75.26796819607523, 2.045623151187669 ], [ -75.268573727595253, 2.045730572508035 ], [ -75.268902742767239, 2.046061590470231 ], [ -75.269009513877791, 2.046356729079946 ], [ -75.269009514777053, 2.046670809210752 ], [ -75.268812871716477, 2.047095079674307 ], [ -75.268280375039126, 2.047404388002235 ], [ -75.267674842619726, 2.04729696668187 ], [ -75.267435699397879, 2.047095079674307 ], [ -75.267239056337189, 2.046670809210752 ], [ -75.267345828347118, 2.046061590470231 ], [ -75.267674843519046, 2.045730572508035 ], [ -75.26796819607523, 2.045623151187669 ] ] ], [ [ [ -75.088199951366505, 2.046574995439983 ], [ -75.088805482886528, 2.046682416760348 ], [ -75.089134498058456, 2.047013434722373 ], [ -75.089241270068328, 2.047308573332089 ], [ -75.089200716939331, 2.047774922175222 ], [ -75.089044627007752, 2.04804692392662 ], [ -75.088512130330344, 2.048356232254548 ], [ -75.087906597910944, 2.048248810934012 ], [ -75.087577582739016, 2.04791779207261 ], [ -75.087470811628521, 2.047622653462895 ], [ -75.087511364757518, 2.047156304619989 ], [ -75.087667454689097, 2.04688430376774 ], [ -75.088199951366505, 2.046574995439983 ] ] ], [ [ [ -75.057694393581244, 2.107821191095297 ], [ -75.058299949383013, 2.107928612415662 ], [ -75.058539102497377, 2.108130499423226 ], [ -75.058735752752568, 2.108554768987631 ], [ -75.058695198724308, 2.10902111693116 ], [ -75.058539102497377, 2.109293118682615 ], [ -75.058006586034992, 2.109602427010543 ], [ -75.057401029333846, 2.109495005690121 ], [ -75.057072001571441, 2.109163987728152 ], [ -75.056965225964234, 2.10886884911821 ], [ -75.057005781791247, 2.108402500275304 ], [ -75.057161877118801, 2.108130499423226 ], [ -75.057694393581244, 2.107821191095297 ] ] ], [ [ [ -75.075394781743626, 2.115886432612967 ], [ -75.075706975096693, 2.115886432612967 ], [ -75.076128695982334, 2.116084272671287 ], [ -75.076436146310925, 2.116620010505244 ], [ -75.076395591383232, 2.11708635844883 ], [ -75.076239495156358, 2.117358360200456 ], [ -75.075706975096693, 2.117667668528384 ], [ -75.075394781743626, 2.117667668528384 ], [ -75.074973060857872, 2.117469828470064 ], [ -75.07466561052928, 2.116934089736674 ], [ -75.074772387035864, 2.116324871895529 ], [ -75.074973060857872, 2.116084272671287 ], [ -75.075394781743626, 2.115886432612967 ] ] ], [ [ [ -75.068863099252496, 2.116614394239036 ], [ -75.069468658651545, 2.116721815559629 ], [ -75.069707812665229, 2.116923702566964 ], [ -75.069904464719059, 2.11734797213137 ], [ -75.069863909791479, 2.117814320074899 ], [ -75.069707812665229, 2.118086321826524 ], [ -75.069175292605451, 2.118395630154453 ], [ -75.068863099252496, 2.118395630154453 ], [ -75.068441378366742, 2.118197790096133 ], [ -75.068133928038151, 2.1176620513628 ], [ -75.068240704544735, 2.117052833521655 ], [ -75.068441378366742, 2.116812234297356 ], [ -75.068863099252496, 2.116614394239036 ] ] ], [ [ [ -75.058771991833737, 2.123891361097662 ], [ -75.059377553031482, 2.123998782418028 ], [ -75.059706584391222, 2.124329800380224 ], [ -75.059813360897692, 2.124624938989939 ], [ -75.059813361797069, 2.124939018221198 ], [ -75.059616708843862, 2.125363287785774 ], [ -75.059084186086181, 2.125672596113702 ], [ -75.058478623989174, 2.12556517479311 ], [ -75.058239469076057, 2.125363287785774 ], [ -75.058042816122907, 2.124939018221198 ], [ -75.058042816122907, 2.124624938989939 ], [ -75.058239469076057, 2.124200669425591 ], [ -75.058771991833737, 2.123891361097662 ] ] ], [ [ [ -75.056176190478652, 2.140198384647988 ], [ -75.056781758870898, 2.140305805968353 ], [ -75.05711079292854, 2.140636823031173 ], [ -75.057217571233764, 2.140931961640945 ], [ -75.057217571233764, 2.141246041771524 ], [ -75.057020916481918, 2.1416703113361 ], [ -75.056488388328262, 2.141979619663857 ], [ -75.055882819936016, 2.141872198343492 ], [ -75.055553784979054, 2.141541180381466 ], [ -75.055447007573207, 2.141246041771524 ], [ -75.055553785878317, 2.140636823031173 ], [ -75.055882819936016, 2.140305805968353 ], [ -75.056176190478652, 2.140198384647988 ] ] ], [ [ [ -75.032058543266942, 2.14836784500028 ], [ -75.03266411525658, 2.148475266320645 ], [ -75.032993151112805, 2.148806283383465 ], [ -75.033099929418029, 2.149101421993237 ], [ -75.033099930317405, 2.149415502123816 ], [ -75.032903274666182, 2.149839771688391 ], [ -75.032370743814568, 2.15014908001632 ], [ -75.032058543266942, 2.15014908001632 ], [ -75.031636813388047, 2.149951239958 ], [ -75.031329356764218, 2.149415502123816 ], [ -75.031436135968704, 2.148806283383465 ], [ -75.031765171825043, 2.148475266320645 ], [ -75.032058543266942, 2.14836784500028 ] ] ], [ [ [ -75.062979526683591, 2.170627438905285 ], [ -75.063443090326189, 2.17066823844857 ], [ -75.063713467002742, 2.170825278064399 ], [ -75.064020928123171, 2.171361015898412 ], [ -75.063980372296214, 2.171827363841942 ], [ -75.063824269774102, 2.172099364694191 ], [ -75.063291730828553, 2.172408673022119 ], [ -75.062979526683591, 2.172408673022119 ], [ -75.062557790509459, 2.172210832963856 ], [ -75.062250329388974, 2.171675095129672 ], [ -75.062290886115306, 2.171208747186085 ], [ -75.062446988637419, 2.170936746334007 ], [ -75.062979526683591, 2.170627438905285 ] ] ], [ [ [ -75.080707401725078, 2.173492257162025 ], [ -75.081170965367562, 2.173533056705367 ], [ -75.081441342943435, 2.173690096321138 ], [ -75.08174880496324, 2.174225834155152 ], [ -75.081642024859434, 2.174835051996297 ], [ -75.081441342943435, 2.175075651220595 ], [ -75.081019605869926, 2.175273491278688 ], [ -75.080707400825702, 2.175273491278688 ], [ -75.080285664651569, 2.175075651220595 ], [ -75.079978202631821, 2.174539913386582 ], [ -75.08001875935804, 2.174073565442825 ], [ -75.080174861880153, 2.173801564590804 ], [ -75.080707401725078, 2.173492257162025 ] ] ], [ [ [ -75.250184336437769, 2.193065016737251 ], [ -75.250496545079272, 2.193065016737251 ], [ -75.25091828664938, 2.19326285679557 ], [ -75.251225753165841, 2.193798593730378 ], [ -75.251185196439508, 2.194264941673907 ], [ -75.251029092118756, 2.194536942525986 ], [ -75.250496545079272, 2.194846250853914 ], [ -75.249890955103353, 2.194738829533549 ], [ -75.249561909354497, 2.194407811571523 ], [ -75.249455128351315, 2.194112673861014 ], [ -75.24956191025376, 2.193503456019869 ], [ -75.249762593968399, 2.19326285679557 ], [ -75.250184336437769, 2.193065016737251 ] ] ], [ [ [ -75.004953494807808, 2.20907488539774 ], [ -75.005559090179702, 2.209182306718333 ], [ -75.005888139525894, 2.209513323781152 ], [ -75.005994922327602, 2.209808462390868 ], [ -75.005888140425157, 2.210417680232013 ], [ -75.005687454012616, 2.210658279456311 ], [ -75.005265707046533, 2.210856119514574 ], [ -75.004953494807808, 2.210856119514574 ], [ -75.004531747841668, 2.210658279456311 ], [ -75.004224278627419, 2.210122541622297 ], [ -75.004331062328504, 2.209513323781152 ], [ -75.004660111674582, 2.209182306718333 ], [ -75.004953494807808, 2.20907488539774 ] ] ], [ [ [ -75.2717603484611, 2.21687483770387 ], [ -75.272365946531011, 2.216982259024235 ], [ -75.272694997675842, 2.217313276087054 ], [ -75.272801781376927, 2.21760841469677 ], [ -75.272694998575105, 2.218217632537915 ], [ -75.272365947430387, 2.218548649600734 ], [ -75.272072561599202, 2.218656070921099 ], [ -75.271466962630086, 2.218548649600734 ], [ -75.271137911485198, 2.218217632537915 ], [ -75.271031128683489, 2.217922493928199 ], [ -75.271137912384575, 2.217313276087054 ], [ -75.271466963529406, 2.216982259024235 ], [ -75.2717603484611, 2.21687483770387 ] ] ], [ [ [ -75.186964871731277, 2.226700896029797 ], [ -75.187570474297786, 2.226808317350162 ], [ -75.187809646297922, 2.227010203458349 ], [ -75.188006311841605, 2.227434473022697 ], [ -75.188006312740981, 2.227748552254127 ], [ -75.187809646297922, 2.228172820919156 ], [ -75.187277087567395, 2.228482129247084 ], [ -75.186671485000886, 2.228374707926662 ], [ -75.186432313000637, 2.228172820919156 ], [ -75.186235647456954, 2.227748552254127 ], [ -75.186235647456954, 2.227434473022697 ], [ -75.186432313900013, 2.227010203458349 ], [ -75.186964871731277, 2.226700896029797 ] ] ], [ [ [ -75.206856835774147, 2.232341379151592 ], [ -75.207462441038672, 2.232448800471957 ], [ -75.207791495780725, 2.232779817534777 ], [ -75.20789828038113, 2.233074956144549 ], [ -75.20789828038113, 2.233389035375922 ], [ -75.207701613938184, 2.23381330404095 ], [ -75.207169053408904, 2.234122612368878 ], [ -75.206563447245117, 2.234015191048513 ], [ -75.206234392503006, 2.233684173086317 ], [ -75.206127608801921, 2.233389035375922 ], [ -75.206127608801921, 2.233074956144549 ], [ -75.206324275244981, 2.232650686580143 ], [ -75.206856835774147, 2.232341379151592 ] ] ], [ [ [ -75.274433958260431, 2.236702092827613 ], [ -75.275039565323539, 2.236809514147978 ], [ -75.275368620964912, 2.237140531210628 ], [ -75.275475405565373, 2.237435668921194 ], [ -75.275434847939664, 2.237902016864723 ], [ -75.275278739122314, 2.238174017716972 ], [ -75.274746176794395, 2.2384833260449 ], [ -75.274433958260431, 2.2384833260449 ], [ -75.274012203200414, 2.23828548598658 ], [ -75.273704728590189, 2.237749749051773 ], [ -75.273811514089914, 2.237140531210628 ], [ -75.274140569731344, 2.236809514147978 ], [ -75.274433958260431, 2.236702092827613 ] ] ], [ [ [ -75.287596928555274, 2.259254239791574 ], [ -75.288202544611579, 2.259361661111939 ], [ -75.288531605648927, 2.259692678174758 ], [ -75.288638392048028, 2.259987815885097 ], [ -75.288597833523056, 2.260454163828854 ], [ -75.28844172200769, 2.260726164680932 ], [ -75.28790915158595, 2.261035472109484 ], [ -75.287303534630269, 2.260928050789119 ], [ -75.287064358133421, 2.260726164680932 ], [ -75.286867688093196, 2.260301895116527 ], [ -75.286974474492183, 2.259692678174758 ], [ -75.287303535529531, 2.259361661111939 ], [ -75.287596928555274, 2.259254239791574 ] ] ], [ [ [ -75.311691241957021, 2.272793695972496 ], [ -75.312154837075923, 2.272834495515781 ], [ -75.312425232638248, 2.272991535131382 ], [ -75.312732715342406, 2.27352727206619 ], [ -75.312732715342406, 2.273841351297449 ], [ -75.312536043503428, 2.274265619962648 ], [ -75.312003467685656, 2.2745749273912 ], [ -75.311539872566925, 2.274534127847915 ], [ -75.311269477004544, 2.274377088232256 ], [ -75.310961994300442, 2.273841351297449 ], [ -75.310961995199762, 2.27352727206619 ], [ -75.311158667038626, 2.273103003401047 ], [ -75.311691241957021, 2.272793695972496 ] ] ], [ [ [ -75.230798456883065, 2.274543814445735 ], [ -75.23126205200191, 2.27458461398902 ], [ -75.231532447564177, 2.274741653604679 ], [ -75.231839931167656, 2.275277390539316 ], [ -75.231733143869292, 2.275886607481084 ], [ -75.231532448463554, 2.276127206705326 ], [ -75.2311106826117, 2.276325045864439 ], [ -75.230647086593535, 2.276284246321154 ], [ -75.230376691031324, 2.276127206705326 ], [ -75.230069208327109, 2.275591469770688 ], [ -75.230069208327109, 2.275277390539316 ], [ -75.230265881065407, 2.274853121874287 ], [ -75.230798456883065, 2.274543814445735 ] ] ], [ [ [ -75.163767498970742, 2.282107784646655 ], [ -75.164231096787546, 2.282148584189997 ], [ -75.16450149414851, 2.282305623805769 ], [ -75.164808978651251, 2.282841360740406 ], [ -75.164808978651251, 2.283155439971836 ], [ -75.16461230591301, 2.283579708636807 ], [ -75.164079726498016, 2.283889016065416 ], [ -75.163474100549138, 2.283781594744994 ], [ -75.163234920455011, 2.283579708636807 ], [ -75.16303824681745, 2.283155439971836 ], [ -75.163145035015134, 2.282546222130691 ], [ -75.163345731320305, 2.282305623805769 ], [ -75.163767498970742, 2.282107784646655 ] ] ], [ [ [ -75.247286044515135, 2.292877017760304 ], [ -75.247749645929275, 2.292917817303589 ], [ -75.248020045088879, 2.293074856919247 ], [ -75.248327532289636, 2.293610592954678 ], [ -75.248327532289636, 2.293924672186108 ], [ -75.248130857752756, 2.29434894085108 ], [ -75.247598274740369, 2.294658249179008 ], [ -75.247286044515135, 2.294658249179008 ], [ -75.24686427326742, 2.294460409120745 ], [ -75.246556786965925, 2.293924672186108 ], [ -75.246663576062986, 2.293315455244283 ], [ -75.24686427416674, 2.293074856919247 ], [ -75.247286044515135, 2.292877017760304 ] ] ], [ [ [ -75.241124263074141, 2.299906117073931 ], [ -75.241587867186126, 2.299946916617046 ], [ -75.241858267245107, 2.300103956232874 ], [ -75.242165756244503, 2.300639692268135 ], [ -75.242165756244503, 2.300953771499564 ], [ -75.241969080808303, 2.301378040164707 ], [ -75.241436495098014, 2.301687347593258 ], [ -75.240972890985972, 2.301646548049973 ], [ -75.240702490027729, 2.301489508434202 ], [ -75.240395001927652, 2.300953771499564 ], [ -75.240501791923975, 2.300344554557739 ], [ -75.240702490926992, 2.300103956232874 ], [ -75.241124263074141, 2.299906117073931 ] ] ], [ [ [ -75.165295278953749, 2.304478838727505 ], [ -75.165900914795145, 2.304586260048097 ], [ -75.166229984825748, 2.30491727621154 ], [ -75.166336774822071, 2.305212413921879 ], [ -75.166336775721447, 2.305526493153309 ], [ -75.166140099385871, 2.305950761818337 ], [ -75.165607511876942, 2.30626006924706 ], [ -75.165143905966318, 2.306219269703774 ], [ -75.164873505008075, 2.306062230088116 ], [ -75.164566016008621, 2.305526493153309 ], [ -75.164672806005058, 2.30491727621154 ], [ -75.164873505008075, 2.304676677886619 ], [ -75.165295278953749, 2.304478838727505 ] ] ], [ [ [ -75.179561545628701, 2.31286932455987 ], [ -75.180167184167999, 2.312976744981029 ], [ -75.180406369658101, 2.313178631089045 ], [ -75.18060304779226, 2.313602899754244 ], [ -75.18060304779226, 2.313916978985674 ], [ -75.180406370557364, 2.314341247650646 ], [ -75.179873780350533, 2.314650555079197 ], [ -75.179268140911745, 2.314543133758832 ], [ -75.179028955421757, 2.314341247650646 ], [ -75.178832278186917, 2.313916978985674 ], [ -75.178872838510529, 2.313450631941294 ], [ -75.179028956321133, 2.313178631089045 ], [ -75.179561545628701, 2.31286932455987 ] ] ], [ [ [ -75.292269632337536, 2.32942861963528 ], [ -75.292875278071392, 2.329536040955645 ], [ -75.293114466259397, 2.329737927063832 ], [ -75.293311146192252, 2.330162195729031 ], [ -75.29320435439729, 2.330771412670799 ], [ -75.29300365179688, 2.331012010995721 ], [ -75.292581870656647, 2.331209850154664 ], [ -75.292118256652032, 2.331169050611322 ], [ -75.291847850297927, 2.331012010995721 ], [ -75.291540355902498, 2.33047627496029 ], [ -75.291540355902498, 2.330162195729031 ], [ -75.291737035835354, 2.329737927063832 ], [ -75.292269632337536, 2.32942861963528 ] ] ], [ [ [ -74.999747953505107, 2.33440598225053 ], [ -75.000353601037659, 2.334513403570895 ], [ -75.000682679162139, 2.334844420633715 ], [ -75.000789470957102, 2.335139558344054 ], [ -75.000682680061459, 2.335748774386673 ], [ -75.000481976561844, 2.335989373610914 ], [ -75.000060192723481, 2.336187212769858 ], [ -74.999596577819602, 2.336146413226572 ], [ -74.999326170566121, 2.335989373610914 ], [ -74.99901867437211, 2.335453636676107 ], [ -74.999125467066449, 2.334844420633715 ], [ -74.999454545190929, 2.334513403570895 ], [ -74.999747953505107, 2.33440598225053 ] ] ], [ [ [ -75.251126949149238, 2.344012604198554 ], [ -75.251732601178446, 2.344120025518976 ], [ -75.252061681101509, 2.344451042581795 ], [ -75.252168473795905, 2.344746179392757 ], [ -75.252127912572917, 2.345212526437138 ], [ -75.25197179206441, 2.345484527289386 ], [ -75.251439190166366, 2.345793834717938 ], [ -75.250833538137101, 2.345686413397402 ], [ -75.250594347251194, 2.345484527289386 ], [ -75.250397665519642, 2.345060258624187 ], [ -75.250438226742631, 2.344593911580034 ], [ -75.250594347251194, 2.344321911627162 ], [ -75.251126949149238, 2.344012604198554 ] ] ], [ [ [ -75.326496983149127, 2.35594656188448 ], [ -75.327102640574196, 2.355839140564115 ], [ -75.32752442980842, 2.356036979723001 ], [ -75.32783193049903, 2.356572715758432 ], [ -75.327725136905315, 2.357181932700257 ], [ -75.327524430707683, 2.357422531025122 ], [ -75.327102640574196, 2.357620371083442 ], [ -75.326790396859167, 2.357620371083442 ], [ -75.32636860672568, 2.357422531025122 ], [ -75.326061106934333, 2.356886794989691 ], [ -75.326167900528048, 2.356277578047923 ], [ -75.326496983149127, 2.35594656188448 ] ] ], [ [ [ -75.303367176453833, 2.357605727422595 ], [ -75.303679421068239, 2.357605727422595 ], [ -75.304101210302463, 2.357803566581481 ], [ -75.304408710993073, 2.358339302616969 ], [ -75.304301917399357, 2.358948519558737 ], [ -75.304101211201726, 2.359189117883659 ], [ -75.303679421068239, 2.359386957042545 ], [ -75.303215798070482, 2.359346157499431 ], [ -75.302945386320346, 2.359189117883659 ], [ -75.302637885629736, 2.358653381848171 ], [ -75.302744680122714, 2.358044164906573 ], [ -75.302945386320346, 2.357803566581481 ], [ -75.303367176453833, 2.357605727422595 ] ] ], [ [ [ -75.036391645957565, 2.401030891762389 ], [ -75.036997323167725, 2.401138313082924 ], [ -75.037326416580697, 2.401469329246368 ], [ -75.037433213771635, 2.401764466057557 ], [ -75.037326416580697, 2.402373682999325 ], [ -75.037125704087771, 2.402614281324247 ], [ -75.036703900464431, 2.402812120483134 ], [ -75.036391645957565, 2.402812120483134 ], [ -75.035969842334168, 2.402614281324247 ], [ -75.035662332650304, 2.402078545288816 ], [ -75.035662332650304, 2.401764466057557 ], [ -75.035859022475734, 2.401340198291734 ], [ -75.036391645957565, 2.401030891762389 ] ] ], [ [ [ -75.15286626156859, 2.410429763123204 ], [ -75.153329901653422, 2.41047056266649 ], [ -75.153600323296075, 2.410627602282318 ], [ -75.153907835677899, 2.411163337418202 ], [ -75.153867272656328, 2.411629684462582 ], [ -75.153711144953206, 2.411901684415454 ], [ -75.153178517874153, 2.412210991844006 ], [ -75.15257283616728, 2.412103570523641 ], [ -75.15233363359016, 2.411901684415454 ], [ -75.152136942865411, 2.411477416649632 ], [ -75.152177505887039, 2.411011069605479 ], [ -75.15233363448948, 2.410739069652607 ], [ -75.15286626156859, 2.410429763123204 ] ] ], [ [ [ -75.149653988440662, 2.415307658022243 ], [ -75.150117630324246, 2.415348457565528 ], [ -75.150388052866163, 2.415505497181186 ], [ -75.150695567046625, 2.416041232317241 ], [ -75.150655004025054, 2.416507578462245 ], [ -75.150498875422556, 2.416779579314266 ], [ -75.149966245645544, 2.417088885843668 ], [ -75.149502603762016, 2.417048086300383 ], [ -75.149232180320666, 2.416891046684725 ], [ -75.148924667039523, 2.416355310649294 ], [ -75.148924667039523, 2.416041232317241 ], [ -75.149121359562969, 2.415616964551418 ], [ -75.149653988440662, 2.415307658022243 ] ] ], [ [ [ -75.244586735689154, 2.417744668781665 ], [ -75.245050378472001, 2.417785468324951 ], [ -75.245320801013975, 2.417942507940552 ], [ -75.245628315194381, 2.418478243076663 ], [ -75.245628316093757, 2.418792321408716 ], [ -75.245431623570425, 2.419216590073688 ], [ -75.244898993793356, 2.419525896603091 ], [ -75.244435350111132, 2.419485097059749 ], [ -75.244164926669896, 2.419328057444147 ], [ -75.243857412489376, 2.418792321408716 ], [ -75.243897976410324, 2.418325975263713 ], [ -75.244054105912085, 2.418053975311011 ], [ -75.244586735689154, 2.417744668781665 ] ] ], [ [ [ -74.99720662948215, 2.434922619183681 ], [ -74.99767027766103, 2.434963418726966 ], [ -74.997940704699545, 2.435120458342624 ], [ -74.998248222477287, 2.435656193478678 ], [ -74.998207658556453, 2.436122539623682 ], [ -74.998051528155315, 2.436394539576554 ], [ -74.997518891183688, 2.436703847005106 ], [ -74.996913198684979, 2.436596425684741 ], [ -74.996584097178129, 2.436265409521297 ], [ -74.996477297289289, 2.435970271810731 ], [ -74.996584097178129, 2.43536105576834 ], [ -74.996784815966294, 2.435120458342624 ], [ -74.99720662948215, 2.434922619183681 ] ] ], [ [ [ -75.248996759192949, 2.435919324317581 ], [ -75.249602451691601, 2.43602674473857 ], [ -75.249931553198451, 2.43635776090224 ], [ -75.250038353087291, 2.436652898612579 ], [ -75.249931554097714, 2.43726211465497 ], [ -75.249602451691601, 2.43759313081847 ], [ -75.249309021793749, 2.437700552139006 ], [ -75.24870332839572, 2.43759313081847 ], [ -75.24837422688887, 2.43726211465497 ], [ -75.24826742700003, 2.436966976944632 ], [ -75.24826742700003, 2.436652898612579 ], [ -75.248464122221264, 2.436228630846756 ], [ -75.248996759192949, 2.435919324317581 ] ] ], [ [ [ -75.178146760964069, 2.443218354243811 ], [ -75.178752456160737, 2.443325774665027 ], [ -75.178991664133832, 2.443527660773213 ], [ -75.179188360254443, 2.443951928538809 ], [ -75.179147796333609, 2.444418274683812 ], [ -75.178991665033095, 2.444690274636685 ], [ -75.178459024464189, 2.44499958116586 ], [ -75.177853328368258, 2.444892160744871 ], [ -75.177614120395106, 2.444690274636685 ], [ -75.177417424274552, 2.444266006870862 ], [ -75.177524225062768, 2.44365679082847 ], [ -75.177853329267521, 2.443325774665027 ], [ -75.178146760964069, 2.443218354243811 ] ] ], [ [ [ -75.248877509089596, 2.447311409893814 ], [ -75.24948320608496, 2.447418830314973 ], [ -75.249812311189032, 2.447749846478416 ], [ -75.249919111977249, 2.448044984188812 ], [ -75.249878548056415, 2.448511330333758 ], [ -75.249722415856638, 2.448783330286631 ], [ -75.249189773489093, 2.449092636816033 ], [ -75.248726119914352, 2.449051837272748 ], [ -75.24845569107714, 2.44889479765709 ], [ -75.248148170601382, 2.448359062520865 ], [ -75.248254971389599, 2.447749846478416 ], [ -75.248584076493728, 2.447418830314973 ], [ -75.248877509089596, 2.447311409893814 ] ] ], [ [ [ -75.154412904831474, 2.459922553483295 ], [ -75.155018608122134, 2.460029973904284 ], [ -75.155347715924222, 2.460360990067784 ], [ -75.155454517611702, 2.460656126878916 ], [ -75.155454517611702, 2.46097020521097 ], [ -75.155257819692395, 2.461394472976792 ], [ -75.154725172828307, 2.461703780405344 ], [ -75.154119468638442, 2.461596359084979 ], [ -75.153880257967387, 2.461394472976792 ], [ -75.15368356004808, 2.46097020521097 ], [ -75.153790361735673, 2.460360990067784 ], [ -75.154119469537761, 2.460029973904284 ], [ -75.154412904831474, 2.459922553483295 ] ] ], [ [ [ -75.061375978818205, 2.468131693722853 ], [ -75.06198168570603, 2.468239114144069 ], [ -75.062220898175781, 2.468441000252255 ], [ -75.062417597893614, 2.468865267118531 ], [ -75.062310795306757, 2.469474483161093 ], [ -75.06198168570603, 2.469805499324536 ], [ -75.061688248613621, 2.469912920644902 ], [ -75.061082540826419, 2.469805499324536 ], [ -75.060753431225692, 2.469474483161093 ], [ -75.060646628638835, 2.469179345450584 ], [ -75.060687194358309, 2.468712999305751 ], [ -75.060843329256045, 2.468441000252255 ], [ -75.061375978818205, 2.468131693722853 ] ] ], [ [ [ -75.163097935720998, 2.472771643296937 ], [ -75.163561597389673, 2.472812442840052 ], [ -75.163832031622746, 2.472969481556504 ], [ -75.164139558393742, 2.473505216692558 ], [ -75.164098993573532, 2.473971562837562 ], [ -75.163942858675853, 2.474243562790434 ], [ -75.163410206415733, 2.474552869319609 ], [ -75.162804496829835, 2.474445448898621 ], [ -75.162475386329845, 2.474114432735178 ], [ -75.162368583742989, 2.473819295024612 ], [ -75.162368583742989, 2.473505216692558 ], [ -75.162565284360255, 2.473080949826112 ], [ -75.163097935720998, 2.472771643296937 ] ] ], [ [ [ -75.12324196384543, 2.483360243980314 ], [ -75.123554236338805, 2.483360243980314 ], [ -75.123976065143154, 2.483558083139258 ], [ -75.124283594612052, 2.484093818275312 ], [ -75.124283594612052, 2.484407896607365 ], [ -75.124086893095466, 2.484832164373188 ], [ -75.123554237238068, 2.485141470902363 ], [ -75.123090571072794, 2.485100671359078 ], [ -75.122820134141648, 2.48494363174342 ], [ -75.122512605572126, 2.484407896607365 ], [ -75.122512605572126, 2.484093818275312 ], [ -75.122709307987975, 2.483669550509489 ], [ -75.12324196384543, 2.483360243980314 ] ] ], [ [ [ -75.178131216182521, 2.507992820512413 ], [ -75.178736941056798, 2.507885399192048 ], [ -75.179158777955081, 2.508083238350991 ], [ -75.179466312819955, 2.508618972587669 ], [ -75.179359507535082, 2.509228188630289 ], [ -75.179158778854401, 2.509468786055834 ], [ -75.178736941956174, 2.50966662521472 ], [ -75.178273266797646, 2.509625825671606 ], [ -75.178002825369958, 2.509468786055834 ], [ -75.177695291404405, 2.508933050919723 ], [ -75.177802096689277, 2.508323835776537 ], [ -75.178131216182521, 2.507992820512413 ] ] ], [ [ [ -75.226650076739418, 2.510868916267611 ], [ -75.226962356427464, 2.510868916267611 ], [ -75.22738419332569, 2.511066755426668 ], [ -75.227691729089827, 2.511602489663403 ], [ -75.227651163370354, 2.512068835808407 ], [ -75.227495023976019, 2.512340835761051 ], [ -75.226962356427464, 2.512650142290454 ], [ -75.226498681268936, 2.512609342747169 ], [ -75.226228238941928, 2.512452303131511 ], [ -75.225920703177678, 2.511916567995456 ], [ -75.226027509361927, 2.511307352852214 ], [ -75.226228238941928, 2.511066755426668 ], [ -75.226650076739418, 2.510868916267611 ] ] ], [ [ [ -75.179420476173902, 2.529030836504148 ], [ -75.179732759459114, 2.529030836504148 ], [ -75.180154602652635, 2.529228675663035 ], [ -75.18046214291337, 2.529764409899769 ], [ -75.180355335829915, 2.530373625042955 ], [ -75.180026210940696, 2.530704641206455 ], [ -75.179732759459114, 2.530812061627614 ], [ -75.179127024692207, 2.530704641206455 ], [ -75.178797899803101, 2.530373625042955 ], [ -75.178691092719589, 2.530078488231823 ], [ -75.178797899803101, 2.52946927308875 ], [ -75.178998632081004, 2.529228675663035 ], [ -75.179420476173902, 2.529030836504148 ] ] ], [ [ [ -75.052489454824354, 2.560229682554052 ], [ -75.053095203980263, 2.560337103874417 ], [ -75.053334433537145, 2.560538989083227 ], [ -75.053531146744831, 2.560963255949673 ], [ -75.053490579226661, 2.5614296011953 ], [ -75.053334433537145, 2.561701600248796 ], [ -75.052801746203443, 2.562010906778141 ], [ -75.052195996148157, 2.561903486356982 ], [ -75.05186686406438, 2.561572470193539 ], [ -75.051760054282909, 2.56127733338252 ], [ -75.051800621801021, 2.560810988136723 ], [ -75.051956767490651, 2.560538989083227 ], [ -75.052489454824354, 2.560229682554052 ] ] ], [ [ [ -75.030017194637651, 2.580270406154511 ], [ -75.030480894077812, 2.580311205697797 ], [ -75.030751350794048, 2.580468244414192 ], [ -75.03105890274594, 2.581003978650926 ], [ -75.03105890274594, 2.58131805698298 ], [ -75.030862186840238, 2.581742323849426 ], [ -75.030329490513452, 2.582051630378601 ], [ -75.030017194637651, 2.582051630378601 ], [ -75.029595333457678, 2.581853791219658 ], [ -75.029287782405049, 2.58131805698298 ], [ -75.02939459398516, 2.580708841839737 ], [ -75.029595334357055, 2.580468244414192 ], [ -75.030017194637651, 2.580270406154511 ] ] ], [ [ [ -75.052303740325215, 2.620584594303864 ], [ -75.052909518259526, 2.620692014724852 ], [ -75.053148758608188, 2.620893899933833 ], [ -75.053345481708391, 2.621318165900902 ], [ -75.053238666531001, 2.621927380144768 ], [ -75.053037920763245, 2.622167977570314 ], [ -75.052616046093476, 2.6223658167292 ], [ -75.052152331364823, 2.622325017185915 ], [ -75.051881865655446, 2.622167977570314 ], [ -75.051574304710186, 2.621632244232956 ], [ -75.051574304710186, 2.621318165900902 ], [ -75.05177102781056, 2.620893899933833 ], [ -75.052303740325215, 2.620584594303864 ] ] ], [ [ [ -75.090652320747836, 2.620770301608331 ], [ -75.091258098682147, 2.620877722029491 ], [ -75.091497339030752, 2.6210796072383 ], [ -75.091694062131126, 2.62150387320537 ], [ -75.091587247852999, 2.622113087449236 ], [ -75.091258099581466, 2.622444102713303 ], [ -75.090964627415474, 2.622551524033895 ], [ -75.090358848581843, 2.622444102713303 ], [ -75.090119608233124, 2.622242217504493 ], [ -75.089922885132808, 2.621817951537423 ], [ -75.089922885132808, 2.62150387320537 ], [ -75.090119608233124, 2.6210796072383 ], [ -75.090652320747836, 2.620770301608331 ] ] ] ] } },
{ "type": "Feature", "properties": { "Id": 0, "UGOT": null, "Aptitud": "retiro obligatorio o de reserva o de exclusión pa", "area_ha": 2128.4991732100002, "CRS_ORIGINAL": "EPSG:4326", "FUENTE_PBOT": "PBOT 2015 — Cartografía de formulación", "CAPA_SIGOber": "PBOT2015_ZONIFICACION_USO_SUELO_RURAL" }, "geometry": { "type": "MultiPolygon", "coordinates": [ [ [ [ -75.16645004399993, 1.910380198000098 ], [ -75.166474975999961, 1.91012706000015 ], [ -75.166695624999988, 1.910007179000047 ], [ -75.179984446999981, 1.909825992000094 ], [ -75.182311267999921, 1.909928464000018 ], [ -75.194919134999964, 1.908716490000131 ], [ -75.201563109999881, 1.90741264900015 ], [ -75.209098731999973, 1.906667772000048 ], [ -75.21060179299991, 1.906078494000155 ], [ -75.21176369899996, 1.90220294900007 ], [ -75.213619423999887, 1.897899376000055 ], [ -75.215932812999938, 1.893981513000142 ], [ -75.219941254999924, 1.887650090000022 ], [ -75.219677713999886, 1.885365052000168 ], [ -75.218566215891826, 1.882587833433774 ], [ -75.205458987999918, 1.881594350000114 ], [ -75.19808145099995, 1.883415031000027 ], [ -75.196611827999902, 1.88349465500005 ], [ -75.195063492999964, 1.88333876400003 ], [ -75.194064263999906, 1.883039366000105 ], [ -75.18757741416573, 1.880106797191502 ], [ -75.160962931999961, 1.907396001 ], [ -75.160686650999935, 1.907543676000046 ], [ -75.160374888999968, 1.907512970000028 ], [ -75.160132726999905, 1.907314233000022 ], [ -75.160041788999877, 1.907014451000066 ], [ -75.160195085999931, 1.906637707000186 ], [ -75.186834092999959, 1.879323297000042 ], [ -75.195415456606327, 1.866527561079806 ], [ -75.193959937999978, 1.865819303000023 ], [ -75.192375769999899, 1.865318576000107 ], [ -75.189221235999923, 1.865032650000046 ], [ -75.187922297999933, 1.864731513000095 ], [ -75.186636846999988, 1.86427777900002 ], [ -75.184960113999978, 1.863425840000161 ], [ -75.183034613999894, 1.86282158299997 ], [ -75.182340720999946, 1.862366422000093 ], [ -75.180715661999898, 1.86062658700007 ], [ -75.180704460999948, 1.860284455000055 ], [ -75.18095372199997, 1.860181208000085 ], [ -75.181259563999959, 1.860375401000113 ], [ -75.182606533999945, 1.861872896000079 ], [ -75.183123615999989, 1.862265161000153 ], [ -75.185166031999984, 1.862926964999986 ], [ -75.187067381999896, 1.863872607000076 ], [ -75.189144018999968, 1.864474080000036 ], [ -75.192507061999947, 1.864795186000151 ], [ -75.194161053999949, 1.8653185820001 ], [ -75.195716642919535, 1.8660784598992 ], [ -75.211796824999908, 1.842101204000016 ], [ -75.217757660529912, 1.828659587905349 ], [ -75.212587249999956, 1.827798491000124 ], [ -75.211675400999923, 1.828074377 ], [ -75.208648756999935, 1.829835240000136 ], [ -75.207892667999943, 1.829921884000044 ], [ -75.206439418999935, 1.82972510899998 ], [ -75.202989668999976, 1.828264990999969 ], [ -75.199834151999937, 1.827541300000064 ], [ -75.197061256999973, 1.827241362000109 ], [ -75.195155433999957, 1.827507086000082 ], [ -75.193062159999954, 1.828210087000059 ], [ -75.191108898999971, 1.828521955000099 ], [ -75.184817217999978, 1.828416511000114 ], [ -75.181981370999893, 1.827500698000051 ], [ -75.174558194999975, 1.823973840000122 ], [ -75.171620675999918, 1.821941595000112 ], [ -75.170505942999966, 1.820820424000146 ], [ -75.170057006999969, 1.819757743000082 ], [ -75.169205392999913, 1.818730408000079 ], [ -75.168795461999935, 1.818022488000111 ], [ -75.16873683599988, 1.817451441 ], [ -75.168268681999962, 1.816510722999965 ], [ -75.167571680999913, 1.815992995000158 ], [ -75.166677853999943, 1.815815001000146 ], [ -75.164806959999964, 1.814788194000187 ], [ -75.163874074999967, 1.814000673000123 ], [ -75.161985094999977, 1.812745393 ], [ -75.16032722999995, 1.81225828700002 ], [ -75.159150413999896, 1.811649940000052 ], [ -75.158073108999986, 1.810680275000038 ], [ -75.157173321999949, 1.810409244000084 ], [ -75.15602692899995, 1.810798042000101 ], [ -75.155248694999955, 1.810900479000111 ], [ -75.154418862999933, 1.81051648100015 ], [ -75.1537143299999, 1.809886563000077 ], [ -75.149660721999965, 1.803667442000062 ], [ -75.149308145999953, 1.803347107000093 ], [ -75.147949990999905, 1.802627738000183 ], [ -75.147234, 1.801760931000103 ], [ -75.145682534999878, 1.79890903900008 ], [ -75.145027370999969, 1.796908553000094 ], [ -75.142600276999929, 1.795514147000176 ], [ -75.14214504399996, 1.795132218000106 ], [ -75.141918563999923, 1.7946277100001 ], [ -75.141847513999949, 1.792369060000112 ], [ -75.141560993999917, 1.790953353000134 ], [ -75.14046813899995, 1.788598624999963 ], [ -75.138998434999905, 1.786999405000188 ], [ -75.13678022199997, 1.78546976399997 ], [ -75.13651927799998, 1.785168318000103 ], [ -75.135089053999934, 1.781870152000067 ], [ -75.135056044999942, 1.779472954000141 ], [ -75.134212616999889, 1.776803554000082 ], [ -75.134196603999897, 1.775964414999976 ], [ -75.134398014999931, 1.775386967000031 ], [ -75.135017880999897, 1.774405170000023 ], [ -75.135229983999977, 1.773412432000157 ], [ -75.135104431999878, 1.773151209000105 ], [ -75.133666344999881, 1.772379749000038 ], [ -75.13332990899994, 1.771954029000028 ], [ -75.133032699999944, 1.771039236000092 ], [ -75.133281333999946, 1.767900078000025 ], [ -75.133506401999966, 1.767150261000097 ], [ -75.133449841999948, 1.766574736000166 ], [ -75.13316043899988, 1.76603156300007 ], [ -75.132333876999951, 1.765525515000149 ], [ -75.130911945999912, 1.765039861999981 ], [ -75.130477478999921, 1.764695822000135 ], [ -75.129826411999886, 1.763723745999982 ], [ -75.129177256999981, 1.763192531000186 ], [ -75.128168665999965, 1.763012232000108 ], [ -75.127309060999949, 1.762697935000119 ], [ -75.126351565999983, 1.762640262000048 ], [ -75.125985675999971, 1.762426721000054 ], [ -75.125559598999985, 1.761927139000136 ], [ -75.125601126999982, 1.760535615000094 ], [ -75.126625471999887, 1.758474584000169 ], [ -75.126955817999942, 1.757493661000126 ], [ -75.128563978999978, 1.754920864000098 ], [ -75.128496159999941, 1.754415193000114 ], [ -75.127737647999879, 1.753398656000115 ], [ -75.127587841999912, 1.752892091000035 ], [ -75.127676153999971, 1.752472769000178 ], [ -75.12842005899995, 1.750902615000086 ], [ -75.127932845999965, 1.749216310000122 ], [ -75.127885345999971, 1.74868197800015 ], [ -75.128019490999918, 1.747931713000128 ], [ -75.128607958999964, 1.747031097000047 ], [ -75.130262823999942, 1.745356138000091 ], [ -75.130690237999943, 1.745175472000085 ], [ -75.132548592999967, 1.745093868000083 ], [ -75.132965793999915, 1.744736453000087 ], [ -75.132987347999915, 1.744152664000183 ], [ -75.132719393999878, 1.743108278000079 ], [ -75.132668296999896, 1.74232156700009 ], [ -75.132700271999909, 1.741816010000093 ], [ -75.132969669999966, 1.741048248000027 ], [ -75.132988393999938, 1.74032676600018 ], [ -75.132499412999891, 1.739266253000096 ], [ -75.132216165999978, 1.737542475999987 ], [ -75.131556131999901, 1.735701529000039 ], [ -75.130270072999906, 1.735261949000062 ], [ -75.129136690999928, 1.734255226000187 ], [ -75.125852868999914, 1.733052623000049 ], [ -75.125067869999896, 1.732536068 ], [ -75.124679218999972, 1.731835308000143 ], [ -75.124516595999921, 1.731053493 ], [ -75.124291041999925, 1.73075214500011 ], [ -75.122899630999882, 1.729806552000127 ], [ -75.120055387999912, 1.728384074000019 ], [ -75.119697482999982, 1.728021696999974 ], [ -75.118879241108573, 1.72650235795129 ], [ -75.116104073999963, 1.728192028000137 ], [ -75.115653486999975, 1.729509133000136 ], [ -75.113712433999922, 1.730450791000067 ], [ -75.112363613999889, 1.730689016000156 ], [ -75.110988655999904, 1.730593033000105 ], [ -75.107879417999925, 1.729032554000071 ], [ -75.106326334999949, 1.728923574000078 ], [ -75.105721270999879, 1.729028496000069 ], [ -75.101334582999925, 1.731128653000042 ], [ -75.10050240399994, 1.733299620000139 ], [ -75.100072471999965, 1.733949866000103 ], [ -75.097068293999939, 1.735615972000119 ], [ -75.096001471999955, 1.736439009000094 ], [ -75.095013260999963, 1.73657885800003 ], [ -75.094030129999965, 1.737510658000019 ], [ -75.093948080999951, 1.738223759000164 ], [ -75.09422084299996, 1.739952644000141 ], [ -75.094147720999956, 1.74041064 ], [ -75.093761087999951, 1.740817925000044 ], [ -75.093547416999911, 1.741406737000091 ], [ -75.093203759999881, 1.741881878000072 ], [ -75.092266158999962, 1.742333052999982 ], [ -75.090997631999983, 1.74321216400017 ], [ -75.08946513199993, 1.745070232000046 ], [ -75.088552340999968, 1.745819294000057 ], [ -75.088043739999989, 1.747684438000022 ], [ -75.088293276999934, 1.749696861000189 ], [ -75.08808222499988, 1.750580672000183 ], [ -75.087281295999958, 1.752500032 ], [ -75.086888456999986, 1.753049238000187 ], [ -75.08562546099995, 1.754005468000059 ], [ -75.08528771899995, 1.753949707000174 ], [ -75.08528771899995, 1.7535939280001 ], [ -75.086680972999943, 1.75245393400013 ], [ -75.08757634799997, 1.750389169000073 ], [ -75.087747486999888, 1.749681844000065 ], [ -75.087504390999982, 1.747643095000058 ], [ -75.088079180999898, 1.745540558000073 ], [ -75.089082171999962, 1.74468811700018 ], [ -75.090622488999941, 1.742818708000129 ], [ -75.091978206999954, 1.741876433000073 ], [ -75.092954468999892, 1.741367553000032 ], [ -75.093305556999894, 1.740523392000114 ], [ -75.093651372999886, 1.740164211000149 ], [ -75.093407367999987, 1.738244629000121 ], [ -75.093469032999906, 1.737596845000155 ], [ -75.093542442999933, 1.737259579000124 ], [ -75.094042731999878, 1.73665356600003 ], [ -75.094816823999963, 1.736067419999983 ], [ -75.096028152999907, 1.735811919000071 ], [ -75.096768858999894, 1.73516525600013 ], [ -75.099710776999984, 1.733544766000023 ], [ -75.100008195999976, 1.733081982000101 ], [ -75.100759233999952, 1.731028249000076 ], [ -75.100996088999921, 1.730700816000081 ], [ -75.105552656999976, 1.728513394000061 ], [ -75.106303144999913, 1.728383975000099 ], [ -75.108013512999946, 1.72850809800002 ], [ -75.111124543999949, 1.730068755000048 ], [ -75.11161287799996, 1.730149869000059 ], [ -75.113570147999894, 1.729929023000068 ], [ -75.115278896999882, 1.72911247899998 ], [ -75.115531341999883, 1.728061531000094 ], [ -75.115745870999945, 1.727784836000183 ], [ -75.118700817096226, 1.725983382624918 ], [ -75.118687529999988, 1.725681283000142 ], [ -75.119033735999949, 1.724877966 ], [ -75.122572894999962, 1.720185800000081 ], [ -75.122642500999916, 1.719759975000102 ], [ -75.122358187999964, 1.719256667000025 ], [ -75.121824053999887, 1.718702686000142 ], [ -75.119959268999878, 1.717248042000051 ], [ -75.119894301999921, 1.716992426000047 ], [ -75.120085076999885, 1.716801651000139 ], [ -75.12030479699996, 1.716837927000142 ], [ -75.122195374999876, 1.718310462000034 ], [ -75.122793671999943, 1.718937075000099 ], [ -75.123182063999934, 1.71970600200018 ], [ -75.123045388999969, 1.72045231300001 ], [ -75.120208229999946, 1.724132187000066 ], [ -75.119309224999938, 1.725500099000044 ], [ -75.119252631999927, 1.726048181000124 ], [ -75.120139835999908, 1.727708317000179 ], [ -75.120824384999878, 1.728227822000065 ], [ -75.123149977999901, 1.729328514000031 ], [ -75.124418277999951, 1.730141317000061 ], [ -75.12492450499991, 1.730643248000092 ], [ -75.125433689999966, 1.732132045000071 ], [ -75.126084685999899, 1.732564678000074 ], [ -75.128602920999981, 1.733407299000078 ], [ -75.12973838299996, 1.734000822000098 ], [ -75.130549064999968, 1.734799463000172 ], [ -75.13182840099995, 1.735214079000173 ], [ -75.132042837999961, 1.735452641000052 ], [ -75.132621121999932, 1.737051206000046 ], [ -75.133013245999962, 1.739093048000029 ], [ -75.133518767999931, 1.740210290000107 ], [ -75.133503104999988, 1.741141012000014 ], [ -75.133208281999941, 1.742321133000075 ], [ -75.133527922999974, 1.744116119000068 ], [ -75.133502988999965, 1.744835280000189 ], [ -75.133368387999951, 1.745133678000172 ], [ -75.132710328999906, 1.74561146100018 ], [ -75.130552919999957, 1.7458135440001 ], [ -75.129019286999892, 1.747381098000119 ], [ -75.128523278999978, 1.748131282000031 ], [ -75.128467181999952, 1.749137264000126 ], [ -75.128965342999948, 1.750941884000042 ], [ -75.128135768999982, 1.75286604300004 ], [ -75.128217607999886, 1.753144942000063 ], [ -75.12899112599996, 1.75419312300005 ], [ -75.129098412999952, 1.755014109000115 ], [ -75.128820198999961, 1.755651535000084 ], [ -75.128017107999938, 1.75666499800019 ], [ -75.127441738999948, 1.757729459000075 ], [ -75.127122297999961, 1.758688381000184 ], [ -75.126114209999969, 1.760712030000036 ], [ -75.126045784999974, 1.761627415000021 ], [ -75.126518140999963, 1.762118884000074 ], [ -75.12742155199993, 1.762165966000055 ], [ -75.128303790999951, 1.762489678 ], [ -75.129418673999965, 1.762701036000124 ], [ -75.13021932099997, 1.763353144000064 ], [ -75.130891552999913, 1.764340530000027 ], [ -75.131191324999918, 1.764574369000115 ], [ -75.13301996499996, 1.765256436000129 ], [ -75.133568482999976, 1.765669916000093 ], [ -75.133951135999951, 1.766370828000163 ], [ -75.134046735999902, 1.767195525000091 ], [ -75.133816643999978, 1.767984961000025 ], [ -75.133568171999968, 1.770953763000023 ], [ -75.133809655999926, 1.771699617000081 ], [ -75.134046512999987, 1.771992124000064 ], [ -75.135475559999918, 1.772744798000133 ], [ -75.135770420999904, 1.773302016000059 ], [ -75.135521098999959, 1.774605365000184 ], [ -75.134728423999945, 1.77607552700016 ], [ -75.134749047999946, 1.776736710000023 ], [ -75.135591524999938, 1.77937640500005 ], [ -75.135613434999982, 1.781736208000154 ], [ -75.136992667999948, 1.784903335000138 ], [ -75.139380448999987, 1.786612414000047 ], [ -75.140915035999967, 1.788293743000168 ], [ -75.142080502999931, 1.790806020000105 ], [ -75.142384801999981, 1.79230866000006 ], [ -75.14245581299997, 1.794532146 ], [ -75.142587403999926, 1.794811977000165 ], [ -75.145197087999975, 1.796307936000062 ], [ -75.145459444999915, 1.796583499 ], [ -75.146173852999937, 1.798684488000049 ], [ -75.147681791999958, 1.801459737000073 ], [ -75.148289997999882, 1.80220786100017 ], [ -75.149614704999976, 1.802900598000178 ], [ -75.150082892999933, 1.803327771999989 ], [ -75.154113081999981, 1.809519954000052 ], [ -75.154731688999959, 1.810075844000039 ], [ -75.15532558599989, 1.810360775000049 ], [ -75.157150734999959, 1.809856766 ], [ -75.158312550999881, 1.810190268000099 ], [ -75.159440592999943, 1.811192867000159 ], [ -75.16053132899998, 1.811757432999968 ], [ -75.162215275999927, 1.812254753000104 ], [ -75.164194658999918, 1.813566460000175 ], [ -75.165095808999979, 1.814331299000116 ], [ -75.166873881999948, 1.815308867 ], [ -75.167833068999983, 1.815515403000063 ], [ -75.168705760999956, 1.81618277900003 ], [ -75.169257908999896, 1.817292849000069 ], [ -75.169302455999969, 1.817822705000026 ], [ -75.169641759999877, 1.818411603000072 ], [ -75.170511678999901, 1.819462964000081 ], [ -75.170981553999979, 1.820540567000023 ], [ -75.171948254999961, 1.821512109000082 ], [ -75.174812573999986, 1.823497206000127 ], [ -75.182185406999906, 1.827000466000072 ], [ -75.184933974999922, 1.827887552000107 ], [ -75.191069783999922, 1.827982952000184 ], [ -75.192927659999896, 1.827686591000088 ], [ -75.195040656999879, 1.826978731000167 ], [ -75.197087033999878, 1.826698603000068 ], [ -75.199927515999889, 1.827009346000125 ], [ -75.203125632999956, 1.827742663000095 ], [ -75.206594325999959, 1.829206542000179 ], [ -75.207896991999917, 1.829380473000072 ], [ -75.208460173999981, 1.829323445000171 ], [ -75.211447610999983, 1.82758334500005 ], [ -75.212534206999919, 1.827254522000146 ], [ -75.217849676703167, 1.828127887570247 ], [ -75.216066531999957, 1.80570708800002 ], [ -75.213026536999962, 1.799346572000104 ], [ -75.212904800999922, 1.798882105000132 ], [ -75.212617575999957, 1.797419462000164 ], [ -75.212614210999959, 1.793796730000111 ], [ -75.212939991057397, 1.79235885095585 ], [ -75.195371847999922, 1.789508044000172 ], [ -75.192887740999879, 1.788536555000178 ], [ -75.19175096299989, 1.787873671000057 ], [ -75.191069567999932, 1.787048569000149 ], [ -75.190689851999934, 1.78501081600001 ], [ -75.189982579999878, 1.783960123000043 ], [ -75.189328314999898, 1.783832504999964 ], [ -75.189173064499926, 1.783696353999972 ], [ -75.188943522999978, 1.782078323000121 ], [ -75.187755618999915, 1.779514823000113 ], [ -75.184238042999937, 1.777604344000054 ], [ -75.183620774999895, 1.776238491000129 ], [ -75.182758460999878, 1.774989036000022 ], [ -75.182326030999889, 1.773843555000042 ], [ -75.183104855999943, 1.773099038000169 ], [ -75.184352271999956, 1.771406078000041 ], [ -75.183832410999912, 1.771065363 ], [ -75.182886401999895, 1.770949450000103 ], [ -75.180635410999912, 1.769867061000184 ], [ -75.180438642999889, 1.769200539999986 ], [ -75.18110575399993, 1.767978210000138 ], [ -75.180275742999982, 1.767200678000108 ], [ -75.180275741999878, 1.766872194000086 ], [ -75.180639677999977, 1.766812108000067 ], [ -75.181687540999917, 1.767838726000093 ], [ -75.180990294999958, 1.769290789000081 ], [ -75.18105782799995, 1.769494254000165 ], [ -75.183063918999949, 1.770436989000075 ], [ -75.184029593999981, 1.770555089000084 ], [ -75.184958182999935, 1.771192578000125 ], [ -75.184966504999977, 1.77144680400005 ], [ -75.184418699999924, 1.772294894000026 ], [ -75.18350623699996, 1.773461018000091 ], [ -75.18290277199992, 1.774013359000037 ], [ -75.183227454999951, 1.77472012700008 ], [ -75.184093768999958, 1.775975373 ], [ -75.184618762999889, 1.777203512000142 ], [ -75.188179818999913, 1.77916935900015 ], [ -75.189461430999927, 1.781919613000127 ], [ -75.189658444738484, 1.783348849148979 ], [ -75.190321508999943, 1.783513367000012 ], [ -75.191175862999955, 1.784767666000164 ], [ -75.191579956999988, 1.786845449000054 ], [ -75.192091242999879, 1.787449974000083 ], [ -75.193108996999911, 1.788043786000173 ], [ -75.195496235999883, 1.78898174800014 ], [ -75.213064760713507, 1.79183244465986 ], [ -75.216884635999975, 1.775814574000151 ], [ -75.218479729999899, 1.773856937000062 ], [ -75.220722018999879, 1.773092017000181 ], [ -75.222346892999951, 1.772183186000063 ], [ -75.223741236999956, 1.771619327 ], [ -75.226533188999952, 1.767350001000068 ], [ -75.227452274999962, 1.765623476000144 ], [ -75.22767387, 1.765453440000101 ], [ -75.227985631999957, 1.765422734000083 ], [ -75.228261912999983, 1.765570409000134 ], [ -75.22840156999996, 1.765812302000143 ], [ -75.228378881999959, 1.766158452000184 ], [ -75.227465966999944, 1.767893904000061 ], [ -75.224481675999982, 1.772437973000081 ], [ -75.22281918199991, 1.773154735000048 ], [ -75.221148160999974, 1.77408596700019 ], [ -75.219072804999939, 1.774784838000187 ], [ -75.217849260999969, 1.776325776000135 ], [ -75.213693435999915, 1.793859307000048 ], [ -75.213695573999985, 1.797330733000024 ], [ -75.214025397999933, 1.798933866000084 ], [ -75.217131475999963, 1.805494194 ], [ -75.21893124199994, 1.828669877000095 ], [ -75.212738384999909, 1.84263260400013 ], [ -75.187905652230711, 1.879663037819853 ], [ -75.194237433999945, 1.882526877000089 ], [ -75.195170900999983, 1.882808485000112 ], [ -75.196635708999963, 1.88295491700012 ], [ -75.197988913999893, 1.882882372999973 ], [ -75.205418641999927, 1.881052840000052 ], [ -75.218824062999943, 1.882070910000095 ], [ -75.219003493999878, 1.882228267000073 ], [ -75.220202203999918, 1.885228470000072 ], [ -75.220469175999938, 1.887814689999971 ], [ -75.216394658999945, 1.894260601000155 ], [ -75.21410237099991, 1.89814123400015 ], [ -75.212273116999881, 1.902382143000125 ], [ -75.211078001999965, 1.906368472000167 ], [ -75.21092576999996, 1.906531009000048 ], [ -75.209215071999893, 1.907197199999985 ], [ -75.201637669999911, 1.90794736099997 ], [ -75.19499228799998, 1.909251478000158 ], [ -75.182347317999984, 1.910467223000126 ], [ -75.179980340999975, 1.910365667000065 ], [ -75.16670298299988, 1.910546723000095 ], [ -75.16645004399993, 1.910380198000098 ] ] ], [ [ [ -75.166625469999985, 1.922934374000022 ], [ -75.159050476976404, 1.915729675122179 ], [ -75.156294260999971, 1.918579171000033 ], [ -75.150385245999985, 1.921543540000073 ], [ -75.149867019999988, 1.921466496000107 ], [ -75.149660525999877, 1.920967977000146 ], [ -75.149925705999976, 1.920571107000171 ], [ -75.155697724999982, 1.917672844000094 ], [ -75.158464450999929, 1.914781303000041 ], [ -75.158916431999899, 1.914627876 ], [ -75.159294655999929, 1.914863071000013 ], [ -75.159370313032866, 1.915289192979344 ], [ -75.167027829999938, 1.922572499000012 ], [ -75.167525055999988, 1.923370186000056 ], [ -75.167559836999942, 1.925021830000105 ], [ -75.16643255199989, 1.929806653000128 ], [ -75.166433587999904, 1.931435253000075 ], [ -75.167196729999887, 1.933515297000042 ], [ -75.168429336999907, 1.935092850999979 ], [ -75.169467611999949, 1.93706013700006 ], [ -75.170049121999909, 1.938803534000158 ], [ -75.170629154999972, 1.942385829000159 ], [ -75.17074585499995, 1.944686677000107 ], [ -75.170739614999945, 1.946254660000079 ], [ -75.168893480999941, 1.953896864 ], [ -75.16865052299994, 1.954096253999978 ], [ -75.168430032999879, 1.95400492400006 ], [ -75.168368263999923, 1.953774399999986 ], [ -75.17020754299989, 1.946159271999989 ], [ -75.170092951999891, 1.942449345000114 ], [ -75.169530156999883, 1.938952899000185 ], [ -75.168976592999911, 1.937285581000026 ], [ -75.167977591999943, 1.935389900000132 ], [ -75.16672440699989, 1.933782961000134 ], [ -75.165899207999928, 1.931535901000018 ], [ -75.165898120999941, 1.929721173000132 ], [ -75.167022532999965, 1.924958373000095 ], [ -75.167021655999974, 1.923581222000109 ], [ -75.166625469999985, 1.922934374000022 ] ] ], [ [ [ -74.925358661999894, 2.021386563000078 ], [ -74.92667094899997, 2.020058660000075 ], [ -74.927612941999882, 2.019627847000038 ], [ -74.929521402999967, 2.019468993000032 ], [ -74.931730692999906, 2.019467777000102 ], [ -74.932573025999943, 2.019297915000095 ], [ -74.933661454999879, 2.018616948000158 ], [ -74.937692728999934, 2.015342432000125 ], [ -74.939199770999892, 2.01318306800016 ], [ -74.940192225999965, 2.012030239000069 ], [ -74.941898758999912, 2.010963617000073 ], [ -74.945288316999893, 2.009333407000042 ], [ -74.947358373999919, 2.00862129799998 ], [ -74.948539341999947, 2.008568488000094 ], [ -74.951429453999879, 2.007883584000069 ], [ -74.95294655899994, 2.006899378000185 ], [ -74.955052890999923, 2.006098426000165 ], [ -74.956681200999924, 2.006098731000122 ], [ -74.958521408999957, 2.006506725000122 ], [ -74.960614416999931, 2.007471947000056 ], [ -74.964785352999968, 2.008545451000032 ], [ -74.966020407999963, 2.008589986000061 ], [ -74.967763593999905, 2.008047859999976 ], [ -74.969631905999961, 2.007993936000162 ], [ -74.972003737999955, 2.007701796000106 ], [ -74.973804381999969, 2.007224431000168 ], [ -74.97892921499988, 2.004873437000128 ], [ -74.980595838999932, 2.004455173000167 ], [ -74.981751760999941, 2.004499802000055 ], [ -74.983036609999942, 2.004978347000133 ], [ -74.985106899999892, 2.0074169130001 ], [ -74.986225548999982, 2.008536063000122 ], [ -74.988783762999901, 2.009517772000095 ], [ -74.994474318999949, 2.012390053000161 ], [ -74.996592537999959, 2.013290006000091 ], [ -74.997750523999912, 2.013289803000021 ], [ -74.999185434999902, 2.012619008 ], [ -74.999871741999925, 2.012493995000057 ], [ -75.002095072999964, 2.01109824800011 ], [ -75.005889337999918, 2.009125600000175 ], [ -75.008467737999922, 2.005734884000105 ], [ -75.008605809999892, 2.005049318000033 ], [ -75.00839307699988, 2.003958433000093 ], [ -75.006856113999959, 2.00117812000002 ], [ -75.006658007999931, 2.000398321999967 ], [ -75.006710683999927, 1.999675083999989 ], [ -75.006916266999895, 1.998939718000088 ], [ -75.007917905999989, 1.997135958000058 ], [ -75.008261757999946, 1.996252027000025 ], [ -75.009847631999946, 1.990135916000156 ], [ -75.011342481999918, 1.985074383000097 ], [ -75.011474068999973, 1.981791634000047 ], [ -75.011883912999963, 1.980640491000088 ], [ -75.013265656999977, 1.978810808000105 ], [ -75.01463509499996, 1.977728419000186 ], [ -75.016568903999882, 1.976961464000055 ], [ -75.020060876999935, 1.974583068000072 ], [ -75.020848386999944, 1.973773058 ], [ -75.023106129999974, 1.970574882999983 ], [ -75.023414115999969, 1.968968104 ], [ -75.023885847999907, 1.96812617900008 ], [ -75.024255085999926, 1.967714263000119 ], [ -75.027371032999895, 1.965366460000098 ], [ -75.031292557999905, 1.963485905000027 ], [ -75.039350801999888, 1.959227402000181 ], [ -75.046265042615062, 1.957344275032028 ], [ -75.044503398999893, 1.954558582000061 ], [ -75.043937007999943, 1.952794878000134 ], [ -75.04282927099996, 1.952820152000129 ], [ -75.041987204999884, 1.952337107 ], [ -75.041109234999908, 1.951202821000152 ], [ -75.040685431999918, 1.950020936000158 ], [ -75.039897502999906, 1.949168083000188 ], [ -75.03881384399989, 1.948712852000085 ], [ -75.037621986999966, 1.948465381000119 ], [ -75.037082489999989, 1.947845708000102 ], [ -75.036137777999897, 1.945519669000134 ], [ -75.035969205999891, 1.944731236000166 ], [ -75.036097175999885, 1.944030565 ], [ -75.036617311999976, 1.942877463000173 ], [ -75.036783319999927, 1.942104505000145 ], [ -75.034724166999979, 1.941581961000111 ], [ -75.033817540999962, 1.944109153000113 ], [ -75.033448966999913, 1.94444461500018 ], [ -75.033052385999952, 1.944502565000164 ], [ -75.030332079999937, 1.94408300300006 ], [ -75.028398634999917, 1.943429067000125 ], [ -75.027929319999885, 1.943069029000014 ], [ -75.027425766999897, 1.941760594000016 ], [ -75.026904099999911, 1.939428650000025 ], [ -75.023378962999914, 1.939536717000124 ], [ -75.016362856190256, 1.940102072431785 ], [ -75.015413186999922, 1.941841477000082 ], [ -75.015147089999971, 1.942134637000152 ], [ -75.014794965999954, 1.942290958000058 ], [ -75.014246045999982, 1.942239167000082 ], [ -75.013599533999979, 1.94173246600019 ], [ -75.013137534999942, 1.941577233000032 ], [ -75.012571196999886, 1.94195661200007 ], [ -75.011017357999947, 1.941961572000139 ], [ -75.010388552999927, 1.942528291000031 ], [ -75.009924460999912, 1.942626774000132 ], [ -75.00896397899993, 1.942534834000128 ], [ -75.008824181999898, 1.942820307000034 ], [ -75.00913196099998, 1.943411273000095 ], [ -75.009132167999894, 1.943917721999981 ], [ -75.009013837999987, 1.94430384900005 ], [ -75.00854037299996, 1.944959008000183 ], [ -75.007875350999939, 1.947022618 ], [ -75.007024067999907, 1.947793556000022 ], [ -75.005516900999908, 1.94994618200019 ], [ -75.004847051999946, 1.95033655400016 ], [ -75.003708192999909, 1.950729033000187 ], [ -75.003554145999885, 1.953930783000089 ], [ -75.002791167999987, 1.955592223000053 ], [ -75.00258644999991, 1.958379807000142 ], [ -75.002223472999901, 1.959215370999971 ], [ -75.000909966999927, 1.96138208900004 ], [ -74.998736378999979, 1.963767984000185 ], [ -74.997947864999901, 1.964118990999964 ], [ -74.99644997099989, 1.964413276000073 ], [ -74.995978512999955, 1.964812172000052 ], [ -74.995339886999943, 1.965711346000035 ], [ -74.994648649999988, 1.966071047000014 ], [ -74.994529726999986, 1.966536406999978 ], [ -74.99499512899996, 1.967393218000097 ], [ -74.995125896999923, 1.967923458000087 ], [ -74.995032722999952, 1.96845294000002 ], [ -74.994510208999884, 1.968686371000047 ], [ -74.993291521999936, 1.968688761000067 ], [ -74.99340215899997, 1.969157016 ], [ -74.99331047599992, 1.96975110600016 ], [ -74.992210117999889, 1.970242905000077 ], [ -74.991556859999946, 1.970251953000115 ], [ -74.991279211999881, 1.970500150000134 ], [ -74.991117824999947, 1.970795027000122 ], [ -74.99104752799991, 1.971882638000125 ], [ -74.990785285999948, 1.972202940000159 ], [ -74.990416981999942, 1.973100590000172 ], [ -74.988750694999908, 1.974690269000178 ], [ -74.98847114199998, 1.975967042000036 ], [ -74.988043674999972, 1.976116237000042 ], [ -74.987278666999885, 1.975958960000071 ], [ -74.986728946999904, 1.976187362000132 ], [ -74.986203147999902, 1.97720989700008 ], [ -74.98628325999988, 1.978556517000129 ], [ -74.986024425999972, 1.979716971000073 ], [ -74.98601837599989, 1.981401060000053 ], [ -74.986450245999947, 1.982074080000132 ], [ -74.986353753999936, 1.982578252999986 ], [ -74.985153916999877, 1.984375043000171 ], [ -74.985037875999978, 1.985244875000035 ], [ -74.984777271999974, 1.985314704000189 ], [ -74.983977915999901, 1.984963946000107 ], [ -74.983845079999924, 1.986547220000034 ], [ -74.982952228999977, 1.98711449100017 ], [ -74.982821361999981, 1.987964515000158 ], [ -74.981952984999964, 1.990108789000089 ], [ -74.981584662999978, 1.990841162000038 ], [ -74.981243515999893, 1.991098864000037 ], [ -74.980019634999962, 1.991227998000056 ], [ -74.97795010599998, 1.991882524000061 ], [ -74.977435223999919, 1.991609944000061 ], [ -74.977172137999901, 1.99127485200006 ], [ -74.976729500999966, 1.991115346000186 ], [ -74.976483846999884, 1.99118964500002 ], [ -74.975950638999905, 1.992078482000124 ], [ -74.975450009999975, 1.993335673000104 ], [ -74.974929008999936, 1.99357632400006 ], [ -74.973915272999989, 1.993278572000122 ], [ -74.97342682999988, 1.9933485090001 ], [ -74.972679526999968, 1.99380001600008 ], [ -74.972195375999888, 1.995120185000133 ], [ -74.971923002999915, 1.99545173100006 ], [ -74.971023729999956, 1.995912524000062 ], [ -74.970339466999974, 1.99585795400003 ], [ -74.969457592999959, 1.995313829 ], [ -74.968167889999904, 1.995434809000074 ], [ -74.967584248999913, 1.995234076999964 ], [ -74.967007541999976, 1.994780804000072 ], [ -74.96641967599993, 1.994706640000118 ], [ -74.96570439899989, 1.994742670999983 ], [ -74.965110009999933, 1.995669205000127 ], [ -74.964466371999947, 1.995964914000126 ], [ -74.963046027999951, 1.995771068000124 ], [ -74.962221154999895, 1.995311972000138 ], [ -74.961718563999966, 1.994853416000012 ], [ -74.961000212999977, 1.99466247100014 ], [ -74.959748867999906, 1.994634735000147 ], [ -74.958073789999958, 1.99313771900006 ], [ -74.955081347999965, 1.991288219000182 ], [ -74.954280359999984, 1.990965850000066 ], [ -74.952955026999973, 1.990918774000079 ], [ -74.952609686999949, 1.991246739000132 ], [ -74.952101693999907, 1.991361249000022 ], [ -74.951016165999988, 1.990911926000024 ], [ -74.950551654999913, 1.990962273000036 ], [ -74.949974046999898, 1.991308614 ], [ -74.949457777999896, 1.991340982 ], [ -74.948518171999979, 1.990934210000091 ], [ -74.948027312999955, 1.99050048700002 ], [ -74.947513772999912, 1.989483140000118 ], [ -74.94680389499996, 1.989363493999974 ], [ -74.94621411199995, 1.989580265000086 ], [ -74.945533191999914, 1.989488396000013 ], [ -74.944360472999961, 1.988840023000137 ], [ -74.943851044999974, 1.988374729000157 ], [ -74.943450200999962, 1.987305139000114 ], [ -74.943246246999934, 1.987100440000177 ], [ -74.941583282999943, 1.987623881000047 ], [ -74.940897399999926, 1.987222599000063 ], [ -74.940403031999892, 1.98665513800006 ], [ -74.940240254999935, 1.986634789000107 ], [ -74.939052825999909, 1.987538268000151 ], [ -74.937777800999925, 1.986837973000036 ], [ -74.937364542999944, 1.98680306100016 ], [ -74.937097137999899, 1.986941369000078 ], [ -74.937096328999928, 1.988633565999976 ], [ -74.936987700999907, 1.98908534300017 ], [ -74.936761709999985, 1.989162057000101 ], [ -74.93604502799991, 1.988938749000113 ], [ -74.935594113999912, 1.989042385000175 ], [ -74.935251563999884, 1.989247909000142 ], [ -74.9344862559999, 1.990352914000141 ], [ -74.933224548999931, 1.990101647000074 ], [ -74.932813426999985, 1.990479887000106 ], [ -74.932422288999931, 1.991156090000175 ], [ -74.932212942999911, 1.992637761000083 ], [ -74.931895335999911, 1.993180014000131 ], [ -74.931109488999937, 1.993598762000147 ], [ -74.930237932999944, 1.993779768000024 ], [ -74.929845375999946, 1.993995552000115 ], [ -74.928953779999915, 1.995147687000099 ], [ -74.928213191999987, 1.995682127000123 ], [ -74.927111661999902, 1.997125152000024 ], [ -74.925188102999982, 1.997601138000164 ], [ -74.923393112999975, 1.998474672000157 ], [ -74.922421847999885, 1.998464104000163 ], [ -74.922053917999961, 1.998873208000077 ], [ -74.921409185999948, 1.999115714000084 ], [ -74.921115309999891, 1.999694829000134 ], [ -74.920345330999965, 2.000310773000081 ], [ -74.920125611999879, 2.000347047999981 ], [ -74.919953466999971, 2.000205773000118 ], [ -74.919971111999985, 1.999936554000158 ], [ -74.920696927999927, 1.99934359000008 ], [ -74.921019087999923, 1.998718455000187 ], [ -74.921742275999975, 1.998414356000126 ], [ -74.922211918999949, 1.997929111000019 ], [ -74.92326117499988, 1.997948280000116 ], [ -74.925006663999909, 1.997090107000076 ], [ -74.926785647999907, 1.996675144000108 ], [ -74.927827943999944, 1.995299937000084 ], [ -74.928562303999911, 1.994774222000046 ], [ -74.929492799999935, 1.993580858000087 ], [ -74.930040845999883, 1.993274219 ], [ -74.930917055999885, 1.993092254000146 ], [ -74.931501044999891, 1.99279664 ], [ -74.931686342999967, 1.992487017000087 ], [ -74.931745539999895, 1.991534041000079 ], [ -74.931931430999896, 1.990928197000073 ], [ -74.93238643799998, 1.990144948000022 ], [ -74.932941368999877, 1.98962906200012 ], [ -74.933673512999974, 1.989564140000084 ], [ -74.934279227999923, 1.98979583900018 ], [ -74.934854512999891, 1.988871907000089 ], [ -74.935357089999911, 1.9885553740001 ], [ -74.936056453999981, 1.988389494000046 ], [ -74.93655733099996, 1.98853535100011 ], [ -74.936571827999899, 1.986791324500018 ], [ -74.936807033999969, 1.986393100999976 ], [ -74.937310939999918, 1.98626326100009 ], [ -74.93796789299995, 1.986325292000174 ], [ -74.939017469999897, 1.986940266000033 ], [ -74.939684386999943, 1.986317047000114 ], [ -74.940174094999975, 1.986087609000094 ], [ -74.940692737999882, 1.986176391000186 ], [ -74.941238845999976, 1.986801138000089 ], [ -74.941661950999958, 1.987065428000108 ], [ -74.943337846999896, 1.986554639000019 ], [ -74.943747777999988, 1.986763842000187 ], [ -74.944305533999909, 1.988068936 ], [ -74.944668784999976, 1.988395331000106 ], [ -74.94567434399994, 1.988963894000165 ], [ -74.946164410999984, 1.989033926000104 ], [ -74.94670038199996, 1.98882911200019 ], [ -74.947271895999961, 1.988823640000078 ], [ -74.947818378999898, 1.989025297000182 ], [ -74.948442831999955, 1.990148940000154 ], [ -74.948800468999877, 1.990470291000179 ], [ -74.949600067999938, 1.990814772000022 ], [ -74.950374530999909, 1.990445215000079 ], [ -74.951046305999967, 1.990366149000067 ], [ -74.952125023999884, 1.990809822000131 ], [ -74.952798730999916, 1.990390078000019 ], [ -74.954431159999899, 1.990445332000149 ], [ -74.95534177299993, 1.99081426000015 ], [ -74.958378166999978, 1.99269145 ], [ -74.959986214999901, 1.99412295500008 ], [ -74.961070664999909, 1.994125182000175 ], [ -74.961922142999924, 1.994349199000112 ], [ -74.963227273999962, 1.995256380000171 ], [ -74.964446467999892, 1.995412892000104 ], [ -74.964724927999953, 1.99527388100006 ], [ -74.965417575999879, 1.994255102000068 ], [ -74.966416114999902, 1.994166542000016 ], [ -74.967219400999909, 1.994273379000106 ], [ -74.967849671999943, 1.994759623000164 ], [ -74.968251264999935, 1.994894201000136 ], [ -74.969604489999938, 1.99478344400012 ], [ -74.970530088999965, 1.995345322000048 ], [ -74.970900803999882, 1.995376670000155 ], [ -74.971713889999933, 1.994866039999977 ], [ -74.972261510999942, 1.99343691200005 ], [ -74.973199268999906, 1.99285562700004 ], [ -74.973954482999943, 1.992733811000051 ], [ -74.974904059536186, 1.993016757622627 ], [ -74.975039208999988, 1.992948339000066 ], [ -74.975465379999889, 1.99184111 ], [ -74.976190750999876, 1.990718360000187 ], [ -74.976823635999949, 1.990575758000091 ], [ -74.977489653999896, 1.990824149000161 ], [ -74.977975368999921, 1.991311135000103 ], [ -74.979919290999931, 1.990696467000078 ], [ -74.981000586999926, 1.990611115000092 ], [ -74.981456354999921, 1.989896978000104 ], [ -74.982296119999944, 1.98782085900018 ], [ -74.982301557999961, 1.987347038000109 ], [ -74.982500207999976, 1.98678712200018 ], [ -74.983353413999907, 1.986275837000051 ], [ -74.983374171999969, 1.985019010000087 ], [ -74.983583602999886, 1.984528138000144 ], [ -74.983852469999931, 1.984395547000076 ], [ -74.98458358299996, 1.984669859000064 ], [ -74.984659065999949, 1.98413756900004 ], [ -74.985847500999967, 1.982384290000027 ], [ -74.985897858999977, 1.982192692000183 ], [ -74.985487583999941, 1.981527747000143 ], [ -74.985500989999878, 1.979433527000026 ], [ -74.985739956999964, 1.978493464000167 ], [ -74.985665514999937, 1.977096569000139 ], [ -74.986299092999957, 1.975841824000156 ], [ -74.987174785999912, 1.975423481000064 ], [ -74.988015850999886, 1.975529367000149 ], [ -74.988292129999934, 1.974393031000091 ], [ -74.989979734999906, 1.972778096000127 ], [ -74.990304236999975, 1.971948178000048 ], [ -74.99054005399995, 1.971658872000091 ], [ -74.990586404999931, 1.970667928000125 ], [ -74.990850771999988, 1.97016568000015 ], [ -74.991350630999932, 1.96973287000003 ], [ -74.992076718999954, 1.969712488000141 ], [ -74.992862701999968, 1.969396622000147 ], [ -74.992695335999883, 1.968436258000054 ], [ -74.992773779999936, 1.96822783600004 ], [ -74.994568451999896, 1.968094976999964 ], [ -74.994481762999897, 1.967563642000187 ], [ -74.993986284999949, 1.966629898000178 ], [ -74.99404405599995, 1.965986864000058 ], [ -74.994284450999942, 1.965665689000048 ], [ -74.995001898999988, 1.965287166999985 ], [ -74.995561374999909, 1.964462185000116 ], [ -74.996194127999956, 1.963928546000147 ], [ -74.997796986999958, 1.963599328000043 ], [ -74.998399424999889, 1.963335085000153 ], [ -75.000464742999895, 1.961076136000031 ], [ -75.002062794999972, 1.958238238000035 ], [ -75.002266910999879, 1.955458578999981 ], [ -75.003019935999987, 1.953828271000134 ], [ -75.003086032999988, 1.951010292000092 ], [ -75.003220877999922, 1.950465723999969 ], [ -75.003663549999885, 1.950097926000126 ], [ -75.004641496999966, 1.949834809000095 ], [ -75.005153210999936, 1.949539101000141 ], [ -75.006604959999891, 1.947445921000167 ], [ -75.007437888999959, 1.946704145000069 ], [ -75.008049933999985, 1.944731167000043 ], [ -75.008601745999897, 1.943810321000058 ], [ -75.008601594999902, 1.943543315 ], [ -75.008260882999934, 1.942896543000131 ], [ -75.008441404999985, 1.942275627000129 ], [ -75.0088360069999, 1.941997410999988 ], [ -75.010202337999885, 1.942017239000052 ], [ -75.010848240999962, 1.941427179000073 ], [ -75.012426732999927, 1.941422074000116 ], [ -75.013050029999988, 1.941032507000102 ], [ -75.013491099999897, 1.941075453999986 ], [ -75.014450897999893, 1.941730844000062 ], [ -75.014670661999958, 1.941758745000129 ], [ -75.014948802999982, 1.941555028999971 ], [ -75.015839762024996, 1.939937097794427 ], [ -75.015230581999901, 1.939611557000148 ], [ -75.014351228999885, 1.93880221400002 ], [ -75.012407148999898, 1.93670829399997 ], [ -75.011387391999904, 1.935202825000033 ], [ -75.010412174999942, 1.934541966000154 ], [ -75.008571013999926, 1.93239195100017 ], [ -75.008244054999977, 1.932137325000042 ], [ -75.007546220999984, 1.93206974300017 ], [ -75.006562016999965, 1.931432111000163 ], [ -75.003758439999899, 1.931469452000101 ], [ -75.003296899999896, 1.931272315000058 ], [ -75.001813813999945, 1.93019277000019 ], [ -75.001347658999919, 1.930056233000187 ], [ -74.999965073999931, 1.93008182900013 ], [ -74.999039325999888, 1.929692015000057 ], [ -74.997606502999986, 1.928801232000183 ], [ -74.997224009999968, 1.928865570000141 ], [ -74.996936258999881, 1.9292146680001 ], [ -74.996409703999916, 1.929366653000159 ], [ -74.995988362999981, 1.929194864000067 ], [ -74.995613298999956, 1.928752742000029 ], [ -74.995493675999967, 1.928198863000148 ], [ -74.99558546499992, 1.927603556000179 ], [ -74.995408426999973, 1.92744563499997 ], [ -74.994578359999934, 1.928683909000142 ], [ -74.994103038999924, 1.928946013000143 ], [ -74.993145200999891, 1.928695152000103 ], [ -74.992789486999982, 1.928754619000131 ], [ -74.991857597999967, 1.93004049000001 ], [ -74.991200572999958, 1.930331640000134 ], [ -74.990504034999958, 1.930365768000115 ], [ -74.987774832999946, 1.929134037999972 ], [ -74.986798154999917, 1.929593180000154 ], [ -74.985830672999896, 1.929582921000076 ], [ -74.984464508999963, 1.92922040000002 ], [ -74.983886852999944, 1.927561279000145 ], [ -74.981959385999971, 1.927064918000042 ], [ -74.981349001999888, 1.926621480000108 ], [ -74.98081219799991, 1.925929553000117 ], [ -74.980613928999958, 1.925167815000179 ], [ -74.980779737999967, 1.923531119000131 ], [ -74.980587762999903, 1.922868116000075 ], [ -74.979794130999949, 1.921278559000086 ], [ -74.977683849999949, 1.919233592000069 ], [ -74.976686051999934, 1.915260752000165 ], [ -74.976254294999876, 1.913282205000144 ], [ -74.976300055999957, 1.912657890000105 ], [ -74.977671326999882, 1.910448065000139 ], [ -74.977404637999939, 1.909052162000023 ], [ -74.977066136999952, 1.908673445000034 ], [ -74.97646269899991, 1.908494542000028 ], [ -74.975661249999973, 1.908599458000026 ], [ -74.973978302999967, 1.908431505000067 ], [ -74.972882421999884, 1.907541644999981 ], [ -74.971703045999902, 1.906269088000101 ], [ -74.971002516999931, 1.905256383000108 ], [ -74.967972119999956, 1.900029798999981 ], [ -74.967283087999988, 1.899140811000166 ], [ -74.965451701999939, 1.897356963 ], [ -74.96339261299994, 1.898056472000064 ], [ -74.962933291999946, 1.898065314000064 ], [ -74.961349585999926, 1.897301705000075 ], [ -74.959050081999976, 1.898195669000131 ], [ -74.954984456999966, 1.897669281999981 ], [ -74.953817715999946, 1.897221664000085 ], [ -74.952704336999943, 1.896225150000078 ], [ -74.950607404999914, 1.895193579000079 ], [ -74.949270902999899, 1.893223762000048 ], [ -74.948646478999933, 1.891289130000018 ], [ -74.948301752999896, 1.89083615200002 ], [ -74.947377041999971, 1.890309105000028 ], [ -74.94398586899996, 1.889076447000036 ], [ -74.942426508999972, 1.889586697000141 ], [ -74.94186420199992, 1.889618508000183 ], [ -74.941448247999972, 1.889229024000144 ], [ -74.940052866999963, 1.887096442000086 ], [ -74.938422095999954, 1.886562389 ], [ -74.937826539999946, 1.885930901000165 ], [ -74.937346690999959, 1.885635305000051 ], [ -74.936487419999935, 1.885542286000089 ], [ -74.932516178999947, 1.884020477000035 ], [ -74.930729681999935, 1.883464923000076 ], [ -74.928866523999886, 1.883218549000105 ], [ -74.928229110999894, 1.882878499000014 ], [ -74.927903960999913, 1.882147760000066 ], [ -74.927985085999978, 1.881254808000051 ], [ -74.928443203999961, 1.879442912000059 ], [ -74.928224836999902, 1.878796062000049 ], [ -74.927526875999888, 1.877995899000155 ], [ -74.926872287999913, 1.87644275100007 ], [ -74.926741505999928, 1.875715592000063 ], [ -74.926112425999918, 1.874475302000121 ], [ -74.925399048999964, 1.87356786800018 ], [ -74.923754592999956, 1.873009610000167 ], [ -74.920594351999966, 1.872880925000061 ], [ -74.919907340999941, 1.872702461000074 ], [ -74.918373078999934, 1.871429794 ], [ -74.913396946999967, 1.870413025000175 ], [ -74.912834939999925, 1.869938399000148 ], [ -74.912241381999934, 1.868576705000123 ], [ -74.912058568999896, 1.86844700100005 ], [ -74.909102079999968, 1.86836187199998 ], [ -74.908256008999956, 1.868126441000129 ], [ -74.907736284999942, 1.867825941000149 ], [ -74.905716481999889, 1.865421635000189 ], [ -74.904066602999876, 1.862886868000146 ], [ -74.903609070999948, 1.861881342000061 ], [ -74.901861599999961, 1.860890247000043 ], [ -74.899380462999943, 1.859078201000045 ], [ -74.898914562999948, 1.858883148000189 ], [ -74.89744589299994, 1.858619941000143 ], [ -74.896458695999968, 1.858056512000189 ], [ -74.895902770999953, 1.857382122000161 ], [ -74.89575229299993, 1.856888404000131 ], [ -74.895869706999974, 1.856159308000031 ], [ -74.895465549999926, 1.855511929000045 ], [ -74.8950230989999, 1.85537572800007 ], [ -74.893856087999893, 1.855328539000141 ], [ -74.89293990799996, 1.855037488000107 ], [ -74.892615536999926, 1.854585986000075 ], [ -74.891637080999885, 1.851069160000065 ], [ -74.890997602999903, 1.850854863000166 ], [ -74.8886551249999, 1.850554394000085 ], [ -74.886905803999923, 1.850636997000095 ], [ -74.885202624999977, 1.8499810940001 ], [ -74.881517133999921, 1.849271789000113 ], [ -74.87661528599989, 1.846965941000121 ], [ -74.875974042999928, 1.846495386000186 ], [ -74.875783292999984, 1.846081189000074 ], [ -74.875630176999948, 1.845001117000095 ], [ -74.875335835999977, 1.844738533 ], [ -74.873419045999924, 1.843940675000056 ], [ -74.872511498999984, 1.842989701000079 ], [ -74.871630385999936, 1.842440306000185 ], [ -74.870775271999946, 1.841169199000092 ], [ -74.869483893999927, 1.840671383000142 ], [ -74.868849736999948, 1.839710855000021 ], [ -74.864720994999971, 1.839088044000107 ], [ -74.863654134999877, 1.839195360000133 ], [ -74.862876434999919, 1.839754615000118 ], [ -74.862172144999988, 1.839955641000074 ], [ -74.858340517999977, 1.838919661000148 ], [ -74.857931909999877, 1.838988010000037 ], [ -74.856989363999901, 1.83954630400001 ], [ -74.856670274999942, 1.839388947000032 ], [ -74.856779773999961, 1.839054924000038 ], [ -74.85773313999988, 1.838481183000113 ], [ -74.858337140999936, 1.838374509000118 ], [ -74.862152270999957, 1.839406272000133 ], [ -74.862636954999914, 1.839266500000122 ], [ -74.863416015999974, 1.838706258000173 ], [ -74.863990580999882, 1.838548810000077 ], [ -74.864775883999982, 1.838550764000047 ], [ -74.867881100507248, 1.838999953002713 ], [ -74.86783614299992, 1.837377335000042 ], [ -74.86797050399997, 1.837067627000181 ], [ -74.868663625999943, 1.836725993000186 ], [ -74.869453620999934, 1.836719340000059 ], [ -74.869923587999892, 1.836266523000177 ], [ -74.870087954999917, 1.835920513000133 ], [ -74.870150568999975, 1.835029857000166 ], [ -74.87122858399988, 1.833487639000111 ], [ -74.871373095999957, 1.832393768000088 ], [ -74.871841694999887, 1.831764542000087 ], [ -74.872176970999931, 1.830443418000186 ], [ -74.87265850599988, 1.829736583000056 ], [ -74.872595892999925, 1.829226199000118 ], [ -74.870828847999917, 1.826489782000124 ], [ -74.870628383999986, 1.825901947000034 ], [ -74.870412401999943, 1.820205441000155 ], [ -74.869885884999974, 1.818443101000184 ], [ -74.868482646999951, 1.815448062000087 ], [ -74.868243364999898, 1.812173632000054 ], [ -74.868228568999882, 1.808358700000042 ], [ -74.868360933999952, 1.807471281000062 ], [ -74.868933219999974, 1.806309399000043 ], [ -74.868824414999892, 1.804765252000095 ], [ -74.868619813999942, 1.803907877000142 ], [ -74.869203352999989, 1.801998562000165 ], [ -74.869670833999976, 1.801250164000066 ], [ -74.870820207999941, 1.800054758000101 ], [ -74.872354479999956, 1.798990920000165 ], [ -74.872775727999908, 1.798380981000037 ], [ -74.873024533999967, 1.797662996000099 ], [ -74.873162057999878, 1.796676815000126 ], [ -74.872704791999979, 1.793749544000093 ], [ -74.872689299999934, 1.792666824000037 ], [ -74.872053730999937, 1.790895165999984 ], [ -74.872016229999929, 1.789517783000178 ], [ -74.871865205999882, 1.788778737000143 ], [ -74.870706869999879, 1.786693009000032 ], [ -74.869019085999923, 1.785415209000178 ], [ -74.868476652999902, 1.784755850000067 ], [ -74.867831598999942, 1.783610183000064 ], [ -74.865234821999934, 1.781269158000043 ], [ -74.864417423999953, 1.780159060000074 ], [ -74.863526457999967, 1.779262325000047 ], [ -74.861767770999961, 1.778649950000045 ], [ -74.861007633999918, 1.778147319000141 ], [ -74.860644172999969, 1.777656795000041 ], [ -74.859834998999986, 1.77596969200016 ], [ -74.858378942999934, 1.774856220000061 ], [ -74.857922985999949, 1.774101383000016 ], [ -74.857318626999984, 1.772829719000185 ], [ -74.857007381999949, 1.77153683500012 ], [ -74.85578324599993, 1.7697458990001 ], [ -74.855524372999923, 1.768400677000159 ], [ -74.854509563999954, 1.767743344000053 ], [ -74.854308110999909, 1.767464943 ], [ -74.854293472999927, 1.765987374000076 ], [ -74.854110557999888, 1.765422922000084 ], [ -74.851591923999877, 1.76462468200009 ], [ -74.851077831999987, 1.764277973000105 ], [ -74.850717350999901, 1.76378402500012 ], [ -74.850334325999938, 1.76242958500012 ], [ -74.849518614999909, 1.760706940000148 ], [ -74.84855340799993, 1.7570063390001 ], [ -74.848459155999933, 1.75593432300002 ], [ -74.847700581999959, 1.754542039000114 ], [ -74.846677759999977, 1.750910286000135 ], [ -74.845565251999972, 1.748478019000061 ], [ -74.845269919999964, 1.748172042000022 ], [ -74.84404630399996, 1.747485120000022 ], [ -74.843525856999975, 1.746470811000052 ], [ -74.843234045999964, 1.746152564999988 ], [ -74.839619591999963, 1.745275527999979 ], [ -74.838416724999888, 1.744207174000053 ], [ -74.838285260999953, 1.743867169000112 ], [ -74.838456739999913, 1.743527371000027 ], [ -74.840335329999959, 1.74212924200009 ], [ -74.840311058999987, 1.741687687000081 ], [ -74.83998352499998, 1.740951989000109 ], [ -74.83999970699989, 1.740133970000045 ], [ -74.839826216999938, 1.739781575999984 ], [ -74.837735837999958, 1.739952489000189 ], [ -74.83701941299995, 1.740553673000022 ], [ -74.836257124999918, 1.741699389000132 ], [ -74.835614183999951, 1.74212482500019 ], [ -74.835303132999968, 1.742019237000136 ], [ -74.835313415999906, 1.741705104000175 ], [ -74.836048241999947, 1.74115313600015 ], [ -74.836255574999882, 1.740663863000066 ], [ -74.836802405999947, 1.739984006000043 ], [ -74.837258491999989, 1.739587617000041 ], [ -74.837851286999921, 1.739355178000096 ], [ -74.839865457999963, 1.739204822999966 ], [ -74.840223768999977, 1.739407115 ], [ -74.840531408999937, 1.740027500999986 ], [ -74.840519380999979, 1.740863275000038 ], [ -74.840839961999961, 1.741576663000103 ], [ -74.840851378999901, 1.742301098000098 ], [ -74.840464317999931, 1.742787324000176 ], [ -74.838862753999877, 1.7438950290001 ], [ -74.839846978999958, 1.744784868000067 ], [ -74.843515227999887, 1.745687609000072 ], [ -74.84397772799997, 1.746174156000109 ], [ -74.844433744999947, 1.747105278000049 ], [ -74.845574129999989, 1.747725148000029 ], [ -74.846023674999969, 1.748192624000126 ], [ -74.847179125999901, 1.750708675000055 ], [ -74.848202312999888, 1.754343351000045 ], [ -74.848978349999982, 1.75578328000006 ], [ -74.849082489999887, 1.756899214000043 ], [ -74.85003661899998, 1.760555686000032 ], [ -74.850838039999928, 1.762234896000109 ], [ -74.851187071999959, 1.763517744000183 ], [ -74.851458663999949, 1.763894084000071 ], [ -74.851827534999927, 1.76413889100013 ], [ -74.854513963999977, 1.765055804999974 ], [ -74.85482932799988, 1.765920406000021 ], [ -74.854798358999972, 1.767228844000101 ], [ -74.855809583999985, 1.767874403000121 ], [ -74.856012347999979, 1.768162848000088 ], [ -74.856276269999967, 1.769526196000129 ], [ -74.857494813999892, 1.771304951000104 ], [ -74.857922287999884, 1.7728880680001 ], [ -74.858766604999971, 1.774470679000046 ], [ -74.859857455999986, 1.775214151000114 ], [ -74.860268626999982, 1.775648007000086 ], [ -74.861406029999955, 1.777782599000147 ], [ -74.861990157999969, 1.778158270000063 ], [ -74.863836570999979, 1.778813503000038 ], [ -74.864830413999925, 1.779811447000156 ], [ -74.865617240999939, 1.780888441000116 ], [ -74.868044378999969, 1.783044190000055 ], [ -74.868585098999915, 1.783712712000124 ], [ -74.869227913999907, 1.784851934000017 ], [ -74.871138830999939, 1.786367507000136 ], [ -74.872380466999971, 1.788618041000177 ], [ -74.872554034999951, 1.789472991000025 ], [ -74.872581317999902, 1.790779238000027 ], [ -74.873225055999967, 1.792595322000182 ], [ -74.873240673999931, 1.793684934999987 ], [ -74.873681099999942, 1.796367185000065 ], [ -74.873674033999976, 1.797237217000088 ], [ -74.8733759079999, 1.798360320000029 ], [ -74.872936494999976, 1.799128603000099 ], [ -74.872516164999922, 1.799569774000076 ], [ -74.871385250999879, 1.800272565000057 ], [ -74.870253219999938, 1.801403164000078 ], [ -74.869805802999963, 1.80200097900007 ], [ -74.869403812999963, 1.802956864000066 ], [ -74.869162215999893, 1.803931669000121 ], [ -74.869357781999895, 1.804681103000178 ], [ -74.86947258299989, 1.806364694000081 ], [ -74.868960502999983, 1.807420886000102 ], [ -74.86877683199998, 1.808111368000027 ], [ -74.868782525999904, 1.812151201000063 ], [ -74.86901653599989, 1.815363908000052 ], [ -74.870384391999949, 1.818236185000103 ], [ -74.870942803999981, 1.820105857999977 ], [ -74.871058019999964, 1.825026285999968 ], [ -74.87121418299995, 1.826024853000092 ], [ -74.872933592999914, 1.828721363000113 ], [ -74.87324736599993, 1.829634752000061 ], [ -74.872670143999983, 1.830665956000132 ], [ -74.87233605299997, 1.831985421000127 ], [ -74.871882501999892, 1.83258221900013 ], [ -74.871725755999989, 1.833700942000064 ], [ -74.870651110999972, 1.835233457000129 ], [ -74.870626605999973, 1.835998498000095 ], [ -74.870372953999947, 1.836565717000042 ], [ -74.86965047699988, 1.83723078200012 ], [ -74.868779977999964, 1.83725358800001 ], [ -74.868379926999978, 1.837451134000048 ], [ -74.868420729899015, 1.839076255408656 ], [ -74.869175862999953, 1.83926281600003 ], [ -74.869841425999937, 1.840247406000117 ], [ -74.871128961999887, 1.840743797000073 ], [ -74.872019197999919, 1.842060268000182 ], [ -74.872860913999943, 1.842567934000101 ], [ -74.873719993999885, 1.843490046 ], [ -74.875661159999936, 1.844305662000181 ], [ -74.876121940999951, 1.844752655000093 ], [ -74.876427044999957, 1.846192744000177 ], [ -74.876866169999971, 1.846487338000031 ], [ -74.881677511999953, 1.848755997000069 ], [ -74.885349638999969, 1.849460377000071 ], [ -74.886979676999886, 1.850096801000177 ], [ -74.887848414999951, 1.849973314000181 ], [ -74.888717423999879, 1.850018163000072 ], [ -74.89110811099988, 1.850325101000067 ], [ -74.891983423999932, 1.850626123000097 ], [ -74.892348211999945, 1.851328201000058 ], [ -74.892788855999981, 1.853343675000019 ], [ -74.893291766999937, 1.854611571000135 ], [ -74.893950630999882, 1.85479551200018 ], [ -74.895121252999957, 1.854842835999989 ], [ -74.895783090999942, 1.855056918000116 ], [ -74.896401290999904, 1.856002904000093 ], [ -74.896299195999973, 1.856866657000012 ], [ -74.896813235999957, 1.857648735000112 ], [ -74.897607004999941, 1.858103137 ], [ -74.899058340999943, 1.858362558000067 ], [ -74.899651623999887, 1.858609110000032 ], [ -74.902152793999903, 1.860435279000058 ], [ -74.90400525299998, 1.861506621000103 ], [ -74.904538655999943, 1.862624426000082 ], [ -74.906157485999984, 1.865110452000124 ], [ -74.908058897999979, 1.867389991000152 ], [ -74.909187098999894, 1.867828246999977 ], [ -74.91225403999988, 1.867932370000176 ], [ -74.912680790999957, 1.868248609000148 ], [ -74.913282659999936, 1.86962315300002 ], [ -74.913649482999972, 1.869926550000173 ], [ -74.918585505999943, 1.870923450000021 ], [ -74.920113741999899, 1.872199667000189 ], [ -74.920647331999987, 1.872341907000077 ], [ -74.923853965999911, 1.872477735000132 ], [ -74.925721397999894, 1.873126369000147 ], [ -74.92658404499997, 1.874211547000016 ], [ -74.927247461999968, 1.875514177000184 ], [ -74.927388375999953, 1.876280172000065 ], [ -74.927999765999914, 1.877730272000122 ], [ -74.928696582999919, 1.8785229450001 ], [ -74.928993628999933, 1.879386375000081 ], [ -74.928807554999878, 1.880508467000027 ], [ -74.92851552999997, 1.881363913000143 ], [ -74.928447870999889, 1.882122536999987 ], [ -74.928591011999913, 1.882462455000052 ], [ -74.929017579999936, 1.882694948000051 ], [ -74.930870168999945, 1.882943527000066 ], [ -74.932692998999926, 1.883510474 ], [ -74.93663018299992, 1.885021042000119 ], [ -74.937554704999968, 1.88513108300009 ], [ -74.938177947999918, 1.885518067000135 ], [ -74.938716919999933, 1.886103912000181 ], [ -74.939231532999941, 1.88632606200008 ], [ -74.939940840999952, 1.886420728000132 ], [ -74.940420807999942, 1.886690755000132 ], [ -74.942066372999932, 1.889086830000053 ], [ -74.94349198599997, 1.888587298000118 ], [ -74.944032318999973, 1.888536675000125 ], [ -74.944556815999931, 1.888636036000094 ], [ -74.947625064999954, 1.889829382000073 ], [ -74.948647378999908, 1.890414947000124 ], [ -74.949111598999934, 1.891010140000049 ], [ -74.949761554999895, 1.892995196000186 ], [ -74.950483632264365, 1.894152684880396 ], [ -74.950682773999915, 1.892554527000016 ], [ -74.950939594999966, 1.891984771000125 ], [ -74.951608239999928, 1.891358229000161 ], [ -74.951525277999906, 1.888830480000024 ], [ -74.951954815999898, 1.886244694000084 ], [ -74.95157045499991, 1.883879065000031 ], [ -74.951889793999953, 1.882810622000022 ], [ -74.952536627999905, 1.88150462800013 ], [ -74.952887571999895, 1.879884121999964 ], [ -74.953515210999967, 1.878795001000015 ], [ -74.954322313999967, 1.878069115000187 ], [ -74.956098399999917, 1.877132656000072 ], [ -74.956513882999957, 1.876484633000189 ], [ -74.956880084999966, 1.875298982000061 ], [ -74.95683835899996, 1.8731055720001 ], [ -74.955669023999917, 1.871813833999965 ], [ -74.955629464999959, 1.869197980000081 ], [ -74.955935548999946, 1.867625919000147 ], [ -74.956524226999989, 1.866135878000023 ], [ -74.957405164999955, 1.865600549000078 ], [ -74.958304790999989, 1.865374304000056 ], [ -74.958929631999979, 1.863660243000083 ], [ -74.959602763999897, 1.86225427200003 ], [ -74.959688916999937, 1.861521912 ], [ -74.960051375999967, 1.860533189000023 ], [ -74.960550728999976, 1.860040281000067 ], [ -74.961070515999893, 1.858905826000068 ], [ -74.961334229999977, 1.857335531000103 ], [ -74.962161033999905, 1.855418867000139 ], [ -74.961402556999928, 1.853651457000126 ], [ -74.960985972999936, 1.853077411000015 ], [ -74.960395268999889, 1.852779264000162 ], [ -74.959837290999928, 1.851895276 ], [ -74.959680103999972, 1.850316890000158 ], [ -74.960697658999891, 1.848622509000052 ], [ -74.960886182999957, 1.84777907400013 ], [ -74.960458465999977, 1.845713248000095 ], [ -74.960710401999961, 1.844849058000023 ], [ -74.960594344999947, 1.844110257000068 ], [ -74.960073922999982, 1.842620834000058 ], [ -74.959779706999882, 1.840610905000062 ], [ -74.959337110999911, 1.840114528000129 ], [ -74.959208519999947, 1.838536602000147 ], [ -74.959897275999936, 1.836207180000144 ], [ -74.959814451999989, 1.835341937000067 ], [ -74.95883131699992, 1.833186283000032 ], [ -74.958817142999976, 1.832271554000101 ], [ -74.959074442999963, 1.830742344000043 ], [ -74.958951657999933, 1.829181151000114 ], [ -74.959188426999901, 1.828261778000183 ], [ -74.959826115999988, 1.82708794500013 ], [ -74.960320271999933, 1.825231070000029 ], [ -74.960071008999989, 1.824225548000186 ], [ -74.95901508299994, 1.822955522000086 ], [ -74.958747657999936, 1.822340886000177 ], [ -74.958191088999968, 1.821589231000075 ], [ -74.959487630999945, 1.820045561000086 ], [ -74.960014735999948, 1.818991132000122 ], [ -74.960084190999908, 1.818424450000123 ], [ -74.959837906999894, 1.817921037000133 ], [ -74.959385435999934, 1.817428265000046 ], [ -74.957888973999957, 1.816655315000048 ], [ -74.95747285799996, 1.81581221 ], [ -74.958331446999978, 1.812114781000048 ], [ -74.95812453699989, 1.811980754999979 ], [ -74.957628166999939, 1.811176489000047 ], [ -74.956397178999964, 1.808906474000082 ], [ -74.956271128999902, 1.807220971000163 ], [ -74.95640239699992, 1.806274032000033 ], [ -74.95603822299995, 1.80537950300004 ], [ -74.955188188999955, 1.804702646000067 ], [ -74.954643646999898, 1.804054708000081 ], [ -74.954254189999915, 1.803001692 ], [ -74.952945890999956, 1.800925612000185 ], [ -74.952486123999904, 1.799269270000082 ], [ -74.951841738999974, 1.798491942000112 ], [ -74.950994461999983, 1.797749860000181 ], [ -74.950611993999928, 1.796087120000095 ], [ -74.950137425999912, 1.794721549000144 ], [ -74.95015101499996, 1.794290166000053 ], [ -74.950685096999962, 1.792924966999976 ], [ -74.950177507999967, 1.792180916000177 ], [ -74.949669268999912, 1.790383936000183 ], [ -74.949179305999962, 1.789688340000168 ], [ -74.948716351999963, 1.787336067000126 ], [ -74.94758896399992, 1.786079958000016 ], [ -74.945958593999933, 1.786047774000053 ], [ -74.945340977999876, 1.785598657000094 ], [ -74.944764831999919, 1.784642397000027 ], [ -74.944679423999958, 1.783460379000076 ], [ -74.944855448999988, 1.782321864000153 ], [ -74.945439012999941, 1.780925871000022 ], [ -74.946176559999913, 1.779725448000079 ], [ -74.946367334999934, 1.779646426000113 ], [ -74.946799934999888, 1.779729905000181 ], [ -74.948735886999941, 1.781104626000115 ], [ -74.949258380999936, 1.781253457000105 ], [ -74.949970787999973, 1.781253101000061 ], [ -74.950359274999983, 1.780863074000024 ], [ -74.950727695999888, 1.7790043440001 ], [ -74.951256652999973, 1.777913512000055 ], [ -74.949500219999948, 1.778178116000106 ], [ -74.948180850999961, 1.778221725000094 ], [ -74.945410754999898, 1.777609711000082 ], [ -74.94483301199989, 1.777652355000043 ], [ -74.943533829999922, 1.779170077 ], [ -74.943236125999988, 1.779957856000124 ], [ -74.942419403999907, 1.780688983000118 ], [ -74.941529594999963, 1.781260450000048 ], [ -74.939097256999958, 1.78099992000017 ], [ -74.937314159999914, 1.78032069000011 ], [ -74.936513952999974, 1.778890305000175 ], [ -74.935795596999981, 1.778093366 ], [ -74.935561837999899, 1.777226239000129 ], [ -74.935638398999913, 1.776325101000168 ], [ -74.935447422999914, 1.77600488700017 ], [ -74.934240227999965, 1.775129328000105 ], [ -74.93370699899998, 1.774587271000087 ], [ -74.933462506999945, 1.77361979200009 ], [ -74.931652440999983, 1.770240698000066 ], [ -74.931548276999933, 1.767943704000118 ], [ -74.9311155769999, 1.764574859000163 ], [ -74.930832134999889, 1.763251636000177 ], [ -74.930089298999974, 1.762131215000124 ], [ -74.928395806999902, 1.76010614900008 ], [ -74.928012716999945, 1.760234417000049 ], [ -74.927057819999959, 1.760203104000027 ], [ -74.925708268999983, 1.759496735000084 ], [ -74.925451953999982, 1.759496519999971 ], [ -74.924801623999883, 1.759960004000163 ], [ -74.924101505999886, 1.760188777000167 ], [ -74.923586217999969, 1.760142584000164 ], [ -74.922428672999956, 1.759052773000121 ], [ -74.920887481999955, 1.758929384000169 ], [ -74.920689046999883, 1.758796794000034 ], [ -74.920770388999983, 1.757863544999964 ], [ -74.921535792999975, 1.757290928000089 ], [ -74.923300677999976, 1.756531689999974 ], [ -74.92421408499996, 1.755313447 ], [ -74.925043177999896, 1.754563810000093 ], [ -74.925617624999916, 1.752824242000031 ], [ -74.926151516999937, 1.74961114000007 ], [ -74.927703133999898, 1.747700324000107 ], [ -74.926664102999894, 1.743617861000075 ], [ -74.926078808999989, 1.742254520000131 ], [ -74.92556619699991, 1.73957619100014 ], [ -74.92535760699991, 1.739192256000081 ], [ -74.924943597999913, 1.738774058000104 ], [ -74.922710483999879, 1.737629425000023 ], [ -74.921389913999974, 1.737222199000087 ], [ -74.920355271999881, 1.736452617000168 ], [ -74.919281759999876, 1.735198253000135 ], [ -74.918668914999898, 1.734143554000184 ], [ -74.917920912999989, 1.733197162000181 ], [ -74.916057120999881, 1.732756319000032 ], [ -74.915096480999978, 1.731844323000075 ], [ -74.914624431999925, 1.730820822000055 ], [ -74.914439694999942, 1.729961102000118 ], [ -74.914722574999985, 1.728123697000058 ], [ -74.915296932999979, 1.727901637000173 ], [ -74.915965883999888, 1.728028442000095 ], [ -74.916563988999883, 1.727953168999989 ], [ -74.917233243999931, 1.727580082000145 ], [ -74.917424781999898, 1.727258927000094 ], [ -74.917510408999988, 1.726450723000028 ], [ -74.91775115199988, 1.725951507000104 ], [ -74.918131732999939, 1.725674071000071 ], [ -74.919331122999893, 1.724091379000015 ], [ -74.920227671999896, 1.723861784000121 ], [ -74.921948098999962, 1.7241169240001 ], [ -74.922169090999944, 1.724067719000061 ], [ -74.92246034599998, 1.723579574000041 ], [ -74.922423050999896, 1.719466537000187 ], [ -74.922849467999924, 1.718575908000105 ], [ -74.922850047999987, 1.717338482000059 ], [ -74.922986272999879, 1.716685706000021 ], [ -74.921689462999893, 1.715855724000107 ], [ -74.921002308999959, 1.714538184000162 ], [ -74.920382758999949, 1.71192088000015 ], [ -74.919292053999925, 1.711149294999984 ], [ -74.918876589999968, 1.710217245000138 ], [ -74.918941234999977, 1.710004140000024 ], [ -74.920192561999954, 1.708708709 ], [ -74.920484068999883, 1.708000048000088 ], [ -74.919593627999916, 1.707687876000023 ], [ -74.917436126999974, 1.707598390000101 ], [ -74.916676017999919, 1.707125813000175 ], [ -74.915298177999887, 1.707511244000159 ], [ -74.915081300999987, 1.707460675000164 ], [ -74.913832561999925, 1.706311551000113 ], [ -74.914240274999941, 1.70449269900007 ], [ -74.91416751099996, 1.703740910000136 ], [ -74.912951831999919, 1.702151854000078 ], [ -74.911810300999946, 1.701637104000156 ], [ -74.911502341999892, 1.701017176 ], [ -74.911457514695599, 1.700314356585807 ], [ -74.909893255999975, 1.699523563000128 ], [ -74.909039805999953, 1.699196813000128 ], [ -74.906911689999902, 1.698802841000031 ], [ -74.906024908999939, 1.698407217000181 ], [ -74.905254701999979, 1.698285178999981 ], [ -74.903516278999916, 1.698453595999979 ], [ -74.902098276999936, 1.699060704000146 ], [ -74.900932544999932, 1.699333144000093 ], [ -74.899722361999977, 1.699557271000117 ], [ -74.899129718999973, 1.699509097000032 ], [ -74.898023220999903, 1.698112643000115 ], [ -74.897019763999936, 1.697189251999987 ], [ -74.896189270999969, 1.695800867000173 ], [ -74.896091106999904, 1.694933189000153 ], [ -74.895597248999877, 1.694360258000074 ], [ -74.894026643999894, 1.693173553 ], [ -74.893357510999977, 1.692330351000066 ], [ -74.893201633999922, 1.690032935000033 ], [ -74.892834594999954, 1.687850753000134 ], [ -74.893991456999913, 1.686090149000108 ], [ -74.894318019999957, 1.684814532000189 ], [ -74.894523247999928, 1.683447590000071 ], [ -74.894190128999924, 1.680674206000106 ], [ -74.892256308999947, 1.678689012000177 ], [ -74.891222823999897, 1.678244360000122 ], [ -74.890645514999903, 1.676394902000084 ], [ -74.889115224999955, 1.673828245000038 ], [ -74.887160447999975, 1.67012676500002 ], [ -74.88691449199996, 1.668630843000074 ], [ -74.886796035999907, 1.664897565000103 ], [ -74.886911180999903, 1.66304180100002 ], [ -74.887184115999958, 1.662408942000127 ], [ -74.886965685999883, 1.661050001000092 ], [ -74.887468270999932, 1.659557890000144 ], [ -74.887306467999963, 1.658771104000095 ], [ -74.887486250999984, 1.657323367000117 ], [ -74.888161208999975, 1.656278389000136 ], [ -74.88816116299995, 1.654734414000018 ], [ -74.888323905999926, 1.653416238000034 ], [ -74.887769354999989, 1.652181192000171 ], [ -74.887814761999891, 1.650885620000054 ], [ -74.887105498999915, 1.648727558000019 ], [ -74.886385760999985, 1.647485862000167 ], [ -74.885529467999902, 1.645473780000145 ], [ -74.885668153999916, 1.644314571000052 ], [ -74.887051612999983, 1.642707202 ], [ -74.887548711999898, 1.640602392000119 ], [ -74.887741895999909, 1.638703142000168 ], [ -74.88716972799989, 1.637919000000124 ], [ -74.886852183999906, 1.636660783000025 ], [ -74.88714681499988, 1.635363033000147 ], [ -74.887036998999974, 1.633917054000108 ], [ -74.887750098999959, 1.632399879000104 ], [ -74.887974544999963, 1.629528523000033 ], [ -74.888607006999905, 1.628552297000056 ], [ -74.888848957999926, 1.627147665 ], [ -74.888789945999974, 1.626438201000099 ], [ -74.889094750999959, 1.625771325000187 ], [ -74.889496598999983, 1.624096032000011 ], [ -74.889208518999965, 1.622791337000024 ], [ -74.889375943999937, 1.621474264000028 ], [ -74.889628228999925, 1.620705089000069 ], [ -74.889533663999941, 1.619010903 ], [ -74.889733140999908, 1.618313552000131 ], [ -74.888954419999948, 1.617390574000183 ], [ -74.888813494999965, 1.616218329000048 ], [ -74.88933117199997, 1.615390529000138 ], [ -74.89008021199993, 1.615059522000024 ], [ -74.890636417999985, 1.614623904000041 ], [ -74.890793314999883, 1.612662797000041 ], [ -74.891209730999947, 1.61177787500003 ], [ -74.892236307999895, 1.610688309000125 ], [ -74.89341152999998, 1.610067547000085 ], [ -74.893994040999928, 1.6095997 ], [ -74.89476248099993, 1.608103546 ], [ -74.89537689399998, 1.607401059999972 ], [ -74.895405989999972, 1.607153054999969 ], [ -74.894894499999907, 1.605464979000089 ], [ -74.895055242999888, 1.60476138000007 ], [ -74.895657326999981, 1.604466203000072 ], [ -74.899195951999957, 1.60416186700013 ], [ -74.900942000999976, 1.604175353000187 ], [ -74.901417672999912, 1.603699597000059 ], [ -74.90289877399988, 1.601186484000038 ], [ -74.90330606699996, 1.600151922000066 ], [ -74.903480481999964, 1.598645135000027 ], [ -74.904167302083692, 1.595975433308467 ], [ -74.903646132999938, 1.595931612000129 ], [ -74.90272738199991, 1.596213172000148 ], [ -74.901893865999966, 1.596652690000099 ], [ -74.900611819999938, 1.596926916000029 ], [ -74.898531128999934, 1.596627682000133 ], [ -74.897964335999916, 1.596741515000076 ], [ -74.897154589999957, 1.597124373000099 ], [ -74.896654913999953, 1.597187416999986 ], [ -74.895478374999925, 1.596551433000116 ], [ -74.894146397999918, 1.59674873300014 ], [ -74.893185338999899, 1.597095558000149 ], [ -74.892252980999956, 1.597100523000108 ], [ -74.887979041999984, 1.595574995000163 ], [ -74.884987110999987, 1.595361056000172 ], [ -74.883449066999901, 1.595016927000188 ], [ -74.882318396999892, 1.59505767200011 ], [ -74.881146680999905, 1.595449737000138 ], [ -74.878174090999892, 1.59509992400001 ], [ -74.875727144999928, 1.594663317000084 ], [ -74.87497956899989, 1.593967907000092 ], [ -74.871602001999975, 1.593972880000024 ], [ -74.870799827999917, 1.593833422000046 ], [ -74.869374260999962, 1.59290623600009 ], [ -74.868959526999902, 1.592767747999972 ], [ -74.868470646999981, 1.593126791000088 ], [ -74.867330021999976, 1.593464701000187 ], [ -74.866643409999938, 1.594692311000131 ], [ -74.865934405999894, 1.595266478000156 ], [ -74.865192130999958, 1.595266154000115 ], [ -74.863921540999968, 1.594667711000056 ], [ -74.862116863999972, 1.594667348000144 ], [ -74.861426793999954, 1.594939276000048 ], [ -74.860917462999907, 1.595415738000042 ], [ -74.859914111999956, 1.597428211000022 ], [ -74.859144381999954, 1.597837366000022 ], [ -74.858281082999952, 1.598062931000129 ], [ -74.85331057999997, 1.598370082000088 ], [ -74.851222660999895, 1.598833754000054 ], [ -74.849151213999903, 1.599743137000075 ], [ -74.846548411999947, 1.600616269 ], [ -74.845178389999887, 1.600927196999976 ], [ -74.844116128999929, 1.60088405900018 ], [ -74.841872423999916, 1.60038596600009 ], [ -74.840371860999937, 1.601535351000052 ], [ -74.838466610999944, 1.602661492000038 ], [ -74.837229300999979, 1.60270950600011 ], [ -74.835001288999933, 1.602237593000041 ], [ -74.834534972999904, 1.602331639 ], [ -74.834014364999973, 1.603294427000094 ], [ -74.832351015999961, 1.604202578000184 ], [ -74.831817404999924, 1.605413195999972 ], [ -74.831094473999883, 1.605964899000071 ], [ -74.82916544699998, 1.606765983000116 ], [ -74.828269767999927, 1.607342822000135 ], [ -74.826913726999919, 1.60764979400011 ], [ -74.824489200999949, 1.607943400000067 ], [ -74.82283182599997, 1.608736572000169 ], [ -74.822091248999982, 1.609366301000136 ], [ -74.821290937999947, 1.609601276000149 ], [ -74.820599691999917, 1.609603844000162 ], [ -74.82014459699991, 1.611177478000172 ], [ -74.819099091999931, 1.611934507000171 ], [ -74.817780136999943, 1.611624091000067 ], [ -74.816801108999982, 1.610906349 ], [ -74.815093681999883, 1.610904111000025 ], [ -74.814255021999884, 1.610668580000151 ], [ -74.814097664999906, 1.610489149000159 ], [ -74.814133940999966, 1.610269429000084 ], [ -74.814340622999964, 1.610150101000158 ], [ -74.815166158999943, 1.610366811000119 ], [ -74.816951779999897, 1.610371902000111 ], [ -74.817994944999953, 1.61112547200014 ], [ -74.818959029999974, 1.611385237000036 ], [ -74.819678203999956, 1.610869212000068 ], [ -74.819924357999923, 1.609725057000162 ], [ -74.820319798999947, 1.609092136000129 ], [ -74.821216577999905, 1.609064005000164 ], [ -74.821854720999966, 1.608875123000189 ], [ -74.822547033999911, 1.608275554000045 ], [ -74.824336537999955, 1.607423338000046 ], [ -74.82684014199998, 1.607114502000059 ], [ -74.828075251999906, 1.606835408000052 ], [ -74.82892559599992, 1.606280419000086 ], [ -74.830806407999944, 1.605507275000036 ], [ -74.83136458499996, 1.605096479000167 ], [ -74.831959508999887, 1.60381252600007 ], [ -74.83363431399988, 1.602895440000054 ], [ -74.834251780999921, 1.601843441000142 ], [ -74.835021292999897, 1.601692669000101 ], [ -74.837269770999967, 1.602169453000101 ], [ -74.838333295999917, 1.602129896000122 ], [ -74.840067400999885, 1.601088888000163 ], [ -74.841763852999918, 1.599830648000136 ], [ -74.844184929999983, 1.600347980000095 ], [ -74.84511865199994, 1.60038859000008 ], [ -74.846404586999938, 1.600095811000131 ], [ -74.848965514999918, 1.599236079000036 ], [ -74.85105314499998, 1.598320291000107 ], [ -74.853210287999957, 1.597839614000065 ], [ -74.858211475999951, 1.597527324000168 ], [ -74.858978525999987, 1.597323132000156 ], [ -74.859497273999921, 1.59706372900007 ], [ -74.860467883999945, 1.595112955000161 ], [ -74.861175267999954, 1.594459408000148 ], [ -74.862030358999903, 1.594130082000106 ], [ -74.864005633999909, 1.594128711000053 ], [ -74.865318557999899, 1.594735821000029 ], [ -74.865765717999977, 1.594736115000046 ], [ -74.866211870999962, 1.59435867500008 ], [ -74.866997510999909, 1.593011 ], [ -74.868208696999943, 1.592647935000116 ], [ -74.868491854999945, 1.592340277000062 ], [ -74.868934638999974, 1.592219266000086 ], [ -74.869623746999878, 1.592426406000186 ], [ -74.870983155999909, 1.59331915100006 ], [ -74.87162574499996, 1.593433291000053 ], [ -74.875110848999952, 1.593438191000132 ], [ -74.875625387999889, 1.593717398000024 ], [ -74.87596190499994, 1.594155725000178 ], [ -74.878248310999936, 1.59456508 ], [ -74.881118377999883, 1.594904112000165 ], [ -74.882215430999963, 1.59452490100017 ], [ -74.883491474999971, 1.594476843999985 ], [ -74.885059005999892, 1.594825245000152 ], [ -74.888096517999941, 1.595045869999979 ], [ -74.892321023999898, 1.596561485999985 ], [ -74.893085025999881, 1.596561168000164 ], [ -74.894016338999904, 1.596222927000156 ], [ -74.895505270999934, 1.595996674000162 ], [ -74.896738159999984, 1.596637397000165 ], [ -74.898509117999879, 1.596084154000096 ], [ -74.900582440999983, 1.59638427200008 ], [ -74.901713638999979, 1.596141351000142 ], [ -74.902520292999952, 1.59571355300011 ], [ -74.903597570999978, 1.5953896850001 ], [ -74.904288219999955, 1.595441572000084 ], [ -74.905469257999926, 1.595965553000156 ], [ -74.906575491999888, 1.59621256700018 ], [ -74.908003313999927, 1.596089497000094 ], [ -74.908872067999937, 1.595874619000085 ], [ -74.910860628999899, 1.596165043000155 ], [ -74.911115596999934, 1.59610791200015 ], [ -74.911740639999891, 1.595583466000051 ], [ -74.91343997499996, 1.596262029000172 ], [ -74.914034721999883, 1.595947175000049 ], [ -74.915041654999982, 1.595688372000041 ], [ -74.915621033999969, 1.596024773000067 ], [ -74.915941317999909, 1.59669840000015 ], [ -74.916883631999895, 1.59768931800005 ], [ -74.916971787999898, 1.598439956000163 ], [ -74.917582798999945, 1.599127886000076 ], [ -74.918063624999888, 1.599465466000083 ], [ -74.918731351999895, 1.599577158000102 ], [ -74.920323579999945, 1.599249393000093 ], [ -74.924873989999924, 1.596934837000049 ], [ -74.92705776199989, 1.596978001000082 ], [ -74.93117101799993, 1.597793985000123 ], [ -74.932673665999914, 1.598619042000053 ], [ -74.933626143999959, 1.599311416000148 ], [ -74.934321669999974, 1.599608778000061 ], [ -74.934441575999926, 1.599833106000176 ], [ -74.933618581999951, 1.600721704000136 ], [ -74.932679460999964, 1.601263314 ], [ -74.930024644999946, 1.601986528000168 ], [ -74.929902140999957, 1.602342436000129 ], [ -74.929751126999975, 1.603193675000114 ], [ -74.92973442199991, 1.604475305000108 ], [ -74.929282144999888, 1.606531822000022 ], [ -74.929213481999909, 1.608166585000163 ], [ -74.929426232999901, 1.609284979000165 ], [ -74.930756707999876, 1.613254246000054 ], [ -74.931395925999936, 1.61412700600016 ], [ -74.932949763999943, 1.615675552000027 ], [ -74.936337545999947, 1.61794896300006 ], [ -74.937120491999906, 1.619208534000109 ], [ -74.937789664999912, 1.619865540000148 ], [ -74.938291444999891, 1.620068099000093 ], [ -74.939576072999955, 1.620287816000086 ], [ -74.941803266999955, 1.620397220000086 ], [ -74.942376589999924, 1.620654641000158 ], [ -74.942827372999943, 1.621133532000044 ], [ -74.943241931999978, 1.621914414000173 ], [ -74.943373030999965, 1.622722996000107 ], [ -74.943277567999985, 1.623429861999966 ], [ -74.942747546999897, 1.624560406000114 ], [ -74.94292855499998, 1.626645615000029 ], [ -74.943217081999933, 1.627287054000078 ], [ -74.944558103999952, 1.628504730000145 ], [ -74.945326263999902, 1.629913001000034 ], [ -74.945751249999944, 1.631780339000159 ], [ -74.945715872587982, 1.633610538539642 ], [ -74.947660103999965, 1.633914319000155 ], [ -74.948669368999958, 1.633914394000101 ], [ -74.949536573999922, 1.63387298900011 ], [ -74.951041885999985, 1.633485564000125 ], [ -74.952204946999927, 1.633399499 ], [ -74.952480434999984, 1.63320368400008 ], [ -74.952576845999886, 1.632718456000077 ], [ -74.953043087999902, 1.632052149000117 ], [ -74.953876734999881, 1.631482959999971 ], [ -74.954826305999916, 1.631534693999981 ], [ -74.955523460999984, 1.631885602000068 ], [ -74.956363317999887, 1.633448908000105 ], [ -74.95671519699988, 1.633610626000177 ], [ -74.956966752999904, 1.633610511000086 ], [ -74.957483235999916, 1.632465896000156 ], [ -74.958086196999886, 1.632266637999976 ], [ -74.959020020999901, 1.632307940000032 ], [ -74.960062704999928, 1.631654895999986 ], [ -74.960847833999878, 1.631484879000084 ], [ -74.961537002999989, 1.631779021000057 ], [ -74.963164479999989, 1.63280262000012 ], [ -74.964445754999929, 1.63241639600011 ], [ -74.96474408399996, 1.632034506000139 ], [ -74.965122789999896, 1.631856759000073 ], [ -74.966422242999954, 1.630691205000119 ], [ -74.968303832999936, 1.630204189000153 ], [ -74.969726069999922, 1.628874961000122 ], [ -74.970898156999908, 1.628552303000049 ], [ -74.973142524999901, 1.62827387700014 ], [ -74.973646277999933, 1.627693998000041 ], [ -74.973957977999987, 1.626790894000067 ], [ -74.974090266999895, 1.625279644000102 ], [ -74.974584567999955, 1.624358578000113 ], [ -74.975477982999962, 1.623573455000042 ], [ -74.976468363999913, 1.622461884000188 ], [ -74.978098522999915, 1.621871108000164 ], [ -74.980719000999898, 1.622037417000172 ], [ -74.981584904999977, 1.621918200000152 ], [ -74.983101034999947, 1.621273527000028 ], [ -74.983698248999929, 1.620371156000033 ], [ -74.983937103999892, 1.618521883000085 ], [ -74.983735951999961, 1.617664876000106 ], [ -74.983915383999886, 1.617507519000128 ], [ -74.984429326999987, 1.617471358999978 ], [ -74.984678738999889, 1.617220143000168 ], [ -74.98571920899991, 1.615624423000156 ], [ -74.985678893999989, 1.614159948 ], [ -74.986340717999951, 1.613183236000054 ], [ -74.987122567999961, 1.61295428699998 ], [ -74.989050165999913, 1.612737681 ], [ -74.990630370999952, 1.612079545000086 ], [ -74.991371072999925, 1.61198876900005 ], [ -74.991640435999955, 1.612195266000185 ], [ -74.991692395999962, 1.612459106000131 ], [ -74.99150674599997, 1.61263298700004 ], [ -74.991227776999892, 1.612543041000094 ], [ -74.990755843999921, 1.612606582000126 ], [ -74.989186190999988, 1.613262491000114 ], [ -74.986671813999976, 1.6136318 ], [ -74.986218621999967, 1.614299006000181 ], [ -74.986225658999899, 1.615838340000153 ], [ -74.985099109999965, 1.617561865000027 ], [ -74.984683111999914, 1.61796819500006 ], [ -74.984345142999928, 1.618016932000103 ], [ -74.984481686999914, 1.618516441000168 ], [ -74.984218821999946, 1.620537030000094 ], [ -74.983442596999964, 1.621708495000121 ], [ -74.981715540999971, 1.622444416000178 ], [ -74.980727525999896, 1.622578383000132 ], [ -74.978173589999983, 1.622411200000101 ], [ -74.97676076099998, 1.622925327000075 ], [ -74.975859069999956, 1.623956464000059 ], [ -74.975031293999962, 1.624666223000077 ], [ -74.974614906999989, 1.62542887799998 ], [ -74.974488587999986, 1.626899788 ], [ -74.974133509999945, 1.627934702000061 ], [ -74.973467158999938, 1.628719192000119 ], [ -74.972601717999908, 1.62895531700002 ], [ -74.970997267999962, 1.629083859000161 ], [ -74.969981674999929, 1.629359505000082 ], [ -74.968592703999946, 1.630668352999976 ], [ -74.966698644999894, 1.631164640000122 ], [ -74.965633486235163, 1.63212310789595 ], [ -74.967513127999894, 1.633741274000158 ], [ -74.968570912999951, 1.634940320000055 ], [ -74.96997375199993, 1.635698870000112 ], [ -74.970633778999911, 1.636444104000134 ], [ -74.971262369999977, 1.63791457100001 ], [ -74.971871939999971, 1.638854231000153 ], [ -74.972424221999972, 1.639311740000096 ], [ -74.972539869999878, 1.640330611000081 ], [ -74.972900267999933, 1.641416951999986 ], [ -74.974630826999942, 1.643165537000186 ], [ -74.975951635999934, 1.643211094000151 ], [ -74.976740789999894, 1.64252649600013 ], [ -74.977640090999898, 1.642549700000131 ], [ -74.97913750399988, 1.643642845000045 ], [ -74.980468881999911, 1.643764594000118 ], [ -74.981996461999927, 1.643679089000045 ], [ -74.98252826912983, 1.643784695390138 ], [ -74.982746372999884, 1.64368878300013 ], [ -74.983122514999934, 1.643150124000044 ], [ -74.984815849999961, 1.641485460000183 ], [ -74.985742823999942, 1.639666989000091 ], [ -74.986948257999927, 1.639206905000037 ], [ -74.988385854999933, 1.639204490000111 ], [ -74.989712406999899, 1.639037767000048 ], [ -74.991832435999925, 1.638228030000107 ], [ -74.992443632999937, 1.637880385000074 ], [ -74.993393193999907, 1.636675364000098 ], [ -74.993636603999903, 1.636749202000146 ], [ -74.994648649999988, 1.637955285000032 ], [ -74.994972333999897, 1.63906589200019 ], [ -74.994972261999919, 1.640178468000045 ], [ -74.993522837999876, 1.642259304000049 ], [ -74.993242393999878, 1.643077460000086 ], [ -74.993074043999968, 1.644037042000093 ], [ -74.993029164999882, 1.645437479000066 ], [ -74.993158912999888, 1.647309760000155 ], [ -74.993019840999921, 1.64824829600002 ], [ -74.992825172999972, 1.648748052000144 ], [ -74.992204640999887, 1.649470803000156 ], [ -74.99151507199997, 1.650722814000119 ], [ -74.992132421999941, 1.653109544000074 ], [ -74.993186507999951, 1.655310586000098 ], [ -74.993494070999986, 1.656510796000077 ], [ -74.993427186999895, 1.657049232000077 ], [ -74.993171970999981, 1.657542248000027 ], [ -74.992163609999977, 1.658222763000083 ], [ -74.992203276999987, 1.658587535000095 ], [ -74.992010093999966, 1.658909592000157 ], [ -74.992014950999931, 1.659384189000093 ], [ -74.992584612999963, 1.660419116000185 ], [ -74.992844979999916, 1.660567125000057 ], [ -74.99397313299994, 1.660704894000048 ], [ -74.995297584999946, 1.661227823000047 ], [ -74.996242881999876, 1.661856659000023 ], [ -74.998167712999987, 1.666010852000113 ], [ -74.998766990999911, 1.666705350000029 ], [ -74.998864467999908, 1.667108135000035 ], [ -75.000234106999983, 1.666772826999988 ], [ -75.001162314999988, 1.66669550850014 ], [ -75.001400147999902, 1.66687800450012 ], [ -75.001688412999954, 1.66908801600016 ], [ -75.001471405999951, 1.669715939000127 ], [ -75.001378173999967, 1.672292184000071 ], [ -75.002004154999895, 1.673293229000024 ], [ -75.002070388999982, 1.673831629000176 ], [ -75.001704515999961, 1.674380365000104 ], [ -75.001649374999943, 1.674716702000126 ], [ -75.001766577999945, 1.675146709999979 ], [ -75.002144702999885, 1.675510290000034 ], [ -75.002994094999906, 1.67677887800005 ], [ -75.003200721999974, 1.677353987000117 ], [ -75.003187038999897, 1.677928534000102 ], [ -75.002796593999904, 1.679611763000025 ], [ -75.003034813999989, 1.680028929000116 ], [ -75.003614046999985, 1.680556939999974 ], [ -75.004054533999977, 1.681792562000112 ], [ -75.00394110499991, 1.682493095000041 ], [ -75.00355809399997, 1.683147580000139 ], [ -75.003443846999915, 1.683664658000112 ], [ -75.003324201999931, 1.685530680000113 ], [ -75.00291780099991, 1.686447289 ], [ -75.001494769999908, 1.688354141000048 ], [ -75.001966578999884, 1.68918858700016 ], [ -75.001845409999987, 1.690097988 ], [ -75.001910682999892, 1.690624707000154 ], [ -75.003187530999924, 1.692884649000121 ], [ -75.00346787299992, 1.693928544000073 ], [ -75.003736752999885, 1.694417738000027 ], [ -75.004461609999908, 1.69550694100019 ], [ -75.00511719699989, 1.696264574000054 ], [ -75.006219219999934, 1.697216704000141 ], [ -75.006490979999967, 1.697671786000171 ], [ -75.006725206999988, 1.699188153000136 ], [ -75.007897421999985, 1.700083232 ], [ -75.008261108999989, 1.700656641000137 ], [ -75.008618650999892, 1.702114303000087 ], [ -75.008894600999895, 1.702571498 ], [ -75.00911875099996, 1.703382041 ], [ -75.009220297999946, 1.705906983000034 ], [ -75.009315476999973, 1.7067170790001 ], [ -75.009675939999966, 1.707989464000093 ], [ -75.0097774219999, 1.70998858300004 ], [ -75.009565678999877, 1.711305853000169 ], [ -75.009362834999934, 1.711397761000114 ], [ -75.00880075699996, 1.711321229000021 ], [ -75.008189545999983, 1.711639675000072 ], [ -75.00784255699989, 1.712623215000065 ], [ -75.007427122999957, 1.713177681000161 ], [ -75.006720555999948, 1.713736114000085 ], [ -75.005557885999963, 1.714110807000054 ], [ -75.005037593999987, 1.71450402 ], [ -75.004638937999914, 1.714893358999973 ], [ -75.004095525999901, 1.71609490000003 ], [ -75.003658690999941, 1.716700506000052 ], [ -75.002112728999975, 1.717755006000061 ], [ -74.999452990999941, 1.718962234000116 ], [ -74.999163052999904, 1.719388142000184 ], [ -74.998549537999963, 1.720974133000027 ], [ -74.998148632999914, 1.721602055000119 ], [ -74.998136822999925, 1.722333291000041 ], [ -74.999211069999888, 1.723484156000154 ], [ -74.99910650399994, 1.724022053000169 ], [ -74.998509978999891, 1.725338359000034 ], [ -74.998281421999877, 1.727190039000106 ], [ -74.998061158999974, 1.727370805000135 ], [ -74.996672546999889, 1.727243759000089 ], [ -74.996506627999963, 1.727377203000117 ], [ -74.996588439999982, 1.728869917000168 ], [ -74.996947492999936, 1.729227459000072 ], [ -74.997011472999986, 1.729886972000031 ], [ -74.995834146999982, 1.731235333000143 ], [ -74.995795458999908, 1.731753206000064 ], [ -74.997114831999909, 1.733191875000045 ], [ -74.997176599999989, 1.733422400000165 ], [ -74.996245569999928, 1.734202621000179 ], [ -74.995419084999924, 1.734541710999963 ], [ -74.995084100999918, 1.735110413000143 ], [ -74.995169806999911, 1.735511155000097 ], [ -74.99652005199988, 1.736731810000094 ], [ -74.996868535999965, 1.738237799000103 ], [ -74.998359951999987, 1.73949187400018 ], [ -74.998961531999953, 1.740584106000142 ], [ -74.998970793999888, 1.742005390000145 ], [ -74.99875366699996, 1.743168965000052 ], [ -74.998351663999927, 1.74391952100018 ], [ -74.998226884999895, 1.744864773000018 ], [ -74.998296224999876, 1.746815100000049 ], [ -74.998418980999986, 1.74722531700013 ], [ -74.997560624999949, 1.748325017000184 ], [ -74.996353143999954, 1.749349478000113 ], [ -74.995656521999877, 1.750835292000147 ], [ -74.995324275999906, 1.752139274 ], [ -74.995153097999946, 1.75357890500004 ], [ -74.995193560999951, 1.757343402 ], [ -74.995078663999948, 1.7593311870001 ], [ -74.995350088999942, 1.761880975 ], [ -74.994960558999935, 1.763162519 ], [ -74.994872710999914, 1.764093387000116 ], [ -74.994183488999909, 1.765487576999988 ], [ -74.994459799999959, 1.766075796999985 ], [ -74.994503959999975, 1.767537886000071 ], [ -74.995343353999885, 1.767952636000132 ], [ -74.996019519999891, 1.768881350000072 ], [ -74.997184252999887, 1.769367499000055 ], [ -74.998789225999985, 1.77226267500015 ], [ -75.002275901999894, 1.772979332000034 ], [ -75.003069767999932, 1.773257345 ], [ -75.003410386999974, 1.773703597000178 ], [ -75.003630046999945, 1.774514441000122 ], [ -75.003961983999886, 1.776171653000119 ], [ -75.00398540499998, 1.77694831600013 ], [ -75.005039469999929, 1.776844666000102 ], [ -75.00605691699991, 1.777593349000142 ], [ -75.007234503999939, 1.777740355000049 ], [ -75.007652303999976, 1.777916534000155 ], [ -75.010045823999917, 1.780358549000141 ], [ -75.01045049399994, 1.780562379000116 ], [ -75.014194973999963, 1.781404585000189 ], [ -75.015372710999884, 1.781876487000147 ], [ -75.017260021999959, 1.783384629000068 ], [ -75.019167517999961, 1.783678318000113 ], [ -75.019840190999957, 1.783919627999978 ], [ -75.021084565999956, 1.784842883000067 ], [ -75.022815952999963, 1.785141297999985 ], [ -75.024122345999956, 1.785746326000151 ], [ -75.027035007999984, 1.786169869000105 ], [ -75.027229791999957, 1.786377837999964 ], [ -75.027143068499925, 1.786633317000053 ], [ -75.026174796999953, 1.787296323000021 ], [ -75.024809221999931, 1.788123977000112 ], [ -75.023211688999936, 1.788890767000169 ], [ -75.022119681999982, 1.789613521000092 ], [ -75.019393445999924, 1.791722410999967 ], [ -75.01815719699988, 1.793282066000131 ], [ -75.017850232999876, 1.793928172000165 ], [ -75.017349812999953, 1.796307678 ], [ -75.016754979999916, 1.797000670000159 ], [ -75.016197614999896, 1.797163039 ], [ -75.015184520999924, 1.797216378999963 ], [ -75.014177769999947, 1.797012483000174 ], [ -75.012200285999938, 1.797164616000032 ], [ -75.010474098999907, 1.796656878000135 ], [ -75.009243991999938, 1.796968069000059 ], [ -75.008243745999948, 1.797426912999981 ], [ -75.008305410999981, 1.798557458000175 ], [ -75.007427755999913, 1.79954860700002 ], [ -75.00662016699988, 1.80011317900005 ], [ -75.005849890999968, 1.80094383800008 ], [ -75.004061362999948, 1.803456838000045 ], [ -75.003824257999952, 1.806602219000126 ], [ -75.004547124999988, 1.810802791000071 ], [ -75.003896017999921, 1.812705335999965 ], [ -75.004054829999916, 1.814593323000167 ], [ -75.005539081999984, 1.817415619999963 ], [ -75.006208032999893, 1.831255360000057 ], [ -75.008157475999894, 1.834571849000099 ], [ -75.013486015999888, 1.836713266000118 ], [ -75.021554682999977, 1.839033667000137 ], [ -75.024892198999964, 1.844275026000105 ], [ -75.025847611058623, 1.846273087243333 ], [ -75.028402245999985, 1.844919813000104 ], [ -75.030424671999981, 1.844155479000108 ], [ -75.032698313999958, 1.84351827200004 ], [ -75.03424584499993, 1.843508284999984 ], [ -75.036118344999977, 1.843131040000173 ], [ -75.03850733999991, 1.842876618000048 ], [ -75.039565889999949, 1.843616443000087 ], [ -75.041645237999944, 1.844781977000082 ], [ -75.042041297999958, 1.844875520000073 ], [ -75.043825680999987, 1.843157273000088 ], [ -75.045734521999975, 1.84160497 ], [ -75.046400073999905, 1.840545558000088 ], [ -75.047085379999942, 1.84047573600003 ], [ -75.048555864999912, 1.839246715 ], [ -75.051664148999976, 1.837697167000044 ], [ -75.053113898999925, 1.837696413000174 ], [ -75.054686841999967, 1.838092329000062 ], [ -75.056028911999988, 1.839285665000034 ], [ -75.056742463999967, 1.840121071000056 ], [ -75.058289492999961, 1.84054655000017 ], [ -75.061092415999894, 1.840591380000149 ], [ -75.066050676999907, 1.839873548000071 ], [ -75.066863171999898, 1.842234094 ], [ -75.066819320999912, 1.842722214000048 ], [ -75.066261637999958, 1.844056212000112 ], [ -75.066428280999958, 1.844896179999978 ], [ -75.066556360999982, 1.847247179000078 ], [ -75.067033821999985, 1.848665456000106 ], [ -75.067617505999976, 1.849450926000088 ], [ -75.067604124999889, 1.851195853000149 ], [ -75.067895491999934, 1.851526095000111 ], [ -75.069002466999962, 1.851607977000128 ], [ -75.069379356999889, 1.852045180000175 ], [ -75.069153953999887, 1.854214008000042 ], [ -75.069434618999935, 1.856260613000188 ], [ -75.06937688599993, 1.856740651999985 ], [ -75.068639558999962, 1.857421825000131 ], [ -75.068266575999928, 1.858053552000115 ], [ -75.06934674699994, 1.858869255000172 ], [ -75.069636657999979, 1.859316249000017 ], [ -75.069755082999961, 1.859739447000038 ], [ -75.069798381999931, 1.861280286000067 ], [ -75.070779751999964, 1.862819531000184 ], [ -75.070968383999912, 1.863822470000116 ], [ -75.070852027999877, 1.864770018000172 ], [ -75.070275609999953, 1.866098512000121 ], [ -75.070215420999887, 1.866701754000132 ], [ -75.070273206999957, 1.867106127000113 ], [ -75.071123820999901, 1.868581493000136 ], [ -75.071017203999986, 1.869608336000113 ], [ -75.071204217999878, 1.87175342300003 ], [ -75.072243156999946, 1.872584375000031 ], [ -75.072490077999987, 1.87294076600017 ], [ -75.072451413999886, 1.873578172000123 ], [ -75.071881160999965, 1.874429655000142 ], [ -75.072175539999989, 1.874854369000104 ], [ -75.073435428999915, 1.875797181000166 ], [ -75.073721156999966, 1.876536516000101 ], [ -75.073573067999973, 1.877431782000144 ], [ -75.072721810999951, 1.878580979999981 ], [ -75.072612139999933, 1.879496255000163 ], [ -75.071739946999969, 1.880961393000064 ], [ -75.071874750999939, 1.884253355000112 ], [ -75.07234617499995, 1.884966296000016 ], [ -75.073186048999901, 1.885777613000073 ], [ -75.073997719999909, 1.888091085000042 ], [ -75.074365514999897, 1.888696008000068 ], [ -75.074896310999918, 1.889254144000063 ], [ -75.075400339999987, 1.890055142000108 ], [ -75.076124159999893, 1.890781559000061 ], [ -75.07682097199995, 1.891165245000025 ], [ -75.077075625999953, 1.891563128000143 ], [ -75.077223794999952, 1.892966378999972 ], [ -75.078079752999884, 1.894699345000049 ], [ -75.077955668999948, 1.895179671000164 ], [ -75.077416350999897, 1.895525641000177 ], [ -75.077814358999944, 1.89648860300008 ], [ -75.07785075399994, 1.896878667000067 ], [ -75.077578401999972, 1.897831845000042 ], [ -75.077595875999918, 1.898288265000133 ], [ -75.077885618999915, 1.898721399000124 ], [ -75.078129354999987, 1.900018159000126 ], [ -75.079204139999945, 1.901215439000055 ], [ -75.079757633999975, 1.901699884999971 ], [ -75.080766439999877, 1.902275364000104 ], [ -75.082007889999943, 1.902690447000055 ], [ -75.0831133289999, 1.902775673000178 ], [ -75.08376975699997, 1.902507670000148 ], [ -75.084406443999967, 1.902545337000106 ], [ -75.086539767999909, 1.904231659000061 ], [ -75.087028430999908, 1.904314077000095 ], [ -75.087439562999919, 1.904112699000166 ], [ -75.087853589999895, 1.904144838000036 ], [ -75.089633548999984, 1.905312217000073 ], [ -75.091201094999917, 1.905948980000119 ], [ -75.091892540999936, 1.906057385000111 ], [ -75.092618087999938, 1.906005543999981 ], [ -75.094079206999936, 1.905052420000175 ], [ -75.094622471999969, 1.904999166000039 ], [ -75.096464849999904, 1.906296482000073 ], [ -75.098068059999946, 1.908558474000188 ], [ -75.099720414999979, 1.908754003000126 ], [ -75.100275205999878, 1.909212450000098 ], [ -75.100869405999902, 1.909945736000054 ], [ -75.101501073999941, 1.910346165000021 ], [ -75.102703602999895, 1.910840906000033 ], [ -75.103317534999974, 1.911265618000186 ], [ -75.10446098299991, 1.912443488000122 ], [ -75.104948227999898, 1.912461533000112 ], [ -75.10535704199998, 1.912649804000125 ], [ -75.106662460999985, 1.914174932000037 ], [ -75.10683158799992, 1.915049785 ], [ -75.107267345999958, 1.915818134000119 ], [ -75.107761211999957, 1.916198893000058 ], [ -75.10860841799996, 1.916562365000118 ], [ -75.108898439999962, 1.916857939000067 ], [ -75.109048183999903, 1.917227736000029 ], [ -75.109069932999944, 1.918618669000068 ], [ -75.109247006999965, 1.919032480000112 ], [ -75.109878564999974, 1.919730550000168 ], [ -75.112224376999905, 1.921654928000066 ], [ -75.112866105999899, 1.922532826 ], [ -75.113045691999901, 1.923688590000097 ], [ -75.114893132999953, 1.925467672000025 ], [ -75.115384075999941, 1.926780816000132 ], [ -75.115482578893022, 1.92801390830931 ], [ -75.125828399999932, 1.921443643000032 ], [ -75.128874477999886, 1.920127672000149 ], [ -75.129868644999988, 1.919913297000107 ], [ -75.132013857999937, 1.919697615000189 ], [ -75.135226535999948, 1.91962729100004 ], [ -75.138378529999954, 1.919765914000038 ], [ -75.146093272999963, 1.921170661000019 ], [ -75.147902287999955, 1.92125495199997 ], [ -75.148692705999906, 1.921103865000021 ], [ -75.148968986999932, 1.921251540000071 ], [ -75.149122413999919, 1.921562659000131 ], [ -75.149054737999961, 1.921902887000044 ], [ -75.148760882999966, 1.922144047000074 ], [ -75.148042154999985, 1.922329562000073 ], [ -75.146883328999934, 1.922355750000122 ], [ -75.138290983999923, 1.920842152000091 ], [ -75.135232231999964, 1.920706608999978 ], [ -75.132081828999958, 1.920775064000054 ], [ -75.129243529999883, 1.921143643000107 ], [ -75.126350520999949, 1.922389792000104 ], [ -75.115829173999941, 1.929061523000087 ], [ -75.115167113999973, 1.92933325100006 ], [ -75.11425883499993, 1.92948487600006 ], [ -75.110200709999901, 1.929603142000076 ], [ -75.10935789499996, 1.92986517900016 ], [ -75.107249242999956, 1.93138954200009 ], [ -75.103156531999957, 1.934976037000069 ], [ -75.100666845999967, 1.936512016999984 ], [ -75.097321602999898, 1.93788441200013 ], [ -75.089421664999975, 1.937997762000066 ], [ -75.087555291999934, 1.940981804999979 ], [ -75.086028608999982, 1.942686558999981 ], [ -75.085207204999961, 1.943300026000031 ], [ -75.083055284999887, 1.944464089000178 ], [ -75.072406834999924, 1.948155689999965 ], [ -75.067180818999987, 1.950383694000152 ], [ -75.059879621154721, 1.953193852955621 ], [ -75.062184403999936, 1.958566034000171 ], [ -75.066078987999958, 1.966368807000151 ], [ -75.066224990999956, 1.967923877000032 ], [ -75.065620179999883, 1.971296055000153 ], [ -75.065652247999878, 1.971537514000147 ], [ -75.066281024999967, 1.972472702000061 ], [ -75.066785011999912, 1.973590022000167 ], [ -75.067323585999986, 1.978805910000062 ], [ -75.067296521999936, 1.979816610000057 ], [ -75.06694804499989, 1.980501459000095 ], [ -75.061891206999917, 1.986153143000024 ], [ -75.061645536999947, 1.986729841000113 ], [ -75.061531755999908, 1.988836018000029 ], [ -75.061367513999926, 1.989050062 ], [ -75.061114375999921, 1.989025130000073 ], [ -75.060994469999969, 1.988800802000185 ], [ -75.061111186999938, 1.986632661999977 ], [ -75.061410985999885, 1.985904683000058 ], [ -75.06650948999993, 1.980184156000064 ], [ -75.066765201999942, 1.979692109000098 ], [ -75.066784578999943, 1.978837761000136 ], [ -75.066258191999907, 1.97371799299998 ], [ -75.065812970999957, 1.972743776000129 ], [ -75.06514930599991, 1.971741162000114 ], [ -75.065078084999982, 1.971312905000161 ], [ -75.065685963999897, 1.96788797500011 ], [ -75.065563398999984, 1.966529898999966 ], [ -75.061700520999921, 1.958805430999973 ], [ -75.059376389581587, 1.953388601445511 ], [ -75.053892962999896, 1.95535816600011 ], [ -75.04691031099992, 1.958272083000111 ], [ -75.03977042199989, 1.960223939000116 ], [ -75.031780196999932, 1.964448701000094 ], [ -75.027960512999925, 1.966274049000106 ], [ -75.024756837999973, 1.96876759700001 ], [ -75.02443894299995, 1.969329127000151 ], [ -75.024248377999982, 1.970599906000018 ], [ -75.02404903799993, 1.971108694 ], [ -75.021728382999925, 1.974401955000133 ], [ -75.020775720999893, 1.975393078000138 ], [ -75.01712220099995, 1.977889657000048 ], [ -75.015180039999905, 1.978661466 ], [ -75.01407250099993, 1.979532451000068 ], [ -75.012829840999984, 1.98117690000015 ], [ -75.012522654999941, 1.982061739000073 ], [ -75.012391841999886, 1.985339167000177 ], [ -75.010888364999914, 1.990421438000112 ], [ -75.009284083999944, 1.996599284000069 ], [ -75.008891386999892, 1.997604553000031 ], [ -75.007904413999938, 1.999381896999978 ], [ -75.007777721999958, 1.999857653999982 ], [ -75.007738337999967, 2.000347539000131 ], [ -75.007857186999956, 2.000772585000107 ], [ -75.009031770999968, 2.003038199000173 ], [ -75.009531218999882, 2.003717799000071 ], [ -75.009486790999972, 2.004119678000052 ], [ -75.009686786999964, 2.005033458000128 ], [ -75.009462564999978, 2.006153906000122 ], [ -75.008820274999948, 2.00718048300007 ], [ -75.006579569999928, 2.009955958000148 ], [ -75.002637550999907, 2.012031510999975 ], [ -75.000291754999978, 2.013494821999984 ], [ -74.999523799999906, 2.013648611 ], [ -74.997976557999891, 2.014358600000094 ], [ -74.996271709999974, 2.014326247000156 ], [ -74.99400840699991, 2.013363721000076 ], [ -74.988342761999945, 2.010503336000113 ], [ -74.985638493999886, 2.009449529000051 ], [ -74.984304330999919, 2.008138862000067 ], [ -74.982361459999936, 2.005844024000055 ], [ -74.981578295999952, 2.005570363000061 ], [ -74.980714488, 2.005532384000048 ], [ -74.979285267999956, 2.005893693000189 ], [ -74.974128892999886, 2.008254866000073 ], [ -74.972176743999967, 2.008767811000155 ], [ -74.969707816999971, 2.009071059000178 ], [ -74.967924420999907, 2.009120162000045 ], [ -74.966129395999985, 2.009671025999978 ], [ -74.964600219999909, 2.009611740000082 ], [ -74.960293291999903, 2.008504068000093 ], [ -74.958226701999877, 2.007546706000085 ], [ -74.956551309999895, 2.007173289000036 ], [ -74.955224023999961, 2.007173017000184 ], [ -74.953432562999978, 2.007866196000066 ], [ -74.951825128999928, 2.008893784000179 ], [ -74.948704916999986, 2.009636022000109 ], [ -74.94762785599994, 2.009669712000061 ], [ -74.945693454999912, 2.01033417900004 ], [ -74.942440053999974, 2.011897417000114 ], [ -74.940928057999884, 2.012827372 ], [ -74.940054771999939, 2.013842691000093 ], [ -74.938450176999879, 2.016115443000047 ], [ -74.934302705999983, 2.019485883000186 ], [ -74.93301509999992, 2.020291241000052 ], [ -74.931819824999877, 2.020545779000145 ], [ -74.927859805999901, 2.02068687000002 ], [ -74.92728503099994, 2.020956100999967 ], [ -74.926281329999938, 2.021964766000053 ], [ -74.924489377999919, 2.026053995999973 ], [ -74.923649182999952, 2.027088493000065 ], [ -74.923114206999912, 2.027158924000105 ], [ -74.922822180999901, 2.026866898000094 ], [ -74.922822180999901, 2.026453912000022 ], [ -74.923574347999988, 2.025473755 ], [ -74.925358661999894, 2.021386563000078 ] ], [ [ -75.053500977999988, 1.954352618000087 ], [ -75.066781871999922, 1.94938092700005 ], [ -75.07427979199997, 1.946296991000111 ], [ -75.082604148999962, 1.943481597000073 ], [ -75.084646538999948, 1.942376590000038 ], [ -75.085281626999972, 1.941904321000095 ], [ -75.086690775999955, 1.940331825000044 ], [ -75.088295659999972, 1.937646646000189 ], [ -75.088926801999889, 1.937011948000077 ], [ -75.089425486999914, 1.936902334000024 ], [ -75.097376385999894, 1.936781392000171 ], [ -75.100195177999979, 1.93554065100011 ], [ -75.102513005999924, 1.934108168000137 ], [ -75.106581302999928, 1.930541108000057 ], [ -75.108861240999943, 1.928902059000052 ], [ -75.110074547999943, 1.928529934000096 ], [ -75.114136751, 1.928411559000153 ], [ -75.114864944999908, 1.928291917000024 ], [ -75.114941347999945, 1.927809451999963 ], [ -75.114853617999927, 1.926884604 ], [ -75.114441663999969, 1.925770094000029 ], [ -75.112567922999915, 1.92395567799997 ], [ -75.112272825999923, 1.922531127000127 ], [ -75.111205943999948, 1.921442214000024 ], [ -75.109516575999976, 1.920132050000177 ], [ -75.108816628999932, 1.919359749000137 ], [ -75.108537132999913, 1.918719888 ], [ -75.108439234999878, 1.917148854000061 ], [ -75.107202886999914, 1.916488685000047 ], [ -75.106861552999931, 1.916174249000164 ], [ -75.106538593999915, 1.91577484600009 ], [ -75.10631500799991, 1.915210308000098 ], [ -75.106182426999965, 1.914426449000132 ], [ -75.105031020999888, 1.91308624200002 ], [ -75.104196372999922, 1.912927639000145 ], [ -75.102997050999932, 1.911700013000143 ], [ -75.100535220999973, 1.91037141400011 ], [ -75.099472042999935, 1.909238737000067 ], [ -75.097787575999916, 1.909028196000179 ], [ -75.097494136999899, 1.908761974000129 ], [ -75.096653510999886, 1.907361106000053 ], [ -75.096083977999911, 1.906680678999976 ], [ -75.094466638999961, 1.905528518000153 ], [ -75.092790012999956, 1.906517900000097 ], [ -75.091871764999894, 1.906596992000061 ], [ -75.091057631999888, 1.906469555000115 ], [ -75.089364288999946, 1.905780713000127 ], [ -75.087681647999887, 1.904663921000122 ], [ -75.087098262999916, 1.904853062000029 ], [ -75.086282153999889, 1.904711507000115 ], [ -75.084955523999895, 1.903766002000168 ], [ -75.084211567999944, 1.90305728900006 ], [ -75.083889466999892, 1.903042038000081 ], [ -75.083171411999899, 1.903314845000011 ], [ -75.082363075999922, 1.903270689000124 ], [ -75.080545549999897, 1.902769143000171 ], [ -75.079426041999909, 1.90212674300011 ], [ -75.077801793999981, 1.900493711000024 ], [ -75.077618856999948, 1.900200840000025 ], [ -75.077379962999885, 1.898913062000076 ], [ -75.077065061999974, 1.898439944000188 ], [ -75.077039358999968, 1.89775588200007 ], [ -75.077309637999974, 1.896876077 ], [ -75.076877414999899, 1.895675433000122 ], [ -75.077059657999939, 1.895072088000063 ], [ -75.077528141999892, 1.894740795000075 ], [ -75.076708185999905, 1.89312913700013 ], [ -75.076563311999905, 1.891753614000095 ], [ -75.075401961999944, 1.890842041999974 ], [ -75.073931337999909, 1.889017583000111 ], [ -75.073502172999952, 1.888306006000107 ], [ -75.072734231999902, 1.886075390000144 ], [ -75.071940513999891, 1.885322629000086 ], [ -75.07134290099998, 1.884378094000056 ], [ -75.071209548999889, 1.880837720000045 ], [ -75.071965925999962, 1.879627927 ], [ -75.072205212999961, 1.878395649000026 ], [ -75.073082149999948, 1.877205576000051 ], [ -75.073182685999882, 1.876590472000146 ], [ -75.073031610999919, 1.876160214000095 ], [ -75.071805610999888, 1.875248783000075 ], [ -75.071474750999982, 1.874886508000031 ], [ -75.071346765999976, 1.874531274000105 ], [ -75.071380989999966, 1.87410613100019 ], [ -75.07186220899996, 1.87357112400008 ], [ -75.071963823999965, 1.873096391000161 ], [ -75.070994524999946, 1.872347462000107 ], [ -75.070695473999876, 1.871955675000095 ], [ -75.070475785999918, 1.869589967000081 ], [ -75.070594892999907, 1.868708679000179 ], [ -75.069770535999908, 1.867308318000028 ], [ -75.069674488999965, 1.866725175000056 ], [ -75.069756913999981, 1.865932418000057 ], [ -75.070319481999945, 1.864675563000105 ], [ -75.070426192999889, 1.863841168000079 ], [ -75.070265222999922, 1.862993015000143 ], [ -75.069490749999943, 1.861948711000082 ], [ -75.069276234999961, 1.861426756000128 ], [ -75.06914559799992, 1.859546121000051 ], [ -75.068956334999882, 1.85924358800014 ], [ -75.067972020999889, 1.858520195999972 ], [ -75.067695407999906, 1.858181307000109 ], [ -75.067881931999977, 1.857530468000164 ], [ -75.068257363999976, 1.857036779000055 ], [ -75.068856589999882, 1.856561733000035 ], [ -75.068613593999942, 1.85423090900008 ], [ -75.068837556999938, 1.852187012000172 ], [ -75.067718540999977, 1.852041107000105 ], [ -75.06732995599998, 1.851823484000136 ], [ -75.067073713999889, 1.851331240000093 ], [ -75.067100659999937, 1.849631470000134 ], [ -75.066554210999982, 1.848914713000056 ], [ -75.066021557999989, 1.847329352000088 ], [ -75.065890455999977, 1.844946633000177 ], [ -75.065714670999967, 1.844025955 ], [ -75.066321746999961, 1.842271873000016 ], [ -75.065698247110788, 1.840413749670176 ], [ -75.063397515999952, 1.840875303000132 ], [ -75.061135508999939, 1.841129528000124 ], [ -75.05821573299994, 1.841083254000182 ], [ -75.056441087999985, 1.840583551000122 ], [ -75.055644190999942, 1.839664803000119 ], [ -75.054452569999967, 1.838586870000029 ], [ -75.053045415999975, 1.838233717000037 ], [ -75.051757093999925, 1.838234422000028 ], [ -75.048842946999969, 1.839704871000094 ], [ -75.047321629999942, 1.84097656300014 ], [ -75.046718475999967, 1.841025361999982 ], [ -75.046129935999943, 1.841978489999974 ], [ -75.044186411999988, 1.843558887000086 ], [ -75.042206722999936, 1.845426807000138 ], [ -75.04141444499993, 1.845271190000119 ], [ -75.039265335999914, 1.84406561000003 ], [ -75.03845483099991, 1.843424852000112 ], [ -75.036194610999985, 1.843665481000073 ], [ -75.034308081999939, 1.844045557000072 ], [ -75.032805283999949, 1.844048653000129 ], [ -75.030595635999987, 1.844667543000185 ], [ -75.028616826999951, 1.845415419000062 ], [ -75.026080410550719, 1.846760405672171 ], [ -75.028096009999956, 1.850980531000118 ], [ -75.029177663999974, 1.854519302000085 ], [ -75.029166901999986, 1.859311795 ], [ -75.029555988999959, 1.861263082999983 ], [ -75.029161600999885, 1.869989349000093 ], [ -75.029748721999908, 1.870393290000038 ], [ -75.031670791999943, 1.870832023 ], [ -75.032297352999933, 1.871313454000131 ], [ -75.032538797999905, 1.872016333000147 ], [ -75.032020515999932, 1.874248553000086 ], [ -75.032020473999921, 1.875092059000053 ], [ -75.033157143999915, 1.876891843000124 ], [ -75.033056800999987, 1.877667724000105 ], [ -75.032337625999958, 1.879912392 ], [ -75.032392909999942, 1.880673002000094 ], [ -75.031903788999955, 1.881387147000112 ], [ -75.03181253899993, 1.881863374000147 ], [ -75.032127314999968, 1.886366033000115 ], [ -75.032008002999987, 1.887216285000136 ], [ -75.031846630999951, 1.887621536000154 ], [ -75.030460607999942, 1.889382736000073 ], [ -75.030514992999883, 1.890073431000076 ], [ -75.030718937999893, 1.89034296400007 ], [ -75.030871606999881, 1.890980837000029 ], [ -75.030748702999972, 1.891360992000102 ], [ -75.030342598999937, 1.891864196000029 ], [ -75.030110882999963, 1.892539444000136 ], [ -75.02905318899991, 1.897184498000058 ], [ -75.029411536999987, 1.898217342000066 ], [ -75.028852388999894, 1.900330490000101 ], [ -75.028901219999966, 1.900688616000082 ], [ -75.030878271999939, 1.90249465300019 ], [ -75.031174084999975, 1.903136843000027 ], [ -75.03118825099989, 1.903774760000147 ], [ -75.029932665999922, 1.907749623000143 ], [ -75.029803359999903, 1.909254516000033 ], [ -75.030140253999889, 1.91007796100007 ], [ -75.031638598999962, 1.912410953000176 ], [ -75.032865744999981, 1.913241070000026 ], [ -75.033992783999963, 1.914665990000174 ], [ -75.033892500999912, 1.915195496000081 ], [ -75.033302453999966, 1.915840563000074 ], [ -75.033227341999975, 1.916386389000138 ], [ -75.033609672999887, 1.917089636000128 ], [ -75.034951525999986, 1.918856521000066 ], [ -75.035102561999963, 1.919257524000102 ], [ -75.035097014999906, 1.919643524000037 ], [ -75.034677508999948, 1.920466337 ], [ -75.034618571999943, 1.921097469000188 ], [ -75.034757845999934, 1.921654667000098 ], [ -75.03548791299994, 1.922828432000131 ], [ -75.03650955899991, 1.923808261000147 ], [ -75.036759803999928, 1.924307047000184 ], [ -75.036731397999972, 1.925002274000065 ], [ -75.036486749999881, 1.925517586000069 ], [ -75.036104596999905, 1.925897554000073 ], [ -75.034510315999967, 1.926960380000082 ], [ -75.03319373699992, 1.928503411000122 ], [ -75.032894250999902, 1.92905594299998 ], [ -75.032574328999942, 1.930748079000011 ], [ -75.029011800999967, 1.935830271999976 ], [ -75.027689977999898, 1.938320793000059 ], [ -75.027418761643617, 1.939179283353724 ], [ -75.027893364999954, 1.94142491100007 ], [ -75.028379099999938, 1.942765191000092 ], [ -75.029118573999881, 1.943132489000106 ], [ -75.030463698999881, 1.94355895700005 ], [ -75.033241050999948, 1.943935863000149 ], [ -75.034150000999887, 1.941426560000082 ], [ -75.034425077999913, 1.941120822000016 ], [ -75.034734273999959, 1.94101546600001 ], [ -75.037194300999886, 1.941692452999973 ], [ -75.037330090999944, 1.942089510000073 ], [ -75.0372813379999, 1.942498392000175 ], [ -75.036513696999918, 1.944710619000148 ], [ -75.036650895999969, 1.945351636000169 ], [ -75.037538808999898, 1.947553115000119 ], [ -75.037880024999879, 1.947967439000138 ], [ -75.039766171999986, 1.948449415000027 ], [ -75.0402461729999, 1.948754441000062 ], [ -75.041148947999943, 1.949740249000115 ], [ -75.041591027999971, 1.95094928200001 ], [ -75.042333324999959, 1.951921202000165 ], [ -75.042730525999957, 1.952204622000181 ], [ -75.043209236999928, 1.952330631 ], [ -75.043677570999989, 1.952233902000103 ], [ -75.044272229999876, 1.952344895000124 ], [ -75.044573593999928, 1.952771505999976 ], [ -75.044989969999961, 1.954321366000158 ], [ -75.0467729777709, 1.957159919745436 ], [ -75.053500977999988, 1.954352618000087 ] ], [ [ -75.027594663999935, 1.851181986000142 ], [ -75.024422013999981, 1.844540689000155 ], [ -75.021217517999958, 1.839478954000128 ], [ -75.013311756999883, 1.83722433500003 ], [ -75.007747177999988, 1.834937772000103 ], [ -75.005677795999986, 1.831388515000128 ], [ -75.005005304999884, 1.817521301000113 ], [ -75.003537459999905, 1.814785374000166 ], [ -75.003352021999945, 1.812664343000051 ], [ -75.00400048399996, 1.81078523900004 ], [ -75.00328349199998, 1.806632922000063 ], [ -75.003537373999905, 1.803291794000017 ], [ -75.005437353999923, 1.800595293000129 ], [ -75.006264467999983, 1.799705296000127 ], [ -75.007056764999959, 1.799154459000135 ], [ -75.007799703999979, 1.798318081 ], [ -75.007749266999895, 1.797067088000176 ], [ -75.009056643999884, 1.796461279000027 ], [ -75.010468450999895, 1.796114507000141 ], [ -75.012245938999968, 1.796622453000055 ], [ -75.014219246999915, 1.796472529000084 ], [ -75.015191886999901, 1.796675679000032 ], [ -75.016468181999926, 1.796529443000168 ], [ -75.016857332999962, 1.796073784000043 ], [ -75.017328462999956, 1.793779345000189 ], [ -75.017675284999882, 1.793039060000126 ], [ -75.0184142519999, 1.791968135000047 ], [ -75.019023029999914, 1.791329104000056 ], [ -75.022933115999876, 1.788428066000165 ], [ -75.024552114999892, 1.78764949400005 ], [ -75.026176839999948, 1.786642034000181 ], [ -75.024003789999938, 1.786276685000075 ], [ -75.022651568999947, 1.785656270000175 ], [ -75.020899085999986, 1.785355453000022 ], [ -75.019619916999943, 1.784413690000179 ], [ -75.019050732999915, 1.784206687000051 ], [ -75.017050765999898, 1.783885227000098 ], [ -75.016402101999972, 1.783492015000036 ], [ -75.01513069799995, 1.78236193400005 ], [ -75.014038874999983, 1.78192167300017 ], [ -75.010293539999907, 1.781081188000144 ], [ -75.009771174999969, 1.780823898000165 ], [ -75.009331717999885, 1.780497106000155 ], [ -75.007384894999916, 1.778388218000089 ], [ -75.00585808999989, 1.778100580000114 ], [ -75.004947577999985, 1.777398162000054 ], [ -75.00460544099991, 1.7775058040001 ], [ -75.003613780999956, 1.777444679000098 ], [ -75.003484066999931, 1.777263663000042 ], [ -75.003424484999982, 1.776226742000119 ], [ -75.003105217999973, 1.774639903000036 ], [ -75.002914866999902, 1.773930157000109 ], [ -75.002718752999954, 1.773680804000151 ], [ -74.998471913999936, 1.772722937000026 ], [ -74.997785033999946, 1.77172166400004 ], [ -74.997133628999961, 1.77024173500007 ], [ -74.996802231999879, 1.769760847999976 ], [ -74.995709692999924, 1.769335130000115 ], [ -74.994969826999977, 1.768354085000055 ], [ -74.994490452999912, 1.768077488000131 ], [ -74.994122614999981, 1.76804979700006 ], [ -74.993974453999954, 1.767843039000013 ], [ -74.993924361999973, 1.766178133000096 ], [ -74.993614731999969, 1.765452510000046 ], [ -74.994352807999917, 1.763932572000044 ], [ -74.994429631999878, 1.763057789000072 ], [ -74.994805352999947, 1.761840917000086 ], [ -74.994538766999938, 1.759330709000039 ], [ -74.994653460999928, 1.757342766000136 ], [ -74.994613634999894, 1.753549023000062 ], [ -74.994793843999901, 1.752037194000081 ], [ -74.995146026999976, 1.750656728000081 ], [ -74.995900565999989, 1.749044955000045 ], [ -74.997171946999913, 1.747949677 ], [ -74.997841749999907, 1.747109399000124 ], [ -74.997687765999899, 1.744825709000168 ], [ -74.997830098999941, 1.743765022000105 ], [ -74.998240696999972, 1.742991163000113 ], [ -74.998431765999896, 1.74196295400003 ], [ -74.998431164999943, 1.740724221000107 ], [ -74.997910744999956, 1.739793850000126 ], [ -74.996400536999886, 1.738529009 ], [ -74.996048677999966, 1.73700993000017 ], [ -74.994714282999894, 1.735836336000091 ], [ -74.994533673999968, 1.735116686000026 ], [ -74.995055289999925, 1.73412289100014 ], [ -74.995962447999943, 1.733741098000053 ], [ -74.996476776999884, 1.733357685000044 ], [ -74.995261509999978, 1.731867273000034 ], [ -74.995342774999926, 1.73099243900009 ], [ -74.996060577999913, 1.730064633999973 ], [ -74.996462698999949, 1.729732746000082 ], [ -74.996438790999946, 1.729460455000037 ], [ -74.996074402999966, 1.729058099000099 ], [ -74.995940436999888, 1.728319449000082 ], [ -74.995979981999881, 1.72717511500008 ], [ -74.99653882399997, 1.726698134000173 ], [ -74.997789184999931, 1.726817305000168 ], [ -74.997986261999984, 1.7251954890001 ], [ -74.998647410999979, 1.72358279600013 ], [ -74.997623260999887, 1.722561313000085 ], [ -74.997613, 1.72146238800002 ], [ -74.998064539999973, 1.720736634000048 ], [ -74.998676418999878, 1.719148774000075 ], [ -74.99903994899995, 1.718610873000102 ], [ -75.001852563999989, 1.717280257000141 ], [ -75.003288734999956, 1.71630207600009 ], [ -75.004228181999963, 1.714540305000071 ], [ -75.005306340999937, 1.713627132000113 ], [ -75.006449453999892, 1.71326607300017 ], [ -75.00705391799994, 1.712785450000126 ], [ -75.007351839999956, 1.712386113000036 ], [ -75.007791186999896, 1.711263987000052 ], [ -75.008689511999989, 1.710789399000078 ], [ -75.00912990899991, 1.710822683000174 ], [ -75.009237460999941, 1.709982336000166 ], [ -75.009141200999977, 1.708071377000067 ], [ -75.008785454999895, 1.706822854000052 ], [ -75.008682849999957, 1.705956844000184 ], [ -75.008583979999969, 1.703463042000067 ], [ -75.008395469999982, 1.702783311000019 ], [ -75.008107701999961, 1.702300444000116 ], [ -75.007753755999886, 1.700856227000088 ], [ -75.007509700999947, 1.700467691000085 ], [ -75.006261453999969, 1.699476184000048 ], [ -75.006068715999959, 1.698892976000138 ], [ -75.005992461999938, 1.69788722200002 ], [ -75.005811255999959, 1.697571630000027 ], [ -75.004738459999885, 1.696650815000112 ], [ -75.004039682999917, 1.695844231000024 ], [ -75.003285865999885, 1.694715113000029 ], [ -75.002957354999978, 1.694110674 ], [ -75.002694154999972, 1.693105062000143 ], [ -75.001383597999961, 1.690753107000148 ], [ -75.001302290999888, 1.690086195 ], [ -75.001421671999935, 1.689321559000177 ], [ -75.001177327999983, 1.689002383000059 ], [ -75.000929842999938, 1.688252704000092 ], [ -75.001540949999935, 1.687259976 ], [ -75.002458937999961, 1.686160428000164 ], [ -75.002810130999876, 1.685359509000079 ], [ -75.002909421999902, 1.683582641000157 ], [ -75.003054779999957, 1.682943633000036 ], [ -75.003427487999886, 1.682312527000022 ], [ -75.003507458999934, 1.681817249000062 ], [ -75.003151540999966, 1.680849449000107 ], [ -75.002608983999949, 1.680366364 ], [ -75.002253202999896, 1.679720277000115 ], [ -75.002673079999909, 1.677478764000057 ], [ -75.002528232999907, 1.677056181000125 ], [ -75.001719409999964, 1.675845993000053 ], [ -75.001292460999878, 1.675425328000131 ], [ -75.001109018999898, 1.674783631000082 ], [ -75.0012005399999, 1.674163158000169 ], [ -75.001520629999959, 1.673748959000079 ], [ -75.001494620999949, 1.673501286000089 ], [ -75.000837064999985, 1.672368906000031 ], [ -75.000936621999927, 1.66963546400018 ], [ -75.001146304999963, 1.669031310999969 ], [ -75.000912236372187, 1.667261312022731 ], [ -74.998687086999894, 1.667706321000139 ], [ -74.998487628999897, 1.667652876999966 ], [ -74.998290915999974, 1.666976728000066 ], [ -74.997698305999961, 1.666279713000051 ], [ -74.995822053999973, 1.662214704000064 ], [ -74.995053571999904, 1.661710738000124 ], [ -74.993807111999956, 1.661219575000075 ], [ -74.992689813999903, 1.661089559000118 ], [ -74.992243299999984, 1.660845771000027 ], [ -74.991487971999902, 1.659526824000068 ], [ -74.99144671099998, 1.659041127000137 ], [ -74.991653994999979, 1.658481404999975 ], [ -74.991640274999895, 1.65803572100009 ], [ -74.991931274999899, 1.657633456999974 ], [ -74.992745438999975, 1.657201285000099 ], [ -74.992952352999964, 1.656534063000151 ], [ -74.992689245999941, 1.655520654000043 ], [ -74.99161879199994, 1.653276865000123 ], [ -74.99096591499989, 1.650643675000026 ], [ -74.99157207899998, 1.649454093000031 ], [ -74.992356800999971, 1.64847200100013 ], [ -74.992496807999885, 1.648109127000112 ], [ -74.992617919999986, 1.647299061000069 ], [ -74.992489269999908, 1.645442540000033 ], [ -74.992539259999944, 1.643962657000031 ], [ -74.993036138999969, 1.642021876000172 ], [ -74.994434982999962, 1.640048355000033 ], [ -74.994435044999989, 1.639139589000138 ], [ -74.994156742999962, 1.638189750000151 ], [ -74.993464774999893, 1.637378016000127 ], [ -74.992764122999915, 1.638318450000156 ], [ -74.992045807999887, 1.638724925000133 ], [ -74.989870300999939, 1.639556174000063 ], [ -74.988420305999966, 1.639743505000183 ], [ -74.987033935999989, 1.639744187000076 ], [ -74.98605948799991, 1.640121835000059 ], [ -74.985252001999982, 1.641810340000063 ], [ -74.983522580999988, 1.643513015000167 ], [ -74.98308936199993, 1.644118956000113 ], [ -74.982576108999922, 1.644335369500027 ], [ -74.981951729999935, 1.644218119000072 ], [ -74.980443107999918, 1.644304125000076 ], [ -74.97893833899991, 1.644154306000189 ], [ -74.977514461999988, 1.643083143000126 ], [ -74.976940529999922, 1.643051318000062 ], [ -74.976118604999954, 1.643735333000052 ], [ -74.974352780999936, 1.643641402000014 ], [ -74.972429752999915, 1.641694704000088 ], [ -74.972013621999963, 1.640456543000028 ], [ -74.971924958999978, 1.639573979000033 ], [ -74.971456954999894, 1.639204462000066 ], [ -74.970796655999891, 1.638188151000122 ], [ -74.970188063999899, 1.636753384000144 ], [ -74.969648147999976, 1.636138080000023 ], [ -74.968942116999926, 1.635842854000146 ], [ -74.968220501999895, 1.635352326000032 ], [ -74.96713304799988, 1.634126013000071 ], [ -74.96545058199996, 1.632771376 ], [ -74.965181276715384, 1.632419255918307 ], [ -74.96472810399996, 1.632889423000108 ], [ -74.963103474999912, 1.633364649000157 ], [ -74.960847277999903, 1.632035714999972 ], [ -74.960264207999899, 1.632159133000073 ], [ -74.959720923999896, 1.632593603000146 ], [ -74.959144883999954, 1.632838371000162 ], [ -74.958150656999919, 1.632808855000178 ], [ -74.957828510999889, 1.632916730000147 ], [ -74.957320429999982, 1.634071008999967 ], [ -74.956638578999957, 1.63414967 ], [ -74.95596919999997, 1.633827317000055 ], [ -74.955552379999972, 1.633217983000122 ], [ -74.955164790999959, 1.632303713000113 ], [ -74.954685920999964, 1.632061912000097 ], [ -74.953976970999975, 1.632026458000041 ], [ -74.953441384999905, 1.632421146000183 ], [ -74.953074105999974, 1.632943752000074 ], [ -74.952929792999953, 1.633537362000141 ], [ -74.952369528999952, 1.633923759000083 ], [ -74.951134385999978, 1.634017796000137 ], [ -74.949619174999953, 1.63440831500003 ], [ -74.948688680999965, 1.634453680000092 ], [ -74.947620903999962, 1.634453318000112 ], [ -74.945303248999892, 1.63412233400004 ], [ -74.945153357999914, 1.633898006000152 ], [ -74.945214544999942, 1.631840122000028 ], [ -74.944824169999947, 1.630112254000096 ], [ -74.944127570999967, 1.628831403000049 ], [ -74.942793114999915, 1.627623633000155 ], [ -74.942401016999895, 1.626762031000112 ], [ -74.942210032999924, 1.624493089000111 ], [ -74.942335107999952, 1.623995070000035 ], [ -74.942764782999916, 1.623256202 ], [ -74.942832771999917, 1.62272652200005 ], [ -74.942730099999949, 1.622088335000115 ], [ -74.94239380199997, 1.62145558300017 ], [ -74.942052574999934, 1.621088161000102 ], [ -74.941673099999889, 1.620922080000128 ], [ -74.939508515999933, 1.620823487000052 ], [ -74.938157915999966, 1.620591522000154 ], [ -74.937490723999986, 1.620316500000115 ], [ -74.936691398999926, 1.619536738000079 ], [ -74.935957385999927, 1.618333736000011 ], [ -74.933459444999926, 1.616746026000101 ], [ -74.931823250999912, 1.615371992000121 ], [ -74.930563773999893, 1.613968432000149 ], [ -74.930074942999966, 1.612979087000099 ], [ -74.928906310999878, 1.609429793000061 ], [ -74.928674526999885, 1.608200916000101 ], [ -74.928747107999925, 1.606457029000126 ], [ -74.929199457999971, 1.604400179000095 ], [ -74.929211755999916, 1.603163939000126 ], [ -74.929381662999958, 1.602198645000044 ], [ -74.929695819999949, 1.601524234000124 ], [ -74.932445100999928, 1.600775911000085 ], [ -74.933291648999898, 1.600290056000119 ], [ -74.933682457286068, 1.599920279092885 ], [ -74.930945793999967, 1.598287755000115 ], [ -74.92699225399997, 1.597514358000126 ], [ -74.924968683999964, 1.597472097000093 ], [ -74.920526759999973, 1.599753762000148 ], [ -74.918701934999888, 1.600119163000102 ], [ -74.917855468999903, 1.599970723000069 ], [ -74.917211217999977, 1.599521373000016 ], [ -74.916465550999931, 1.598668031000102 ], [ -74.916405360999931, 1.597962984000162 ], [ -74.915502080999886, 1.597018983000112 ], [ -74.915207614999929, 1.596390995000036 ], [ -74.914959131999979, 1.596242055000118 ], [ -74.913472933999969, 1.596820306000097 ], [ -74.912728818999938, 1.596625972000027 ], [ -74.911797940999918, 1.596180983000067 ], [ -74.911387717999901, 1.596587303000092 ], [ -74.910898875999976, 1.596708340000077 ], [ -74.908892086999913, 1.596416074000047 ], [ -74.908098665999887, 1.596621365999965 ], [ -74.906566967999936, 1.596753358000058 ], [ -74.905315814999938, 1.596483928000168 ], [ -74.904660347835772, 1.596203554547344 ], [ -74.904011745999981, 1.598741418999964 ], [ -74.903825420999908, 1.600304882000103 ], [ -74.903384424999956, 1.60142335300003 ], [ -74.901846266999939, 1.604030837000096 ], [ -74.901120112999877, 1.604696051000076 ], [ -74.900380670999937, 1.604787994000162 ], [ -74.899214862999884, 1.604701729 ], [ -74.895755951999888, 1.604999163000116 ], [ -74.895488172999933, 1.605132822999963 ], [ -74.895438405999982, 1.605415690000029 ], [ -74.895948542999918, 1.607088714999975 ], [ -74.895868818999986, 1.60764994800013 ], [ -74.895211095999912, 1.608407057000022 ], [ -74.894399255999986, 1.609964287000082 ], [ -74.893709932999968, 1.61051863800003 ], [ -74.892566084999942, 1.611120189000133 ], [ -74.891649494999911, 1.612095888000113 ], [ -74.89132553099995, 1.612780669000017 ], [ -74.891123377999918, 1.614903106000042 ], [ -74.890368136999882, 1.615518437000048 ], [ -74.889692501999946, 1.615808799000092 ], [ -74.889354090999916, 1.616349356000171 ], [ -74.889461381, 1.617176642000061 ], [ -74.890309364999894, 1.618209282000066 ], [ -74.890072695999947, 1.619067585000096 ], [ -74.890169051999919, 1.620773079000173 ], [ -74.889904299999955, 1.621588666000036 ], [ -74.889750911999954, 1.622793088000037 ], [ -74.890039729999955, 1.624126095000122 ], [ -74.889607867999928, 1.625939731000074 ], [ -74.889330421999887, 1.626538203000052 ], [ -74.889388497999903, 1.62717622100007 ], [ -74.889120039999909, 1.62873031200013 ], [ -74.888495762999923, 1.629683144000126 ], [ -74.888274365999905, 1.632543867000095 ], [ -74.887579237999944, 1.634003323000059 ], [ -74.887688313999945, 1.63540088700006 ], [ -74.887399036999966, 1.636643487000015 ], [ -74.887667004999912, 1.63769703700018 ], [ -74.888286001999916, 1.638573875000077 ], [ -74.888080314999968, 1.640698342000064 ], [ -74.887548160999984, 1.642937187000143 ], [ -74.886161896999909, 1.644560851000165 ], [ -74.88607451099989, 1.645443835000037 ], [ -74.886870378999902, 1.647247135000043 ], [ -74.887608484999987, 1.648529816 ], [ -74.888351111999953, 1.650795688000073 ], [ -74.888302370999952, 1.652058981999971 ], [ -74.888870192999946, 1.65335650600008 ], [ -74.888700186999984, 1.654768644 ], [ -74.888695651999967, 1.656412176000117 ], [ -74.888006819999987, 1.657489252000062 ], [ -74.887849595999967, 1.658759199999963 ], [ -74.888015232999976, 1.659609989000103 ], [ -74.887512233999928, 1.661090769000054 ], [ -74.887733457999957, 1.662445384000137 ], [ -74.887444912999968, 1.66314294200015 ], [ -74.887335120999921, 1.664922439 ], [ -74.88744982999998, 1.66856140200008 ], [ -74.887669141999936, 1.669937142000094 ], [ -74.889587951999886, 1.673568056000136 ], [ -74.891134315999921, 1.676160426000024 ], [ -74.891674844999898, 1.677902016000075 ], [ -74.892575834999946, 1.678250680000133 ], [ -74.893401991999895, 1.678994382000042 ], [ -74.894708113999968, 1.680475749000095 ], [ -74.895065928999884, 1.683447169000146 ], [ -74.894847403999961, 1.684920786000077 ], [ -74.894483018999892, 1.686322402999963 ], [ -74.893377973999975, 1.687945342999967 ], [ -74.893737285999919, 1.689962585000103 ], [ -74.893884488999959, 1.692170249000128 ], [ -74.894401482999911, 1.692782568999974 ], [ -74.89596284199996, 1.693961945000069 ], [ -74.896565150999947, 1.694657350000114 ], [ -74.8967017679999, 1.695618463000187 ], [ -74.897427674999904, 1.696833454000057 ], [ -74.898427000999902, 1.69775289800009 ], [ -74.899329696999985, 1.698986040000023 ], [ -74.899690909999947, 1.699016167000082 ], [ -74.901923938999971, 1.698548606000031 ], [ -74.903395108999916, 1.697926758000108 ], [ -74.9052757689999, 1.697745576000045 ], [ -74.906172830999878, 1.697885824000082 ], [ -74.907061164999959, 1.698283707999963 ], [ -74.909176653999907, 1.6986729730001 ], [ -74.91014040399989, 1.699041631000057 ], [ -74.911909855999966, 1.699968148999972 ], [ -74.912029239999981, 1.700876911000023 ], [ -74.912220304999948, 1.701261024000132 ], [ -74.913286450999976, 1.701726307000172 ], [ -74.913734830999942, 1.702174686000035 ], [ -74.914653302999909, 1.703491900000131 ], [ -74.914782267999954, 1.704528063000168 ], [ -74.914394582999989, 1.706148133000113 ], [ -74.915307998999879, 1.706945248000068 ], [ -74.916297125999961, 1.706595548000053 ], [ -74.916791383999964, 1.706588493000083 ], [ -74.917569008999919, 1.707064008000089 ], [ -74.919700371999966, 1.707156336000082 ], [ -74.920857025999908, 1.707559447000165 ], [ -74.921009257999913, 1.707721983999988 ], [ -74.921014588999924, 1.708332931000029 ], [ -74.920644192999987, 1.709006285000157 ], [ -74.919464501999983, 1.710238691000143 ], [ -74.919713250999962, 1.710798401000091 ], [ -74.92085882299989, 1.711633756000026 ], [ -74.921511585999895, 1.714354578000098 ], [ -74.922122160999891, 1.715522086000021 ], [ -74.923570412999936, 1.716392116000065 ], [ -74.923389076999911, 1.717384497000069 ], [ -74.923383917999956, 1.71871204700011 ], [ -74.922964611999987, 1.719520091000163 ], [ -74.922990729999981, 1.723723802999984 ], [ -74.922411038999883, 1.724566403999972 ], [ -74.921934386999908, 1.724661671000149 ], [ -74.920245115999933, 1.724404735 ], [ -74.919644280999933, 1.724547367000127 ], [ -74.918530712999939, 1.726047108000103 ], [ -74.918193290999966, 1.726273733000141 ], [ -74.918034514999988, 1.726596163000181 ], [ -74.91794262499991, 1.72743245800018 ], [ -74.917605754999954, 1.727983319000032 ], [ -74.916702262999877, 1.728478929000175 ], [ -74.91595547299994, 1.728571474000091 ], [ -74.91516930399996, 1.728504272 ], [ -74.914977952999948, 1.729898188000107 ], [ -74.915137799999968, 1.730649738000068 ], [ -74.915524107999943, 1.731508480000116 ], [ -74.916315812999983, 1.732273817000078 ], [ -74.918246720999946, 1.732746366000185 ], [ -74.919117003999929, 1.733841670000061 ], [ -74.919716847999894, 1.734877321000056 ], [ -74.920719015999964, 1.73605179600014 ], [ -74.921648154999957, 1.736744001000091 ], [ -74.922917778999988, 1.737129776000131 ], [ -74.925238121999882, 1.738318163000145 ], [ -74.925790392999943, 1.738865485000133 ], [ -74.926096654999924, 1.73943790900006 ], [ -74.926598188999947, 1.742103418000113 ], [ -74.927179016999958, 1.743455496000024 ], [ -74.928264742999943, 1.747760417000165 ], [ -74.926651022999977, 1.749836818000119 ], [ -74.926146226999947, 1.752937860000031 ], [ -74.925503585999877, 1.754859199000066 ], [ -74.924618591999945, 1.75567510500008 ], [ -74.923641165999982, 1.756953834000115 ], [ -74.922658551999973, 1.757478242000161 ], [ -74.92178251699994, 1.757774648000179 ], [ -74.921222570999987, 1.758195375000071 ], [ -74.921208724999985, 1.758414074000143 ], [ -74.922674803999882, 1.758550268000022 ], [ -74.923756699999956, 1.75961873500006 ], [ -74.924589069999911, 1.759462112000165 ], [ -74.925363384999912, 1.758956851 ], [ -74.925893483999914, 1.758977747000131 ], [ -74.927167962999931, 1.759670307000079 ], [ -74.927951330999917, 1.759693958000184 ], [ -74.92856248399994, 1.759534287000179 ], [ -74.930521261999957, 1.761807316000045 ], [ -74.931334354999876, 1.763041223000073 ], [ -74.931647491999968, 1.764482005000104 ], [ -74.932087304999925, 1.767904388000034 ], [ -74.932165099999963, 1.77005798600004 ], [ -74.93395943999991, 1.77340597500006 ], [ -74.93417661999996, 1.774301665999985 ], [ -74.935833604999914, 1.775624572000027 ], [ -74.936148494999941, 1.776127005000149 ], [ -74.936104074999889, 1.777184127 ], [ -74.936287488999881, 1.777854581999975 ], [ -74.936955883999985, 1.778578562 ], [ -74.937655159999906, 1.779870994000021 ], [ -74.939229796999882, 1.780474767000157 ], [ -74.941400608999913, 1.780722285000024 ], [ -74.942801801999963, 1.779624972000079 ], [ -74.943059324999922, 1.778906833000121 ], [ -74.943725015999973, 1.778011425999978 ], [ -74.944676819999927, 1.777123265000114 ], [ -74.945471760999965, 1.777069789000166 ], [ -74.948226989999966, 1.777681618999964 ], [ -74.949434320999899, 1.777641697000035 ], [ -74.950830820999897, 1.777372269000125 ], [ -74.951531607999982, 1.777379960000133 ], [ -74.951739576999955, 1.777574744000106 ], [ -74.9518161499999, 1.77810601300007 ], [ -74.951245674999939, 1.779163156999971 ], [ -74.950857103999965, 1.781088794000084 ], [ -74.950202237999974, 1.78176481600002 ], [ -74.949203123999894, 1.781792493000125 ], [ -74.948507476999964, 1.78159876300009 ], [ -74.946504554999876, 1.780211226000119 ], [ -74.945921730999885, 1.78116884100001 ], [ -74.945377443999973, 1.782466902000067 ], [ -74.94521997399994, 1.783488738000017 ], [ -74.945296423999935, 1.784520359000055 ], [ -74.945743861999915, 1.785232048000069 ], [ -74.946183082999937, 1.78554527 ], [ -74.947016079999969, 1.785466728000074 ], [ -74.947860224999886, 1.785598893000099 ], [ -74.948599840999975, 1.786296629000105 ], [ -74.94920379499996, 1.787093578000054 ], [ -74.949485805999927, 1.788072312000054 ], [ -74.949683626999956, 1.789485150000075 ], [ -74.950159404999965, 1.790155602000084 ], [ -74.950680989999967, 1.791974400000129 ], [ -74.951275554999938, 1.792780068000184 ], [ -74.950676419999922, 1.794657316999974 ], [ -74.951132135999899, 1.795941904000131 ], [ -74.951486426999963, 1.797497285000134 ], [ -74.952224062999903, 1.798109489000183 ], [ -74.952963734999912, 1.799005919000081 ], [ -74.953447001999905, 1.800720296000065 ], [ -74.954729723999947, 1.80274234400008 ], [ -74.955105318999927, 1.803767827000058 ], [ -74.955567912999982, 1.804317388000186 ], [ -74.956503379999958, 1.805092861000105 ], [ -74.956947222999986, 1.806204520000165 ], [ -74.956810731999894, 1.807239768000045 ], [ -74.956915171999924, 1.808739837000076 ], [ -74.958528171999887, 1.811609782000119 ], [ -74.958953052999959, 1.811909893000177 ], [ -74.958010691999959, 1.815691021000021 ], [ -74.958288885999877, 1.816276088000052 ], [ -74.959735154999919, 1.817011686000114 ], [ -74.960287403999985, 1.817617467000105 ], [ -74.960621112999945, 1.818305490000057 ], [ -74.960532084999954, 1.819156665999969 ], [ -74.959945791999928, 1.820334319000153 ], [ -74.958819632999905, 1.821593989000121 ], [ -74.959213268999974, 1.822062178000067 ], [ -74.959472017999985, 1.822663337000108 ], [ -74.960548749999987, 1.823962142000028 ], [ -74.960866847999966, 1.825220308000041 ], [ -74.960333997999896, 1.827275315000179 ], [ -74.959690780999892, 1.828464404000044 ], [ -74.959488970999985, 1.829256236000049 ], [ -74.95961543999988, 1.830771651000077 ], [ -74.959356732999879, 1.832294465000132 ], [ -74.959356602999947, 1.833041029000071 ], [ -74.960346176999963, 1.835235752000074 ], [ -74.960434777999978, 1.836279240000067 ], [ -74.959750007999901, 1.838606994000088 ], [ -74.959865905999891, 1.839962900000046 ], [ -74.960296384999879, 1.840396179999971 ], [ -74.960600557999953, 1.842499126000064 ], [ -74.961121763999984, 1.843992062000154 ], [ -74.961255978999986, 1.84488740900008 ], [ -74.961005904, 1.845709951000117 ], [ -74.96143159099995, 1.847762614000032 ], [ -74.961190833999922, 1.848854820000156 ], [ -74.960226116999934, 1.85035665099997 ], [ -74.960343246999969, 1.851688946000024 ], [ -74.960783988999935, 1.852390113000183 ], [ -74.961340620999977, 1.852658781000059 ], [ -74.96185976199996, 1.853363111000078 ], [ -74.962721771999952, 1.85542451900011 ], [ -74.961851159999924, 1.857497818000127 ], [ -74.961579724999979, 1.859089433000122 ], [ -74.961006988999884, 1.8603370350001 ], [ -74.96053224699989, 1.860790021000128 ], [ -74.960213861999989, 1.861655052 ], [ -74.960121123999954, 1.862417175000076 ], [ -74.959430201999908, 1.863863203 ], [ -74.958780330999957, 1.865636284000061 ], [ -74.958520152999938, 1.865916682000034 ], [ -74.957600137999918, 1.866109455000071 ], [ -74.956931143999896, 1.866511524000032 ], [ -74.956457106999949, 1.867767079000089 ], [ -74.956167694999976, 1.869245792000129 ], [ -74.956195838999918, 1.871656845000075 ], [ -74.957359800999939, 1.872908079000183 ], [ -74.957414515999915, 1.875392264000141 ], [ -74.957010012999945, 1.876702826000042 ], [ -74.956490480999946, 1.877515822000134 ], [ -74.954626918999963, 1.878516903000104 ], [ -74.953951327999903, 1.879117603000054 ], [ -74.953391752999892, 1.880085477000023 ], [ -74.953048829999943, 1.881681025000091 ], [ -74.952396761999978, 1.882997541000123 ], [ -74.95211553199988, 1.883917220000114 ], [ -74.952498809999895, 1.886241934000054 ], [ -74.952064287999917, 1.888870028999975 ], [ -74.952153209999892, 1.891489256000057 ], [ -74.951372897999988, 1.892321247000098 ], [ -74.95120185899998, 1.892713919000073 ], [ -74.951023560135127, 1.894820724210376 ], [ -74.953018356999905, 1.895784652000032 ], [ -74.954050773999882, 1.896733279000102 ], [ -74.955105601999946, 1.897141876000092 ], [ -74.957527401999926, 1.897484373000054 ], [ -74.959028461999878, 1.897651984000163 ], [ -74.961339051999914, 1.896743819000108 ], [ -74.963001723999923, 1.897525781000127 ], [ -74.963271530999975, 1.897526025000161 ], [ -74.965190396999901, 1.896796696000081 ], [ -74.965685133999898, 1.896858679000161 ], [ -74.966540369999962, 1.897566764000032 ], [ -74.968411715999935, 1.899716157000171 ], [ -74.971454137999956, 1.904960765000169 ], [ -74.972117341999933, 1.905922536000048 ], [ -74.973258862999955, 1.907154376 ], [ -74.974408228999948, 1.907995621000055 ], [ -74.975663365999935, 1.908059277000177 ], [ -74.976501332999987, 1.907950142000118 ], [ -74.977407028999892, 1.9082457720001 ], [ -74.977898872999901, 1.908827710000082 ], [ -74.978121796999972, 1.909513310000136 ], [ -74.978216183999962, 1.91055623200009 ], [ -74.976830047999954, 1.912792513000113 ], [ -74.976794016999975, 1.913228626000091 ], [ -74.977948799999979, 1.9183933 ], [ -74.978155728999923, 1.918957051 ], [ -74.980230454999912, 1.920955178000042 ], [ -74.981082166999954, 1.922650467999972 ], [ -74.981323256999985, 1.923490691000154 ], [ -74.981151747999945, 1.925095112000122 ], [ -74.981301897999913, 1.925689325000178 ], [ -74.981717875999948, 1.926224706000141 ], [ -74.982167297999922, 1.926562975000138 ], [ -74.983840001999965, 1.926939539000045 ], [ -74.984291353999936, 1.927170611000179 ], [ -74.984860987036029, 1.928800489190053 ], [ -74.98591639499989, 1.929048885000157 ], [ -74.986680149999927, 1.92905797300017 ], [ -74.98781848699997, 1.928582940000013 ], [ -74.990631049999877, 1.92983655200004 ], [ -74.99108377399989, 1.929801400000144 ], [ -74.991479522999953, 1.929635664000102 ], [ -74.992017342999929, 1.928773000000149 ], [ -74.992523691999907, 1.928269310000189 ], [ -74.993195201999981, 1.92814698300009 ], [ -74.99402520599989, 1.928395575000081 ], [ -74.994228189999887, 1.928267058000188 ], [ -74.995112620999976, 1.926953569000148 ], [ -74.995682822999981, 1.926944278000178 ], [ -74.99611581299996, 1.92743440300012 ], [ -74.996105012999919, 1.928510289000144 ], [ -74.996490457999926, 1.928820375000043 ], [ -74.996957419999944, 1.928384037 ], [ -74.997452824999982, 1.928235589000167 ], [ -74.997779205999905, 1.928285862000166 ], [ -74.999297574999957, 1.929217531000063 ], [ -75.000091679999912, 1.929550518000156 ], [ -75.001404563999927, 1.929517380999982 ], [ -75.00203902699991, 1.929698102000089 ], [ -75.003887818999942, 1.930941156000131 ], [ -75.004939557999933, 1.930981908000092 ], [ -75.006396105999954, 1.930826321000097 ], [ -75.006816567999977, 1.93095209300003 ], [ -75.007743999999889, 1.931562663000136 ], [ -75.008479563999913, 1.931640067000103 ], [ -75.008958733999975, 1.932015835000129 ], [ -75.010778216999938, 1.934138698000027 ], [ -75.011790257999962, 1.934838495000065 ], [ -75.012822630999892, 1.936363132 ], [ -75.014737878999938, 1.938425704000167 ], [ -75.015549653999926, 1.939173324000024 ], [ -75.016265845999953, 1.93956708200011 ], [ -75.02334191999995, 1.938998218000108 ], [ -75.026944944427498, 1.938887868449626 ], [ -75.027199374999896, 1.938092858000118 ], [ -75.028543079999963, 1.935561591000067 ], [ -75.032081331999905, 1.930523733000143 ], [ -75.032376671999941, 1.928894040000046 ], [ -75.032748477999974, 1.928194948000112 ], [ -75.034132538999984, 1.926571421000119 ], [ -75.03577195999992, 1.925470336000046 ], [ -75.036199150999892, 1.924884917000043 ], [ -75.036217609999937, 1.924374118000117 ], [ -75.036092152999913, 1.924154476000069 ], [ -75.035062527999912, 1.923163683000098 ], [ -75.034245742999929, 1.921830907000128 ], [ -75.034078410999939, 1.921154385000079 ], [ -75.034107787999972, 1.920740467000144 ], [ -75.034159086999978, 1.92029770500011 ], [ -75.034571850999896, 1.919495181000116 ], [ -75.034484649999968, 1.919129403000056 ], [ -75.033159986999976, 1.917389865000189 ], [ -75.032712120999975, 1.916552739000053 ], [ -75.032636541999921, 1.916149902000029 ], [ -75.032814571999893, 1.915599709000048 ], [ -75.033454557999903, 1.914820638000151 ], [ -75.032480680999981, 1.913619940000103 ], [ -75.031232613999919, 1.912770544000182 ], [ -75.029664194999953, 1.910332862000075 ], [ -75.029264194999939, 1.909338197000125 ], [ -75.029404323999927, 1.907629417000123 ], [ -75.030656285999953, 1.903672698000037 ], [ -75.030637605999914, 1.903221372000189 ], [ -75.030452169999933, 1.902832040000135 ], [ -75.028390671999887, 1.900901658000123 ], [ -75.028312727999946, 1.90025765300004 ], [ -75.028866914999924, 1.898188817000118 ], [ -75.028528069999879, 1.897552496000117 ], [ -75.028515879999929, 1.897108987000081 ], [ -75.029590681999878, 1.892394888000069 ], [ -75.029861091999976, 1.891611672000067 ], [ -75.030325586999936, 1.890925130000142 ], [ -75.02999879399988, 1.890244126000084 ], [ -75.029934323999896, 1.889227024000149 ], [ -75.03148080099993, 1.887094906000129 ], [ -75.031586733999916, 1.886374589000127 ], [ -75.031270150999944, 1.881829147000076 ], [ -75.031409912999948, 1.881148733000089 ], [ -75.031857267999953, 1.880544305000171 ], [ -75.031799331999935, 1.879839620000041 ], [ -75.032618006999883, 1.876991122000049 ], [ -75.031765881999888, 1.875813175000019 ], [ -75.031483185999889, 1.875176435000128 ], [ -75.031485360999966, 1.874175241000046 ], [ -75.031996333999984, 1.871976931000063 ], [ -75.031857589999959, 1.871631471000057 ], [ -75.031455494999989, 1.871333990999972 ], [ -75.029542010999933, 1.870894769000074 ], [ -75.028632769999945, 1.870170717000178 ], [ -75.028719344999899, 1.866140066000014 ], [ -75.029015704999892, 1.861271929 ], [ -75.028627795999967, 1.859361694000143 ], [ -75.028640266999957, 1.85459456100017 ], [ -75.027594663999935, 1.851181986000142 ] ] ] ] } },
{ "type": "Feature", "properties": { "Id": 0, "UGOT": null, "Aptitud": "agropecuaria sin restricciones de uso", "area_ha": 33554.630128600002, "CRS_ORIGINAL": "EPSG:4326", "FUENTE_PBOT": "PBOT 2015 — Cartografía de formulación", "CAPA_SIGOber": "PBOT2015_ZONIFICACION_USO_SUELO_RURAL" }, "geometry": { "type": "MultiPolygon", "coordinates": [ [ [ [ -74.923883692000373, 1.514722259661811 ], [ -74.921501834113897, 1.503059571438184 ], [ -74.921500572366924, 1.499769831890239 ], [ -74.920905892271293, 1.498872860579989 ], [ -74.920905434737236, 1.497676591434668 ], [ -74.92031064165873, 1.496480552148289 ], [ -74.919715507618605, 1.494387310155887 ], [ -74.919120716890262, 1.493191269636754 ], [ -74.917633290956019, 1.489004895718427 ], [ -74.9170386171904, 1.488107920721092 ], [ -74.916443605307464, 1.486313742294735 ], [ -74.915848933173791, 1.485416766266988 ], [ -74.913766744480426, 1.480034337566801 ], [ -74.913171964243958, 1.478838291256159 ], [ -74.912280018854489, 1.477642356796514 ], [ -74.912279460867097, 1.476147016754777 ], [ -74.911981960580064, 1.475249924886576 ], [ -74.911387295019665, 1.474352944853298 ], [ -74.910197300117474, 1.470764574377896 ], [ -74.909899691698698, 1.469568413091019 ], [ -74.909899248970888, 1.468372140244271 ], [ -74.909304587303268, 1.467475158075991 ], [ -74.909303593804083, 1.464783543693281 ], [ -74.908708934040618, 1.463886560656928 ], [ -74.907519286823856, 1.461195388033484 ], [ -74.906924629252487, 1.460298403542206 ], [ -74.906329643898303, 1.458504213082998 ], [ -74.905437933244045, 1.457906406114157 ], [ -74.903654295186243, 1.456112652848935 ], [ -74.902465313368978, 1.455215884447463 ], [ -74.90187065994769, 1.454318896514841 ], [ -74.900979060102017, 1.454020155058303 ], [ -74.899195644419763, 1.452824532544604 ], [ -74.898303829230343, 1.451927651212872 ], [ -74.897412230167447, 1.451628907527587 ], [ -74.895034275190199, 1.449835357358751 ], [ -74.892358839353818, 1.447144701239566 ], [ -74.891169865290593, 1.446247921566944 ], [ -74.890278055497191, 1.445351033731416 ], [ -74.889386140262403, 1.444155075313658 ], [ -74.888791495379252, 1.443258079247176 ], [ -74.888494014306318, 1.442360976210356 ], [ -74.887602207339569, 1.441464085828186 ], [ -74.886412710817623, 1.439071950580007 ], [ -74.885818069095336, 1.438174952279766 ], [ -74.885520590742289, 1.437277847775437 ], [ -74.884628787371227, 1.436380954397905 ], [ -74.879871060950705, 1.427410522405425 ], [ -74.878979264502405, 1.426513623319009 ], [ -74.877195364386822, 1.423822610570284 ], [ -74.876005894963669, 1.421430458213715 ], [ -74.875410956452583, 1.419636239423674 ], [ -74.875410444064158, 1.418140884811093 ], [ -74.8748158149413, 1.417243877990742 ], [ -74.874815303798684, 1.415748523129472 ], [ -74.874220471921973, 1.414253373617391 ], [ -74.874219108170308, 1.410248708677764 ], [ -74.875897526549466, 1.411709328622801 ], [ -74.877501216507767, 1.412247138494834 ], [ -74.882300359573748, 1.410479033580696 ], [ -74.88484097493091, 1.410846365267756 ], [ -74.886017744123407, 1.411473975144025 ], [ -74.889312697322964, 1.410924815827749 ], [ -74.893035282651994, 1.409216102141555 ], [ -74.89859218458146, 1.406942823752519 ], [ -74.901244341952676, 1.405553598719832 ], [ -74.90484369857765, 1.403974934196017 ], [ -74.907369563254548, 1.402648855060784 ], [ -74.910148013319997, 1.400249283977415 ], [ -74.910779479489221, 1.400754456553101 ], [ -74.911284652964142, 1.401638509010139 ], [ -74.911600386048818, 1.40277514775505 ], [ -74.911852972336646, 1.403722347008876 ], [ -74.911600386048789, 1.405616745516594 ], [ -74.91008486742254, 1.409847568310814 ], [ -74.908127323017368, 1.41294175236016 ], [ -74.906674950288561, 1.414457270986417 ], [ -74.906232924509695, 1.415215029849908 ], [ -74.906106630916113, 1.416288521797997 ], [ -74.90616977771289, 1.417362014645465 ], [ -74.906927536576404, 1.417993480814655 ], [ -74.907874735830248, 1.418498654289659 ], [ -74.908885081880868, 1.418561800187089 ], [ -74.911158359370631, 1.418182921205019 ], [ -74.914063103928925, 1.418119773508934 ], [ -74.915578622555245, 1.41837236069604 ], [ -74.919620005858377, 1.419445852644177 ], [ -74.922651043110974, 1.419951026119148 ], [ -74.924987467397557, 1.420582492288352 ], [ -74.926881865905216, 1.421277105254389 ], [ -74.928334237734774, 1.422476889896719 ], [ -74.929028850700774, 1.423487235947342 ], [ -74.929570333404001, 1.425588843650393 ], [ -74.929314313504605, 1.426327267989157 ], [ -74.928158821372321, 1.427414790260526 ], [ -74.924488435392831, 1.428978101558337 ], [ -74.921701662101853, 1.429725772726409 ], [ -74.920546169969612, 1.430269534311739 ], [ -74.919254738115512, 1.431085176240097 ], [ -74.918099245983285, 1.432172696712773 ], [ -74.916739842469596, 1.43400789015218 ], [ -74.916264052543852, 1.436250903656458 ], [ -74.915992171301511, 1.439377528949995 ], [ -74.916332022404731, 1.441552572593302 ], [ -74.916807814129186, 1.442436183483288 ], [ -74.917691425019072, 1.443183854651371 ], [ -74.9187789463911, 1.443455735893691 ], [ -74.920818049413285, 1.443319796171829 ], [ -74.924148586088208, 1.442300243761394 ], [ -74.925847838007144, 1.441960392658141 ], [ -74.928294761993499, 1.442096334178637 ], [ -74.929858075089953, 1.442572124104415 ], [ -74.932169058455145, 1.444067467339919 ], [ -74.932508908659017, 1.444815137608653 ], [ -74.932508908659017, 1.445562808776722 ], [ -74.931897178112109, 1.446446420566058 ], [ -74.930877626601045, 1.447533942837404 ], [ -74.928022881650506, 1.448893344552373 ], [ -74.924964227117215, 1.449844926202576 ], [ -74.923808734984945, 1.450116806545588 ], [ -74.921157900516562, 1.450184777305778 ], [ -74.920274288727256, 1.450048836684622 ], [ -74.919730528041242, 1.450320717027666 ], [ -74.919118796595058, 1.45113635805667 ], [ -74.91884691715137, 1.452087939706847 ], [ -74.918914887012249, 1.453107492117251 ], [ -74.919390677837356, 1.454127042729013 ], [ -74.920410228449143, 1.454874713897115 ], [ -74.921905571684647, 1.455214565000355 ], [ -74.926119718350151, 1.455350504722198 ], [ -74.928430702614648, 1.45609817589029 ], [ -74.930673716118946, 1.457457578504579 ], [ -74.931625297769116, 1.458273219533621 ], [ -74.933188609966237, 1.461127964484171 ], [ -74.93346049030923, 1.461875635652234 ], [ -74.933256579827173, 1.462963157923606 ], [ -74.93284875976228, 1.463506918609615 ], [ -74.93210108859418, 1.464118650055809 ], [ -74.931081537083102, 1.464526470120697 ], [ -74.929722134468719, 1.46473038060277 ], [ -74.92741115110357, 1.464866321223894 ], [ -74.926459568554066, 1.464798350463645 ], [ -74.925236106560931, 1.465070230806649 ], [ -74.922517303130832, 1.465206170528528 ], [ -74.921157900516548, 1.466089783217055 ], [ -74.920410228449143, 1.467381215071186 ], [ -74.920206318866335, 1.468468737342526 ], [ -74.920818049413299, 1.469420318093348 ], [ -74.921361810998633, 1.469896108918479 ], [ -74.922653242852704, 1.470439869604447 ], [ -74.925032196978179, 1.470711749947432 ], [ -74.928498672475598, 1.470371899743554 ], [ -74.929926044950861, 1.470439869604435 ], [ -74.931285446665868, 1.471255510633491 ], [ -74.932033117833939, 1.471867242079747 ], [ -74.932712820040479, 1.472682884008096 ], [ -74.933120640105301, 1.473498525037079 ], [ -74.933324550587358, 1.474314166066046 ], [ -74.933324550587344, 1.475333717577143 ], [ -74.933052669345017, 1.476285299227343 ], [ -74.93155732790818, 1.478188462527711 ], [ -74.930469805636847, 1.479343953760635 ], [ -74.930129954533626, 1.480567415753803 ], [ -74.930333865915003, 1.481586968164206 ], [ -74.931761237490932, 1.482130728850218 ], [ -74.934344102098464, 1.482810430157396 ], [ -74.93651914574184, 1.483897951529401 ], [ -74.938150427799812, 1.48498547380075 ], [ -74.93835433828194, 1.486616755858736 ], [ -74.938082457938918, 1.488316008677056 ], [ -74.936994936566919, 1.490694962802505 ], [ -74.936723055324563, 1.491510603831435 ], [ -74.936655085463642, 1.492326245759803 ], [ -74.936111324777613, 1.493413767131811 ], [ -74.935907414295571, 1.494501288503842 ], [ -74.935295683748677, 1.49558881077515 ], [ -74.934072221755429, 1.49987092820096 ], [ -74.931489358047259, 1.50612417788863 ], [ -74.931081537083074, 1.507347639881862 ], [ -74.930945596461981, 1.508910952978292 ], [ -74.931625297769131, 1.510678175657495 ], [ -74.932508908659017, 1.511561786547371 ], [ -74.933528461069415, 1.511833667789691 ], [ -74.935839444434592, 1.511833667789698 ], [ -74.936858995945713, 1.511629757307649 ], [ -74.940121561860451, 1.510202384832382 ], [ -74.941073142611287, 1.510406295314458 ], [ -74.941820813779373, 1.5110859957223 ], [ -74.941956754400564, 1.51183366778968 ], [ -74.941752843918422, 1.512513369096928 ], [ -74.940325471443174, 1.515164202665968 ], [ -74.939985620339939, 1.516387664659137 ], [ -74.939985620339939, 1.518426767681336 ], [ -74.940257501582252, 1.51958225981362 ], [ -74.942092695021699, 1.522437004764149 ], [ -74.942500515985856, 1.523524527035452 ], [ -74.942636455707714, 1.524612047508172 ], [ -74.942296604604422, 1.526447240947571 ], [ -74.941005172750309, 1.528758225212094 ], [ -74.939509830414181, 1.530525447891266 ], [ -74.939373889793046, 1.531341088920267 ], [ -74.939395409289361, 1.532360990934578 ], [ -74.935777463936574, 1.532362452631498 ], [ -74.932211758038662, 1.533261086280616 ], [ -74.931320360241571, 1.53356051061507 ], [ -74.929240627547429, 1.534757610712012 ], [ -74.928052291930896, 1.535655286594203 ], [ -74.926566664129069, 1.536254014486893 ], [ -74.924190812606014, 1.540142833720282 ], [ -74.923597291534406, 1.542236539929544 ], [ -74.922706005529633, 1.542835030397699 ], [ -74.922112011194599, 1.543732469098176 ], [ -74.921220724037724, 1.544330959507075 ], [ -74.92003214384043, 1.544630501183996 ], [ -74.917952273828178, 1.545528532178261 ], [ -74.916763574171938, 1.545529005157127 ], [ -74.915574991410196, 1.545828545032232 ], [ -74.914683817569127, 1.546726101790507 ], [ -74.91379240871197, 1.547025523179732 ], [ -74.912901116444047, 1.547624012093618 ], [ -74.911119465770497, 1.55121353275803 ], [ -74.910525815585672, 1.553008175875517 ], [ -74.909634637093276, 1.553905733232666 ], [ -74.908149571881111, 1.555999798420479 ], [ -74.907852745758035, 1.556897120517283 ], [ -74.906070733854961, 1.559589440662909 ], [ -74.904882957888702, 1.561982457905906 ], [ -74.904586130643693, 1.562879780684143 ], [ -74.903101173925535, 1.56527291664278 ], [ -74.902804346065423, 1.566170239791697 ], [ -74.90191304304274, 1.566768729938671 ], [ -74.90102185625372, 1.567666288582445 ], [ -74.900130435145172, 1.567965709885825 ], [ -74.898941717523769, 1.567966179547626 ], [ -74.898050062622218, 1.567667462512885 ], [ -74.896860647314327, 1.565873517329662 ], [ -74.896859602965307, 1.563181896920083 ], [ -74.896264666060731, 1.561686785262451 ], [ -74.896262470934317, 1.556004474349209 ], [ -74.897450374753177, 1.553910527367451 ], [ -74.898044037780068, 1.552115881878482 ], [ -74.898934992790799, 1.550620189557119 ], [ -74.900122316711105, 1.547030900292871 ], [ -74.901310215248984, 1.544936955672538 ], [ -74.902498573244003, 1.544039285875306 ], [ -74.90279540312396, 1.543141964174926 ], [ -74.904577994906148, 1.54194499367586 ], [ -74.905171999167351, 1.541047556125375 ], [ -74.906360584249569, 1.540748022742906 ], [ -74.909034579541398, 1.539251633622446 ], [ -74.910817511102309, 1.538951865338538 ], [ -74.912600092545318, 1.537754892382512 ], [ -74.914085730404736, 1.53715617153799 ], [ -74.91735417581377, 1.535958610596557 ], [ -74.918542753062368, 1.535659072850529 ], [ -74.919731095578626, 1.534761400071852 ], [ -74.920919554059665, 1.534162794358035 ], [ -74.9235934061591, 1.53236732993229 ], [ -74.924187399114999, 1.531469892816311 ], [ -74.925969728052735, 1.529674782513918 ], [ -74.926266547631428, 1.528777463907339 ], [ -74.927751701357806, 1.526982472334078 ], [ -74.928642627967506, 1.52548678429387 ], [ -74.929533788837475, 1.524589229644131 ], [ -74.929830254575919, 1.522794712157255 ], [ -74.9304242435595, 1.521897276164946 ], [ -74.930423773748529, 1.520701010235793 ], [ -74.929234740007971, 1.519804282794339 ], [ -74.927451483067145, 1.51920685614306 ], [ -74.92537058977473, 1.517413277224722 ], [ -74.924478729490829, 1.516516427771738 ], [ -74.923883692000373, 1.514722259661811 ] ] ], [ [ [ -74.794006295254178, 1.582480487584582 ], [ -74.792233116365082, 1.582531149992768 ], [ -74.790172851395781, 1.583189759500012 ], [ -74.78812865011696, 1.583599204639783 ], [ -74.785818041769062, 1.583338609889127 ], [ -74.784775662766492, 1.582782674181218 ], [ -74.784219727058584, 1.582330976193775 ], [ -74.783889640794143, 1.581879279105656 ], [ -74.78371591066059, 1.581340715601674 ], [ -74.783400508526483, 1.579334625792522 ], [ -74.783384717330705, 1.577281861169122 ], [ -74.783690165768405, 1.573793640963925 ], [ -74.784107626565557, 1.572878778632893 ], [ -74.786387842324928, 1.570021223300986 ], [ -74.788969670913445, 1.56499878666486 ], [ -74.78985372337047, 1.562030897108405 ], [ -74.790990363014714, 1.556221408891101 ], [ -74.791874414572405, 1.554705890264829 ], [ -74.793705666283273, 1.553190371638505 ], [ -74.796042090569813, 1.552622052266112 ], [ -74.798252223061468, 1.552495758672503 ], [ -74.800841233635879, 1.552053732893641 ], [ -74.803051364328809, 1.551359119927623 ], [ -74.804377443464062, 1.550411920673773 ], [ -74.804819470142263, 1.549085841538503 ], [ -74.804440589361505, 1.547191443930183 ], [ -74.803114512024933, 1.546054805185314 ], [ -74.801472699805117, 1.545549631710272 ], [ -74.793137346910882, 1.544034113084 ], [ -74.791478703878923, 1.543027143987694 ], [ -74.791089671550921, 1.542127507178856 ], [ -74.79036023593595, 1.53942859495387 ], [ -74.790141405701135, 1.538431700063114 ], [ -74.790311606894988, 1.537337547090301 ], [ -74.790800922624342, 1.5360776400712 ], [ -74.791811267775628, 1.535004148123136 ], [ -74.793326786401906, 1.53247828434553 ], [ -74.794337132452526, 1.530205005956442 ], [ -74.795726357485222, 1.527868580770546 ], [ -74.796105237366646, 1.526226768550689 ], [ -74.796420970451265, 1.523574612078868 ], [ -74.796294677757004, 1.520227840842338 ], [ -74.795978944672413, 1.517575683471216 ], [ -74.79534747850316, 1.515176113287174 ], [ -74.795094891315998, 1.513344860676983 ], [ -74.795347478503146, 1.511639902559656 ], [ -74.796042090569884, 1.509808650848697 ], [ -74.797052436620504, 1.50886145159492 ], [ -74.798441661653186, 1.50791425324038 ], [ -74.800336061060136, 1.505956707935883 ], [ -74.801788432889722, 1.503620282750045 ], [ -74.802167311871784, 1.502420498107652 ], [ -74.801977872380718, 1.500968126278175 ], [ -74.798252223061453, 1.494969197670554 ], [ -74.797810195483976, 1.4934536790442 ], [ -74.797810195483976, 1.49155928053655 ], [ -74.798504808449962, 1.489980616012752 ], [ -74.799767740788454, 1.488717682774999 ], [ -74.800904379533321, 1.487202165048059 ], [ -74.801662139296113, 1.485876085912845 ], [ -74.801725286092889, 1.482592461473064 ], [ -74.800336061060179, 1.481203237339704 ], [ -74.798883688331387, 1.48050862347439 ], [ -74.797620756892286, 1.480634917067899 ], [ -74.793466259560049, 1.483090469149999 ], [ -74.792695321131973, 1.483350222135201 ], [ -74.79184198052279, 1.483202841238267 ], [ -74.790953223712137, 1.482835078776025 ], [ -74.790232602352546, 1.482276729287782 ], [ -74.789285403998036, 1.481013796949351 ], [ -74.789537990285837, 1.479561425119821 ], [ -74.790358895946156, 1.478424785475647 ], [ -74.791179801606376, 1.477351293527553 ], [ -74.792947906520496, 1.476214654782677 ], [ -74.794905451824988, 1.475646334510894 ], [ -74.797178729314709, 1.475709482206997 ], [ -74.803682830498076, 1.477414440324342 ], [ -74.805514083108278, 1.477288146730793 ], [ -74.807219040326288, 1.476530387867284 ], [ -74.807850506495512, 1.475835774901286 ], [ -74.808418826767294, 1.475014869240987 ], [ -74.808545119461527, 1.47381508369932 ], [ -74.808545119461542, 1.47261529815764 ], [ -74.808039946885913, 1.471668098903837 ], [ -74.807155894428831, 1.470531460158889 ], [ -74.805072055530786, 1.469142235126182 ], [ -74.802546191753166, 1.466932102634594 ], [ -74.799452007703835, 1.464848264635856 ], [ -74.798504808449977, 1.463459039603187 ], [ -74.796462145911164, 1.461203791721803 ], [ -74.794833390948099, 1.459133341930333 ], [ -74.794336483142047, 1.4577254352808 ], [ -74.794778178869691, 1.456427952787996 ], [ -74.795523540578756, 1.455516954843763 ], [ -74.79604209056987, 1.454302781048691 ], [ -74.796484118147347, 1.452787263321672 ], [ -74.796862997129438, 1.449629931576226 ], [ -74.796673556739108, 1.447104067798657 ], [ -74.795852651078803, 1.444767642612785 ], [ -74.794716011434573, 1.442178632038397 ], [ -74.794084545265363, 1.440031648142232 ], [ -74.794652865537159, 1.43927388748011 ], [ -74.796231530960242, 1.438579276312747 ], [ -74.798946835128149, 1.437758369753137 ], [ -74.802384064672708, 1.436349907322566 ], [ -74.803075676601054, 1.432661304675602 ], [ -74.803613598888319, 1.431354925189799 ], [ -74.804458902256385, 1.430663311462823 ], [ -74.803998563582681, 1.429675604046054 ], [ -74.802104165974313, 1.427528619250574 ], [ -74.800209767466626, 1.425129048167224 ], [ -74.798567956146087, 1.421529690642896 ], [ -74.798378515755729, 1.420140465610228 ], [ -74.798504808449991, 1.41830921389928 ], [ -74.799578300398082, 1.416541108985169 ], [ -74.80103067312686, 1.415151883952429 ], [ -74.802419899058904, 1.414394124189653 ], [ -74.80766106700446, 1.413888950714699 ], [ -74.80917658563078, 1.413131191851188 ], [ -74.810565810663434, 1.412057699903094 ], [ -74.811639303510887, 1.411110500649275 ], [ -74.812397062374373, 1.410163300496109 ], [ -74.812649649561479, 1.408774075463406 ], [ -74.812586502764759, 1.407321703633904 ], [ -74.811955036595521, 1.405616745516577 ], [ -74.809744905902491, 1.402585708263988 ], [ -74.809744905902505, 1.400628162959531 ], [ -74.810313224375648, 1.398733765351147 ], [ -74.811134130935159, 1.397344540318458 ], [ -74.81214447698585, 1.396713074149242 ], [ -74.81353370201856, 1.396397341064626 ], [ -74.814859780254466, 1.396586779656354 ], [ -74.816122712592957, 1.397407686215909 ], [ -74.817322499033921, 1.398986351639014 ], [ -74.818901163557712, 1.40340661392426 ], [ -74.819722070117265, 1.404985279347345 ], [ -74.820290388590422, 1.406563944770372 ], [ -74.821490175031386, 1.407826877108856 ], [ -74.823005692758386, 1.408142610193474 ], [ -74.824205478300016, 1.408079462497365 ], [ -74.825152677553888, 1.407384851329993 ], [ -74.82609987680766, 1.406185064888968 ], [ -74.826478756689141, 1.40511157294089 ], [ -74.826163023604522, 1.403469760721057 ], [ -74.823637159826887, 1.39778656609727 ], [ -74.823258279945492, 1.396334194267814 ], [ -74.823447719436558, 1.394376648963321 ], [ -74.823889746114716, 1.392861130337046 ], [ -74.824710651774964, 1.391913931083219 ], [ -74.825847290519889, 1.391029878626201 ], [ -74.827236515552599, 1.390777292338326 ], [ -74.82831000840001, 1.390777292338333 ], [ -74.829888673823049, 1.391345611710799 ], [ -74.832098804516065, 1.39317686252235 ], [ -74.832416003109955, 1.393220117068886 ], [ -74.831720333973607, 1.395725068432903 ], [ -74.831721956766899, 1.400809327886571 ], [ -74.832316567861298, 1.401706357425716 ], [ -74.832614017395301, 1.40260348306302 ], [ -74.832614401030725, 1.40379977910722 ], [ -74.830832961191206, 1.408585543852021 ], [ -74.83023901920248, 1.409782033750735 ], [ -74.830239403588578, 1.410978330378031 ], [ -74.829051326313589, 1.412773162504115 ], [ -74.827863439818486, 1.415166143591565 ], [ -74.827566564098063, 1.416063463291263 ], [ -74.82667535964714, 1.416960976556178 ], [ -74.825487374120058, 1.419054884320972 ], [ -74.82489342884476, 1.420251375636473 ], [ -74.824299771552674, 1.422345090717992 ], [ -74.823111686913279, 1.424139925150519 ], [ -74.821032007320824, 1.425635975093371 ], [ -74.820437963295376, 1.426533392510684 ], [ -74.81865534989727, 1.42773027073314 ], [ -74.818061687736957, 1.429823988051943 ], [ -74.817467641926058, 1.430721405835681 ], [ -74.816874075065641, 1.433114198770767 ], [ -74.816280028446585, 1.434011616903875 ], [ -74.816281757808213, 1.439394967679126 ], [ -74.815390927369464, 1.441488783779188 ], [ -74.813907011477767, 1.4474707714438 ], [ -74.813313251945871, 1.449265416851167 ], [ -74.813317031654805, 1.460929349455646 ], [ -74.814506983970489, 1.46481693364671 ], [ -74.815101718047202, 1.466013037059761 ], [ -74.815993526529979, 1.466909966310906 ], [ -74.816290992457695, 1.467807092487621 ], [ -74.817182802244417, 1.468704020643582 ], [ -74.817777736479869, 1.470498271756531 ], [ -74.818967115301447, 1.472591398147704 ], [ -74.820751040033883, 1.475282472387373 ], [ -74.821048510334904, 1.476179596323642 ], [ -74.821940226549103, 1.476777445279339 ], [ -74.822537768726164, 1.486347628825834 ], [ -74.822835042698088, 1.486646602389782 ], [ -74.823132517508554, 1.487543724755078 ], [ -74.823134126486849, 1.492328915701307 ], [ -74.824620705464284, 1.494421928623246 ], [ -74.825512532923568, 1.495318846080543 ], [ -74.826701535850162, 1.496215660702433 ], [ -74.827296190014138, 1.497112678778456 ], [ -74.828484990886267, 1.497411343464107 ], [ -74.830565724414313, 1.498905994882849 ], [ -74.830863205973614, 1.499803113665529 ], [ -74.830864742421966, 1.504289221709076 ], [ -74.830271109320535, 1.506382945414783 ], [ -74.829083123589257, 1.508476876134557 ], [ -74.828786255198253, 1.50937420137699 ], [ -74.82611289587966, 1.512964019496203 ], [ -74.822548814697527, 1.518946742744325 ], [ -74.821657587354224, 1.519844275201165 ], [ -74.821063640096028, 1.521040779146834 ], [ -74.820172309097458, 1.521639237150182 ], [ -74.818984207570338, 1.523434096371381 ], [ -74.818092874915209, 1.524032554264485 ], [ -74.817796002281099, 1.524929881171722 ], [ -74.816607999819013, 1.527023815651769 ], [ -74.816311126660125, 1.527921142831235 ], [ -74.814826044117709, 1.530314255612925 ], [ -74.813341776426185, 1.53509996873575 ], [ -74.813342697486476, 1.537791643471717 ], [ -74.812748641957469, 1.538689074570438 ], [ -74.812154893272563, 1.540483730857402 ], [ -74.811263552574502, 1.541082190155507 ], [ -74.810966677701941, 1.541979518495071 ], [ -74.810075438312992, 1.542877052916878 ], [ -74.808293263929727, 1.545569347545122 ], [ -74.807996490152732, 1.546765751628053 ], [ -74.807996899428375, 1.547962052825466 ], [ -74.807402942490896, 1.549158560105151 ], [ -74.807106168605301, 1.550354964499122 ], [ -74.806214822675543, 1.550953424259763 ], [ -74.80502608806178, 1.550953835753877 ], [ -74.805027417539989, 1.554841817023159 ], [ -74.805325216746397, 1.556636166680432 ], [ -74.806217078192645, 1.557533083037947 ], [ -74.806219652884721, 1.565009967508613 ], [ -74.805626004214787, 1.567103703039229 ], [ -74.805626417526923, 1.568300004639223 ], [ -74.805329644889795, 1.569496410308182 ], [ -74.805330162157603, 1.570991787370627 ], [ -74.807710777548621, 1.579963209874009 ], [ -74.807710673123779, 1.579664134648298 ], [ -74.808305361786509, 1.580561149961608 ], [ -74.809198287236256, 1.584448810636302 ], [ -74.810090272011507, 1.585644793814109 ], [ -74.810090692778275, 1.586841094003987 ], [ -74.810982574117119, 1.587738001065815 ], [ -74.811875407493204, 1.591326581622216 ], [ -74.811876360374256, 1.594018255800308 ], [ -74.812173867805768, 1.594915373791306 ], [ -74.812174398394077, 1.596410748190652 ], [ -74.81276962832024, 1.598803133094985 ], [ -74.812771440217503, 1.603887405086865 ], [ -74.81217780594902, 1.60598114382442 ], [ -74.812097890437926, 1.606021390994588 ], [ -74.811113114678321, 1.60392560148545 ], [ -74.809838117934646, 1.602524999129582 ], [ -74.807846992844276, 1.600954820608649 ], [ -74.806422407368075, 1.600120917046858 ], [ -74.804945703481266, 1.599043791837724 ], [ -74.803104167123479, 1.597462850230516 ], [ -74.802374500382712, 1.596437844331233 ], [ -74.800983230291706, 1.593738193762819 ], [ -74.800604258679414, 1.592159144329233 ], [ -74.799577449639443, 1.589332290952684 ], [ -74.799629568949285, 1.588359403463846 ], [ -74.799438465712456, 1.586743715650142 ], [ -74.799177870961842, 1.586031422912043 ], [ -74.79870880077037, 1.585405995690344 ], [ -74.796485057938924, 1.583408102302258 ], [ -74.794006295254178, 1.582480487584582 ] ] ], [ [ [ -74.998525848872134, 1.635811274523882 ], [ -74.996147962365285, 1.63485537645859 ], [ -74.994245567034241, 1.633899256011973 ], [ -74.993294478092452, 1.633660443569191 ], [ -74.99234317273951, 1.632943132721443 ], [ -74.991154230835207, 1.632465178718903 ], [ -74.990202926469905, 1.631747866094906 ], [ -74.989251838081643, 1.631509050878696 ], [ -74.988300642094046, 1.631030985894985 ], [ -74.987349338938856, 1.63031367095001 ], [ -74.986398143614181, 1.629835604485068 ], [ -74.985684586557269, 1.62911818012217 ], [ -74.984733391902409, 1.628640112322389 ], [ -74.983305853296599, 1.626248262586877 ], [ -74.982592298687322, 1.625530835769508 ], [ -74.981640467973207, 1.623617267244277 ], [ -74.980926915062128, 1.62289983896484 ], [ -74.980451001255105, 1.621943053681831 ], [ -74.978072391554647, 1.619312370748694 ], [ -74.977121097095463, 1.618595045746657 ], [ -74.976645186702527, 1.61763825795204 ], [ -74.975217984391847, 1.615964142801126 ], [ -74.974504226832536, 1.614768209132237 ], [ -74.973315086822552, 1.613811735683833 ], [ -74.971887890339559, 1.612137615084495 ], [ -74.969747568536434, 1.610703056882487 ], [ -74.967607456524163, 1.609746995931372 ], [ -74.96665606571058, 1.608790410712352 ], [ -74.965704882648353, 1.608312326009186 ], [ -74.963802310998489, 1.606877652796204 ], [ -74.962613282055244, 1.606160418573699 ], [ -74.961899741573149, 1.605442976297302 ], [ -74.960948560366433, 1.604964887867359 ], [ -74.959997276886639, 1.60424754763078 ], [ -74.958332251003938, 1.602334259377947 ], [ -74.956904564552573, 1.599463860161759 ], [ -74.956428466860103, 1.598028556976247 ], [ -74.955952065685025, 1.595875499111388 ], [ -74.955951659724164, 1.594918493529827 ], [ -74.955713511015446, 1.593961589967536 ], [ -74.955237518594245, 1.59276553671063 ], [ -74.955237012582913, 1.591569279465841 ], [ -74.954761122725188, 1.590612477094617 ], [ -74.954760617672704, 1.589416219671372 ], [ -74.954046281110777, 1.586784757502039 ], [ -74.954045475812407, 1.584870745179026 ], [ -74.953331747136659, 1.583674790826741 ], [ -74.951426511655455, 1.575780291754657 ], [ -74.950950630662433, 1.574823485364251 ], [ -74.950950232341754, 1.57386647830164 ], [ -74.950474352423328, 1.572909671418647 ], [ -74.95047306104648, 1.569799397978611 ], [ -74.951185984839668, 1.569081342963604 ], [ -74.952136847172866, 1.56884169142461 ], [ -74.95308760961052, 1.568362787930367 ], [ -74.953324952094079, 1.567405681327858 ], [ -74.95380003459077, 1.566448474789419 ], [ -74.954274719373075, 1.564534262083733 ], [ -74.954273925172402, 1.562620249468278 ], [ -74.952608462019739, 1.559510675755901 ], [ -74.950467921131704, 1.557358303281181 ], [ -74.944700593492058, 1.55209714936086 ], [ -74.944997645315027, 1.551797961480694 ], [ -74.944700106330799, 1.550900888275759 ], [ -74.943510197411101, 1.547910724295573 ], [ -74.942915487269318, 1.547013772166964 ], [ -74.942913068197953, 1.541032463480054 ], [ -74.94350656772103, 1.538938762629867 ], [ -74.94350552345405, 1.53634779937356 ], [ -74.944743528590834, 1.535419295863952 ], [ -74.945627140380054, 1.533584103323869 ], [ -74.94630684168726, 1.531680940023555 ], [ -74.947054512855317, 1.530253567548256 ], [ -74.948006094505502, 1.529369955759062 ], [ -74.949161585738466, 1.528758225212083 ], [ -74.950520988352764, 1.528622284590938 ], [ -74.951812421106141, 1.528826195073019 ], [ -74.953647613646254, 1.529369955759043 ], [ -74.954803105778552, 1.530049657066167 ], [ -74.955890627150509, 1.531612970162594 ], [ -74.957250029764879, 1.533176282359709 ], [ -74.96010477381607, 1.537798249989418 ], [ -74.960648534502127, 1.542692097962121 ], [ -74.960376655058411, 1.543711649473245 ], [ -74.960172743677049, 1.545954662977488 ], [ -74.960172743677049, 1.5477898555176 ], [ -74.961328235809276, 1.551120392192525 ], [ -74.961396205670169, 1.55234385418569 ], [ -74.963095458488425, 1.554314987346985 ], [ -74.964386890342524, 1.555470478579869 ], [ -74.966358023503801, 1.556150179887024 ], [ -74.967649456257206, 1.556218149747967 ], [ -74.969212768454327, 1.556829881194252 ], [ -74.970912021272625, 1.557645522223266 ], [ -74.97254330512925, 1.558665073734353 ], [ -74.973834736983349, 1.559820565866597 ], [ -74.974854287595122, 1.561383878963017 ], [ -74.976621510274285, 1.567976978854634 ], [ -74.977301211581505, 1.570084052637086 ], [ -74.978388733852853, 1.572666917244596 ], [ -74.978864524677903, 1.574841960887984 ], [ -74.978864524677931, 1.576201362602943 ], [ -74.978592643435576, 1.57776467480006 ], [ -74.978116853509832, 1.578988136793226 ], [ -74.976281660969732, 1.581299121057733 ], [ -74.973698795462894, 1.583542134562055 ], [ -74.972951124294781, 1.584425746351262 ], [ -74.971999543543944, 1.58496950703726 ], [ -74.970776081550738, 1.585989058548366 ], [ -74.97023232086471, 1.586668759855588 ], [ -74.97023232086471, 1.587552370745481 ], [ -74.970640140929618, 1.588164102191734 ], [ -74.972679244851108, 1.588639893016819 ], [ -74.975058198976541, 1.58728049130181 ], [ -74.975941809866441, 1.58646485027276 ], [ -74.978116853509832, 1.585037476898227 ], [ -74.98233100107467, 1.583610105322247 ], [ -74.984845894921989, 1.583338224079978 ], [ -74.985661535950953, 1.583746045044105 ], [ -74.986817028083209, 1.585105446759129 ], [ -74.986884997944145, 1.586192969030457 ], [ -74.986749057322982, 1.587484400884541 ], [ -74.98606935691511, 1.588368012673822 ], [ -74.985253714986783, 1.588843802599609 ], [ -74.984370104096826, 1.58891177425915 ], [ -74.981719269628428, 1.588368012673846 ], [ -74.980971597561037, 1.588435982534758 ], [ -74.97954422598508, 1.589319594323966 ], [ -74.979068434260654, 1.590067264592747 ], [ -74.978864524677903, 1.590882906521095 ], [ -74.979068434260668, 1.592174339274489 ], [ -74.979476256124116, 1.59353374098955 ], [ -74.981039567421917, 1.595708784632869 ], [ -74.982127089693265, 1.596592395522812 ], [ -74.98273882113952, 1.597679917794184 ], [ -74.982806791000414, 1.598699470204564 ], [ -74.982874760861364, 1.601010452670436 ], [ -74.982534910657421, 1.603389406795838 ], [ -74.981583329007236, 1.605020689753215 ], [ -74.980359867014101, 1.606651972710548 ], [ -74.979408285363945, 1.60760355436073 ], [ -74.979136405020938, 1.608894986214843 ], [ -74.979136405020938, 1.61011844820799 ], [ -74.979340315502981, 1.611273940340249 ], [ -74.980155956532002, 1.613245072602186 ], [ -74.980971597561052, 1.613584923705468 ], [ -74.982806791000428, 1.613720864326597 ], [ -74.984302133336627, 1.613177102741283 ], [ -74.986952967805038, 1.611341910201173 ], [ -74.988652220623308, 1.610458299311238 ], [ -74.98994365247745, 1.610254387929853 ], [ -74.99137102495267, 1.610458299311258 ], [ -74.992254636741961, 1.611070029858139 ], [ -74.993002307910018, 1.611817701026276 ], [ -74.993206217492755, 1.613448983983583 ], [ -74.993817948939082, 1.615080266041633 ], [ -74.993546068596032, 1.615963877830842 ], [ -74.99279839742789, 1.616915458581751 ], [ -74.992322606602841, 1.618002980853016 ], [ -74.991235084331521, 1.622489007861608 ], [ -74.990623353784599, 1.623780440615002 ], [ -74.990555383923663, 1.624867961987057 ], [ -74.990827263367308, 1.627450826594569 ], [ -74.992390576463762, 1.628606317827492 ], [ -74.994089829282018, 1.629353989894867 ], [ -74.996756014278489, 1.629281882253238 ], [ -74.998076824285846, 1.628951679976238 ], [ -75.001819118257572, 1.626860398288897 ], [ -75.004350669347772, 1.625264420017152 ], [ -75.007322491639513, 1.62399864402241 ], [ -75.008918469911293, 1.62361340773276 ], [ -75.010184245906075, 1.623613407732757 ], [ -75.012825865021512, 1.6242738131861 ], [ -75.013761438739266, 1.625209386004533 ], [ -75.014036607003661, 1.626199992835577 ], [ -75.013706404726634, 1.627080532540746 ], [ -75.013321168437002, 1.627685903981419 ], [ -75.011064785611183, 1.629116781114728 ], [ -75.009028537936501, 1.630162421958353 ], [ -75.008092963319427, 1.630822826512367 ], [ -75.007377525652146, 1.631648333104232 ], [ -75.00671712109812, 1.633629546766334 ], [ -75.00671712109812, 1.63506042389965 ], [ -75.00690359360172, 1.635955493964835 ], [ -75.003518491476953, 1.635808962571986 ], [ -75.000428136856954, 1.636528140332564 ], [ -74.99947693818649, 1.636050083540009 ], [ -74.998525848872134, 1.635811274523882 ] ] ], [ [ [ -75.047201956585297, 1.926338264200538 ], [ -75.046131748510035, 1.925980009757018 ], [ -75.044790674890692, 1.925980775957457 ], [ -75.044063414750781, 1.926591264894666 ], [ -75.037885446733, 1.9342506219019 ], [ -75.032183396342205, 1.942627449429883 ], [ -75.025528558759831, 1.948133874334095 ], [ -75.015758367299838, 1.953055892558142 ], [ -75.015117064553706, 1.954348184201519 ], [ -75.012621711001415, 1.956861674642735 ], [ -75.010839112476845, 1.958298154621233 ], [ -75.009769273990045, 1.958657623945799 ], [ -75.009056312277409, 1.959375763748769 ], [ -75.007986472291449, 1.959735232435525 ], [ -75.007273509218905, 1.960453372050177 ], [ -75.003351411398853, 1.962967655770817 ], [ -75.002638444692835, 1.963685794972031 ], [ -75.00121231227125, 1.964763202147434 ], [ -74.999073405087387, 1.966917619274509 ], [ -74.997646873786891, 1.967277282710657 ], [ -74.994438302047143, 1.970150035025443 ], [ -74.991586010896739, 1.972304844905078 ], [ -74.988375855161294, 1.972306615352751 ], [ -74.987305607682302, 1.971948331584936 ], [ -74.985878092626066, 1.970513624666492 ], [ -74.985164141794499, 1.969437397550525 ], [ -74.984806875719812, 1.968360974514216 ], [ -74.984805712242604, 1.966207737688766 ], [ -74.985874210505969, 1.963336170688736 ], [ -74.988369821892832, 1.96118156941189 ], [ -74.98943967276, 1.960822110914485 ], [ -74.990152647104324, 1.960103975254329 ], [ -74.993361413620406, 1.957590108454895 ], [ -74.995499935340746, 1.954717957022973 ], [ -74.996569388896191, 1.953640753219115 ], [ -74.997281966962376, 1.952204874095846 ], [ -74.997994739346311, 1.951127866768949 ], [ -75.001559371974935, 1.947178316697286 ], [ -75.00191546296459, 1.946101506479381 ], [ -75.003697870022449, 1.944306167355272 ], [ -75.00654853844631, 1.939280400184932 ], [ -75.010469020603097, 1.933895174273102 ], [ -75.011893558321361, 1.929946812489708 ], [ -75.013675941080365, 1.928151475778024 ], [ -75.015101452168466, 1.925997466544723 ], [ -75.01581440288011, 1.925279331954151 ], [ -75.022232114724517, 1.920969335308595 ], [ -75.023302124274139, 1.920968739862831 ], [ -75.024014871377616, 1.919891735512626 ], [ -75.025084286955519, 1.918814532587274 ], [ -75.027223311867672, 1.917018995370257 ], [ -75.028292921463262, 1.916300660864743 ], [ -75.030431741034775, 1.914146254446928 ], [ -75.030787814128672, 1.913069450055106 ], [ -75.031857023034192, 1.91163337881982 ], [ -75.032569960298673, 1.910915243542511 ], [ -75.032926032175652, 1.909838439673667 ], [ -75.037558320288667, 1.901940752332328 ], [ -75.037914389501537, 1.900863949828446 ], [ -75.038626924075999, 1.899428080355435 ], [ -75.039339854641142, 1.898709946139931 ], [ -75.039695922913864, 1.8976331441304 ], [ -75.041478245659619, 1.895837808955923 ], [ -75.042190776589507, 1.89440194048833 ], [ -75.042903703929653, 1.893683806567195 ], [ -75.043616432026951, 1.892606805591467 ], [ -75.043972497877988, 1.891530004624468 ], [ -75.044685423538567, 1.890811870927429 ], [ -75.046110080923896, 1.887222402685212 ], [ -75.046109485345355, 1.886145802236251 ], [ -75.047177679261537, 1.882915402412429 ], [ -75.047177084388679, 1.881838802251704 ], [ -75.047533148879978, 1.880762002693909 ], [ -75.047530180241282, 1.87537900219103 ], [ -75.047885850120565, 1.873584469920001 ], [ -75.047885257766339, 1.872507869870786 ], [ -75.048241322811464, 1.871431071268551 ], [ -75.046811939172727, 1.866407729586759 ], [ -75.046810956978646, 1.864613395443612 ], [ -75.046453320256674, 1.862819258598134 ], [ -75.045738638551839, 1.860307584336449 ], [ -75.045731618798371, 1.847388372662338 ], [ -75.04644375762868, 1.845234779804547 ], [ -75.046441623403325, 1.841287243261507 ], [ -75.047154344011716, 1.840210252407031 ], [ -75.047508670667881, 1.835903654938085 ], [ -75.047864740239461, 1.834826859726144 ], [ -75.048575719715146, 1.830520069067794 ], [ -75.048574561782075, 1.828366868349079 ], [ -75.04928727963464, 1.827289879906697 ], [ -75.050355487312814, 1.824059497778576 ], [ -75.050710978279852, 1.821906104267737 ], [ -75.05142311615387, 1.819752517400152 ], [ -75.052134868746862, 1.816881198205835 ], [ -75.052130262940778, 1.808268402855707 ], [ -75.051416592156258, 1.80755105486819 ], [ -75.051414681700081, 1.80396238909959 ], [ -75.050701013634395, 1.80324503972556 ], [ -75.050698918896387, 1.799297506341351 ], [ -75.049984873822595, 1.797862421983435 ], [ -75.049982597391136, 1.793556020744322 ], [ -75.049268935821573, 1.792838668206091 ], [ -75.047482334123117, 1.786380012437514 ], [ -75.046767925516548, 1.784227188184758 ], [ -75.046053894856115, 1.782792097173089 ], [ -75.046053332297873, 1.781715495445446 ], [ -75.045339678486215, 1.780998137929661 ], [ -75.045339116908977, 1.779921535952713 ], [ -75.040694090943347, 1.763057188927801 ], [ -75.040693353356204, 1.761621717368792 ], [ -75.039979344232037, 1.760186616297553 ], [ -75.039622156375415, 1.759110197408806 ], [ -75.038908517059795, 1.758392831095646 ], [ -75.038194511501132, 1.75695772785345 ], [ -75.037836959827658, 1.755163571241724 ], [ -75.037122591879182, 1.753010729803016 ], [ -75.037122043827438, 1.751934124885944 ], [ -75.036050680934224, 1.74906372848246 ], [ -75.034623052532737, 1.746911249480795 ], [ -75.033195609279716, 1.745117636284898 ], [ -75.032838251172407, 1.743682343406277 ], [ -75.031767807708761, 1.742606282653425 ], [ -75.031053818618645, 1.74117117012403 ], [ -75.028912758496887, 1.738660173310715 ], [ -75.028555586568828, 1.737583746312115 ], [ -75.026057902018124, 1.735072922425972 ], [ -75.024630300000467, 1.732920423382791 ], [ -75.023915966499345, 1.730767563452531 ], [ -75.023202346411139, 1.730050181725816 ], [ -75.022488371889722, 1.728615059568438 ], [ -75.022131030656482, 1.727179758214177 ], [ -75.021417235938245, 1.72610350462245 ], [ -75.020702912137892, 1.72395063990944 ], [ -75.019989120123739, 1.722874384631735 ], [ -75.019631960124585, 1.721797951342982 ], [ -75.018918345940705, 1.721080565191474 ], [ -75.018561187316124, 1.720004131163345 ], [ -75.017490768059673, 1.718928050212115 ], [ -75.015706563642567, 1.716775708440124 ], [ -75.015349408603868, 1.715699272321535 ], [ -75.013921840536355, 1.713546750119489 ], [ -75.013207709918191, 1.711752746030652 ], [ -75.012494102582508, 1.711035354005273 ], [ -75.012136778232119, 1.709600044567262 ], [ -75.012136257679231, 1.708523431341892 ], [ -75.010351899572569, 1.70601220441969 ], [ -75.009280459642099, 1.702782883540001 ], [ -75.008565653947997, 1.699553387037351 ], [ -75.008564966668743, 1.698117901117299 ], [ -75.007493711943525, 1.695247446520779 ], [ -75.007492685040802, 1.693094216877686 ], [ -75.007135203631861, 1.691300030707248 ], [ -75.006777041848693, 1.688070357270716 ], [ -75.005705632933697, 1.684841025034592 ], [ -75.005701566243644, 1.676228100858873 ], [ -75.006057683241821, 1.675151315283511 ], [ -75.007124852688236, 1.669408857285046 ], [ -75.009259871394761, 1.65935943525231 ], [ -75.009259199885165, 1.65792394902478 ], [ -75.009615316848311, 1.656847165553794 ], [ -75.009614310945082, 1.654693936368536 ], [ -75.010326712600872, 1.652899241716434 ], [ -75.010325708331564, 1.650746012883265 ], [ -75.0110386116054, 1.650027933295282 ], [ -75.013175812446008, 1.646232272263346 ], [ -75.017558766471566, 1.646232272294024 ], [ -75.01882454216593, 1.646397373304519 ], [ -75.021906431540785, 1.647222879081456 ], [ -75.023062139366075, 1.647773215782372 ], [ -75.024217848299998, 1.648433620697542 ], [ -75.02889571526282, 1.653111487448722 ], [ -75.031812502961827, 1.65613834414165 ], [ -75.032527941027197, 1.657239018222092 ], [ -75.032803110561332, 1.658284659335154 ], [ -75.032803110101668, 1.660210840157978 ], [ -75.032252773044533, 1.661531649767184 ], [ -75.031702435387459, 1.662137021038292 ], [ -75.030546727032259, 1.663017559795406 ], [ -75.028290344285523, 1.66384306626205 ], [ -75.025043354270451, 1.664008166710198 ], [ -75.023832612436024, 1.664283335968977 ], [ -75.022897038071306, 1.665273942577385 ], [ -75.022236632956705, 1.666319584085519 ], [ -75.022236633017656, 1.667200124050909 ], [ -75.022731937539433, 1.6676954281389 ], [ -75.023447375238987, 1.668025630104097 ], [ -75.026584298278152, 1.6689061701864 ], [ -75.027629939092719, 1.66934643970333 ], [ -75.029280951132563, 1.670612214671414 ], [ -75.030051423362167, 1.671437721281694 ], [ -75.030601761682163, 1.67215315994119 ], [ -75.030876928972845, 1.673308867773328 ], [ -75.030986997419916, 1.674134374071791 ], [ -75.030766862634906, 1.674959880080695 ], [ -75.030271558483761, 1.676280689553936 ], [ -75.029179482988084, 1.678126039585509 ], [ -75.028405571037823, 1.680540644761105 ], [ -75.028250788714359, 1.682336120182062 ], [ -75.028498440008448, 1.683914899579937 ], [ -75.028343658420255, 1.684534030312561 ], [ -75.028250788371409, 1.687289156090891 ], [ -75.027786441354991, 1.689425153209538 ], [ -75.027786441696051, 1.690353846672719 ], [ -75.028250788282989, 1.691499236736367 ], [ -75.029860525015152, 1.69459488391379 ], [ -75.030262959098508, 1.695740273888402 ], [ -75.03066539356746, 1.698216791654326 ], [ -75.030634436860055, 1.699176441666601 ], [ -75.030851132312108, 1.700910005253147 ], [ -75.031067828508228, 1.702024437546651 ], [ -75.031872696519812, 1.704500955597993 ], [ -75.034906429939369, 1.708834861768115 ], [ -75.035123126692028, 1.709732600038443 ], [ -75.03524695198243, 1.710537467481641 ], [ -75.034968343495891, 1.711713813881975 ], [ -75.034411127153945, 1.712301987283884 ], [ -75.03379199687663, 1.713633115612413 ], [ -75.034085478950587, 1.715065622247437 ], [ -75.034164856818194, 1.718810591280747 ], [ -75.038016400309431, 1.722066115138942 ], [ -75.038683120195159, 1.723012928024513 ], [ -75.039425444543312, 1.723130172808605 ], [ -75.04050800746073, 1.723012155417054 ], [ -75.042490766856247, 1.724251186737669 ], [ -75.042986070472963, 1.724344055520726 ], [ -75.04406954720875, 1.724220230193406 ], [ -75.044595807666425, 1.724282142602006 ], [ -75.045153023455541, 1.724560750787417 ], [ -75.045493544948428, 1.725056054782361 ], [ -75.045710240092603, 1.726294314202201 ], [ -75.045648326921992, 1.726851529751141 ], [ -75.046112674245421, 1.727687354916397 ], [ -75.046484152709851, 1.727996919605886 ], [ -75.048465366178945, 1.728120746190507 ], [ -75.049951276930713, 1.728647005706343 ], [ -75.050353711668222, 1.729142310134692 ], [ -75.050570407008664, 1.729761438706713 ], [ -75.050663276255023, 1.730690132777573 ], [ -75.050879970851227, 1.730906829043099 ], [ -75.051746752936168, 1.730752045469495 ], [ -75.052365882567074, 1.730844916194927 ], [ -75.053449359178018, 1.732021261567581 ], [ -75.053944662470357, 1.732083175158989 ], [ -75.054285183711784, 1.731928391700259 ], [ -75.054501879104237, 1.731154479875398 ], [ -75.054563791909544, 1.729823352071603 ], [ -75.053418402336774, 1.728492224086875 ], [ -75.053232663065842, 1.727873093844804 ], [ -75.053387446476918, 1.727253964838461 ], [ -75.053820835903949, 1.727068225577143 ], [ -75.055090051897352, 1.727656398551215 ], [ -75.055461529387955, 1.727687355084228 ], [ -75.055863964711833, 1.727501616070492 ], [ -75.056668832723958, 1.726170488323948 ], [ -75.057442744217539, 1.725365619700468 ], [ -75.058588132917777, 1.724467881472322 ], [ -75.059258267527525, 1.724244787257081 ], [ -75.05970256629233, 1.724251186473675 ], [ -75.059919261982074, 1.724560751152872 ], [ -75.060043088076128, 1.72552040149384 ], [ -75.06035265216552, 1.725829966562438 ], [ -75.061652823868357, 1.725768054062733 ], [ -75.063211321024397, 1.726417009487579 ], [ -75.063778839277376, 1.726377870520031 ], [ -75.064222212236572, 1.726108574732052 ], [ -75.064287878891221, 1.725806507253635 ], [ -75.066590151636859, 1.725841162204098 ], [ -75.067066272621076, 1.727037130662614 ], [ -75.06706676781981, 1.727994104499813 ], [ -75.067542890340533, 1.729190072327712 ], [ -75.06754338639557, 1.73014704600468 ], [ -75.068019386269171, 1.731103769820814 ], [ -75.068257634977627, 1.732060618300309 ], [ -75.068496008564637, 1.733256709942925 ], [ -75.068496506265291, 1.734213683301627 ], [ -75.068972508661432, 1.73517040597167 ], [ -75.068973630650802, 1.737323595659269 ], [ -75.069449634888755, 1.738280317588926 ], [ -75.069455020278838, 1.748567777144533 ], [ -75.069931030744598, 1.749524497071958 ], [ -75.069931533845462, 1.750481469847212 ], [ -75.070169791377737, 1.751438315930424 ], [ -75.070173070826044, 1.75765863821191 ], [ -75.070887980817261, 1.760768416939453 ], [ -75.07184001666964, 1.762681851036087 ], [ -75.074456599060198, 1.765072872495126 ], [ -75.075645631864063, 1.765550716414477 ], [ -75.07635928161622, 1.766268059060141 ], [ -75.077310559588838, 1.766746029774455 ], [ -75.078261709768697, 1.766984757176992 ], [ -75.079688627432176, 1.767701710751679 ], [ -75.080639777777264, 1.767940436473122 ], [ -75.081591056688708, 1.768418403856756 ], [ -75.11487664931893, 1.768399988152689 ], [ -75.116302767885372, 1.767681466418642 ], [ -75.11963103835555, 1.767201111144675 ], [ -75.120819533484692, 1.766721961032106 ], [ -75.12248379929602, 1.76672102002286 ], [ -75.123910044411403, 1.766241734022587 ], [ -75.126287295494052, 1.765761907788039 ], [ -75.134608596725101, 1.76575716569153 ], [ -75.137937246548262, 1.765994496395463 ], [ -75.138888385820664, 1.766233188226517 ], [ -75.142693488013848, 1.768144899789975 ], [ -75.143882515024202, 1.768622688283355 ], [ -75.144833928240502, 1.769339850735176 ], [ -75.145785068215019, 1.769578537427948 ], [ -75.146498731488734, 1.770295836068753 ], [ -75.150541731258883, 1.77244662049644 ], [ -75.15220681413642, 1.773881070936579 ], [ -75.1545850133719, 1.775075863679471 ], [ -75.156963353128617, 1.776509887963953 ], [ -75.158866472287301, 1.778422659869981 ], [ -75.159580282411326, 1.779379184489272 ], [ -75.161245516520992, 1.781052854686175 ], [ -75.163386956995609, 1.78392241932256 ], [ -75.164100631778766, 1.784639703461659 ], [ -75.165052761703762, 1.786553024709286 ], [ -75.165053043160754, 1.78703149638941 ], [ -75.169811183593865, 1.792291837625505 ], [ -75.170287254636079, 1.793248493857925 ], [ -75.170287964458197, 1.794444670872261 ], [ -75.17171618397991, 1.797314636321417 ], [ -75.171954506224793, 1.798271434027555 ], [ -75.173858811591913, 1.802098047255924 ], [ -75.174335176226293, 1.803533169566553 ], [ -75.176475956575814, 1.805206515066075 ], [ -75.177427255740525, 1.805684406138046 ], [ -75.179567319398302, 1.806161571532107 ], [ -75.180518619027652, 1.806639460166005 ], [ -75.181707382702442, 1.806638733698031 ], [ -75.182658248711192, 1.806398917588549 ], [ -75.184560268731545, 1.806397752766175 ], [ -75.188601475928749, 1.805438335310048 ], [ -75.190264866658396, 1.804001908722345 ], [ -75.191215582148786, 1.803522855968938 ], [ -75.192641217329509, 1.802086575771352 ], [ -75.194066559108563, 1.800171828911433 ], [ -75.194779083515343, 1.798975222342903 ], [ -75.197155131151973, 1.796581423980242 ], [ -75.198343589939341, 1.796102224430627 ], [ -75.199056256383514, 1.795144851941956 ], [ -75.200244567292046, 1.794426419074542 ], [ -75.200957378104391, 1.793708279769415 ], [ -75.204047095397016, 1.792031739529266 ], [ -75.204997944840542, 1.791791918245158 ], [ -75.209039672794489, 1.791789411050891 ], [ -75.211179703080163, 1.792266544217535 ], [ -75.212368739580853, 1.792744267441455 ], [ -75.213557628761265, 1.792982757624122 ], [ -75.214509064871621, 1.793699858998487 ], [ -75.215460058035958, 1.793699264277857 ], [ -75.216411346810673, 1.794177132312838 ], [ -75.217362339589826, 1.794176536439289 ], [ -75.219740413971834, 1.79513196996395 ], [ -75.222831584123, 1.795847718118216 ], [ -75.224020323451597, 1.795846968304809 ], [ -75.227111342440736, 1.79632347659623 ], [ -75.229013322752593, 1.796322271722581 ], [ -75.229964462361906, 1.79656089901964 ], [ -75.23115319916208, 1.796560144240043 ], [ -75.233768719275062, 1.797036941301838 ], [ -75.234719858331331, 1.797275565463584 ], [ -75.236622438140529, 1.798231271630055 ], [ -75.237573879549117, 1.798948353305583 ], [ -75.239001269928366, 1.800382818517815 ], [ -75.239477370342144, 1.80133943233081 ], [ -75.240191218793399, 1.802295892997463 ], [ -75.241143423479613, 1.804209118038588 ], [ -75.241858492836172, 1.807079412271978 ], [ -75.241859102508315, 1.808036330032477 ], [ -75.242097460511758, 1.808993094277226 ], [ -75.242100974976367, 1.814495370672772 ], [ -75.241863991523829, 1.815691671744157 ], [ -75.240438721798355, 1.817606431827649 ], [ -75.238537338528232, 1.818564581859798 ], [ -75.237586798613918, 1.819282886376185 ], [ -75.236636105037647, 1.819761961015703 ], [ -75.235923313434526, 1.820480111743313 ], [ -75.234021922685756, 1.821438260434958 ], [ -75.232596335048726, 1.822874562035591 ], [ -75.231645484798776, 1.82311440579807 ], [ -75.23093268948243, 1.823832556628929 ], [ -75.229031594735446, 1.825269164898043 ], [ -75.226179186062581, 1.826227923482165 ], [ -75.215242591677608, 1.826234921817926 ], [ -75.214291431151295, 1.825996295488436 ], [ -75.213340120406883, 1.825518436695012 ], [ -75.211200346470122, 1.825519795296426 ], [ -75.209535777467948, 1.82504238598382 ], [ -75.206682742178245, 1.825044190340618 ], [ -75.205731431588347, 1.824566325915801 ], [ -75.204780270190966, 1.824327693181156 ], [ -75.20168932945046, 1.824090405944342 ], [ -75.198835991702865, 1.823613730836977 ], [ -75.197647223886989, 1.823614475508049 ], [ -75.194318081592513, 1.822659622877507 ], [ -75.190989527082451, 1.822661696477596 ], [ -75.187422775038499, 1.821946209498398 ], [ -75.185996249346218, 1.821947093101432 ], [ -75.184807185234448, 1.821469360255112 ], [ -75.183856167587905, 1.821469947907311 ], [ -75.182429349073402, 1.820992359736334 ], [ -75.180051512325051, 1.820515355290504 ], [ -75.176722076406662, 1.819081991057001 ], [ -75.175770623440513, 1.8183648689635 ], [ -75.174819315547239, 1.81788698087617 ], [ -75.173154167000106, 1.816452586987715 ], [ -75.171964961659413, 1.815735606111752 ], [ -75.170062062152923, 1.814301351432137 ], [ -75.167207431535985, 1.811671490965898 ], [ -75.164115196688471, 1.80928100000327 ], [ -75.159596300490065, 1.806652117980416 ], [ -75.158644999661192, 1.806174214982297 ], [ -75.157693840369959, 1.805935547554697 ], [ -75.155791239749988, 1.804979737689237 ], [ -75.154839799068313, 1.804262594945814 ], [ -75.154125972876159, 1.803306073098812 ], [ -75.153174533584831, 1.802588928546655 ], [ -75.151746885377648, 1.800675880924492 ], [ -75.150556855040506, 1.798523452741634 ], [ -75.148653148715781, 1.795653731498007 ], [ -75.147463127551745, 1.793501297019413 ], [ -75.1465108637112, 1.791348720500377 ], [ -75.145559295489221, 1.790392328959912 ], [ -75.145083235012549, 1.789435657953337 ], [ -75.142942487961363, 1.787762246541247 ], [ -75.141039910234142, 1.786806405045609 ], [ -75.138186457184972, 1.786090350725293 ], [ -75.13723544317422, 1.78609090269806 ], [ -75.134382126000986, 1.785614079136008 ], [ -75.13343111106073, 1.78561462898174 ], [ -75.131528807735194, 1.785137250233526 ], [ -75.130577792161972, 1.785137798447913 ], [ -75.128675216701112, 1.78418193859309 ], [ -75.125108228770969, 1.782987790296522 ], [ -75.122967766631163, 1.781792818367825 ], [ -75.121778861248274, 1.781554257479941 ], [ -75.120827440782321, 1.780837081595698 ], [ -75.119876155313506, 1.780359144162804 ], [ -75.117498344920079, 1.779882015851643 ], [ -75.116309305658319, 1.779404210605384 ], [ -75.11535828838322, 1.779404749166539 ], [ -75.114407003614716, 1.778926807620082 ], [ -75.112266947014163, 1.778449536202906 ], [ -75.111315929006054, 1.778450072379864 ], [ -75.10917587172402, 1.777972796562718 ], [ -75.108224853028858, 1.777973330994166 ], [ -75.105371530563261, 1.777496450341561 ], [ -75.104420510969675, 1.777496982658952 ], [ -75.102518207068911, 1.777019564392956 ], [ -75.088728386396767, 1.777027211301709 ], [ -75.087777492120239, 1.777266976671107 ], [ -75.086826467416856, 1.777267499805961 ], [ -75.085875702044291, 1.777746506353288 ], [ -75.085162952004069, 1.778703866130785 ], [ -75.085164510877178, 1.781574770110287 ], [ -75.086116579905365, 1.783488181943956 ], [ -75.086354858314337, 1.784445018442104 ], [ -75.086830894493701, 1.785401723453038 ], [ -75.087544688707396, 1.78635829657984 ], [ -75.088020857187402, 1.787554242394806 ], [ -75.088972541738315, 1.788749924087173 ], [ -75.08992462147539, 1.79066332941897 ], [ -75.090875915009505, 1.791141283818797 ], [ -75.093017051698794, 1.793532505961373 ], [ -75.093968479094414, 1.79424969873008 ], [ -75.095633710231667, 1.795923455904811 ], [ -75.098487601526188, 1.797357300489846 ], [ -75.102292927414993, 1.799508322940615 ], [ -75.105384583003996, 1.800942015910473 ], [ -75.107524806310423, 1.801658521377465 ], [ -75.11180552424085, 1.803570001681377 ], [ -75.113707856301232, 1.804047392763475 ], [ -75.116323732473532, 1.805002850779964 ], [ -75.121079426334816, 1.805957068624777 ], [ -75.122030455574347, 1.805956519018606 ], [ -75.1236948928847, 1.806194795030645 ], [ -75.125834981041123, 1.806672032175402 ], [ -75.126786283815107, 1.807149957421792 ], [ -75.127975206406035, 1.807388504819461 ], [ -75.128926509566554, 1.807866428385757 ], [ -75.131542111447828, 1.808343379629322 ], [ -75.132730895500515, 1.808342684742826 ], [ -75.135108877831399, 1.809059007038247 ], [ -75.145332397825626, 1.809052982837625 ], [ -75.14889929558025, 1.810007815983198 ], [ -75.150801903717834, 1.810963632082567 ], [ -75.15151559340336, 1.811680917563814 ], [ -75.152704654054006, 1.812158681719603 ], [ -75.154369791859651, 1.813593106765183 ], [ -75.154608113642553, 1.81454991082174 ], [ -75.156035499268, 1.815984474594796 ], [ -75.158891132271279, 1.820289012071672 ], [ -75.162697808538596, 1.824592959747571 ], [ -75.163411795794133, 1.825788706086871 ], [ -75.164363253463904, 1.826505835294284 ], [ -75.16507709898552, 1.827462344094962 ], [ -75.167931044720476, 1.828896016832105 ], [ -75.168882505119825, 1.829613141538655 ], [ -75.170071433259096, 1.829851648917284 ], [ -75.175065774293628, 1.832240931694844 ], [ -75.176254994393304, 1.832957903036815 ], [ -75.177206166517379, 1.833196550482689 ], [ -75.178157484761485, 1.833674431930782 ], [ -75.179108949618751, 1.834391547146401 ], [ -75.179822805048829, 1.835348043337592 ], [ -75.18172603202494, 1.837260737834213 ], [ -75.181964523735132, 1.838456761704634 ], [ -75.18196570076249, 1.840370636428569 ], [ -75.179113495563769, 1.841807818971368 ], [ -75.175071615089109, 1.841810327856383 ], [ -75.170077967877333, 1.840617237872307 ], [ -75.169126644425191, 1.840139353053864 ], [ -75.168175466573118, 1.839900702868238 ], [ -75.166272820737035, 1.838944929301699 ], [ -75.16532135341096, 1.838227805612198 ], [ -75.164370176019489, 1.837989152470972 ], [ -75.163656467735947, 1.837271881592788 ], [ -75.160802504126323, 1.835838208054134 ], [ -75.160088797779721, 1.835120934364592 ], [ -75.157710210936685, 1.833447726409321 ], [ -75.155569671690927, 1.832252841667327 ], [ -75.154618067500635, 1.831296470985159 ], [ -75.15366674965918, 1.830818572440077 ], [ -75.152477389045202, 1.829862343034214 ], [ -75.151526072078823, 1.829384442552115 ], [ -75.14986091310017, 1.82795002242565 ], [ -75.146769067098646, 1.826277216465854 ], [ -75.145817611051925, 1.825560073647716 ], [ -75.144866296698567, 1.825082167205747 ], [ -75.143677365484422, 1.824843639163197 ], [ -75.141536979725146, 1.823887963510618 ], [ -75.138445702325853, 1.823172085791558 ], [ -75.137256491092316, 1.822455076366182 ], [ -75.136305457907199, 1.822455639079143 ], [ -75.130836316503888, 1.821262672703958 ], [ -75.129885281966494, 1.821263231640921 ], [ -75.126794002585925, 1.820547328452683 ], [ -75.122752100120678, 1.820549690402318 ], [ -75.120850301716757, 1.821029277167151 ], [ -75.118711016416526, 1.821987479450204 ], [ -75.118473806360356, 1.822944575210723 ], [ -75.1187121160999, 1.82390139436073 ], [ -75.119425946280174, 1.824857936274676 ], [ -75.119902017319205, 1.825814616165329 ], [ -75.120615711197232, 1.826531917576046 ], [ -75.122757904241354, 1.830597730388312 ], [ -75.123234118503703, 1.831793646430453 ], [ -75.124185855111975, 1.832989282410206 ], [ -75.124661932551319, 1.833945958248195 ], [ -75.125613671623881, 1.83514159223118 ], [ -75.126327651205315, 1.836337365324602 ], [ -75.127755194602173, 1.838011193070716 ], [ -75.128945259943052, 1.840163636138487 ], [ -75.130372809654929, 1.841837458537736 ], [ -75.131561897389531, 1.842315228219383 ], [ -75.132275603536314, 1.843032518349325 ], [ -75.134178540382521, 1.844466812745723 ], [ -75.135605956835946, 1.845901388027144 ], [ -75.136795330601885, 1.846857627610271 ], [ -75.137509182332394, 1.847814151174223 ], [ -75.138937172887964, 1.850205671536776 ], [ -75.139650885247278, 1.850922955083413 ], [ -75.141078597083421, 1.852835995406495 ], [ -75.141554692280224, 1.853792658208493 ], [ -75.142506312497844, 1.854749032751006 ], [ -75.14298240934076, 1.8557056944037 ], [ -75.143220744599944, 1.856662499824903 ], [ -75.145125141876278, 1.860489140875585 ], [ -75.145839005802614, 1.861445655145804 ], [ -75.145839149834217, 1.861684892306109 ], [ -75.151310878809568, 1.866944758199377 ], [ -75.151786986074924, 1.867901412666496 ], [ -75.152263821639579, 1.870054249861992 ], [ -75.152739931076539, 1.871010903248326 ], [ -75.152978277644436, 1.871967702918422 ], [ -75.153930792236253, 1.874359480746796 ], [ -75.153932547027111, 1.877230318562508 ], [ -75.154408661282005, 1.878186969762744 ], [ -75.155124008199422, 1.88153583675405 ], [ -75.155600272417345, 1.88273172286213 ], [ -75.155600860571951, 1.883688668191534 ], [ -75.156076979239486, 1.884645317322077 ], [ -75.157268903516012, 1.889668536260323 ], [ -75.158221594125195, 1.892299538393702 ], [ -75.158460101012722, 1.893495569749207 ], [ -75.158461435882103, 1.895648694418941 ], [ -75.158224411563253, 1.896845024165824 ], [ -75.158225005571012, 1.897801968507844 ], [ -75.157750066160617, 1.898759211838968 ], [ -75.156324651979503, 1.900673997885034 ], [ -75.155374770396762, 1.902588485697296 ], [ -75.152998724841453, 1.905221579728328 ], [ -75.152048097037309, 1.905939886381208 ], [ -75.151097320075607, 1.906418956326595 ], [ -75.150384459123785, 1.907137113651114 ], [ -75.149433680710871, 1.907616183301688 ], [ -75.148482605587375, 1.907616779069688 ], [ -75.147294056898332, 1.908095996873542 ], [ -75.146105211783095, 1.908096740200822 ], [ -75.144916661255053, 1.908575956909339 ], [ -75.13730803650067, 1.90858069054137 ], [ -75.136357103449598, 1.908820517635859 ], [ -75.135168253594799, 1.908821253639611 ], [ -75.133979695420095, 1.909300464724581 ], [ -75.132077533438903, 1.909301639583854 ], [ -75.130175952680503, 1.910259765311558 ], [ -75.129224870139495, 1.910260351183162 ], [ -75.128274078087045, 1.910739413307308 ], [ -75.127561201585095, 1.911457567409166 ], [ -75.127323430612066, 1.911457713654359 ], [ -75.122337588571753, 1.914028214828482 ], [ -75.121618802379913, 1.914571319248503 ], [ -75.120668004177332, 1.915050379593306 ], [ -75.119242239174099, 1.916486686861929 ], [ -75.118053377492188, 1.916487413870758 ], [ -75.117888665870737, 1.916321887349637 ], [ -75.117102432126401, 1.916727234110965 ], [ -75.117686751667506, 1.916118974100271 ], [ -75.117339627360835, 1.915770132036312 ], [ -75.117814594780057, 1.914812884920825 ], [ -75.11781401785079, 1.913855928190295 ], [ -75.119238774155363, 1.910744949045331 ], [ -75.119238197664913, 1.909787992704477 ], [ -75.119475392692422, 1.908830891433071 ], [ -75.120188273914593, 1.908112739422838 ], [ -75.120663095453608, 1.906916254475619 ], [ -75.121375831456788, 1.905958863729809 ], [ -75.12351432388094, 1.903565169823343 ], [ -75.123989287282882, 1.902607924598893 ], [ -75.12470216445837, 1.901889773115129 ], [ -75.125177127074139, 1.900932528163249 ], [ -75.125889858910625, 1.899975138225647 ], [ -75.12588657769183, 1.894525814296163 ], [ -75.124934177847948, 1.892320080562061 ], [ -75.124137342013583, 1.889524215238917 ], [ -75.123505131876541, 1.888253886751344 ], [ -75.122791398733312, 1.887536601764924 ], [ -75.122315291417266, 1.886579933595327 ], [ -75.120887685829317, 1.884906121644258 ], [ -75.120411438486784, 1.883710212870123 ], [ -75.119697708785537, 1.88299292482326 ], [ -75.118269400518912, 1.880122911404785 ], [ -75.116841947013086, 1.878688330249203 ], [ -75.116365847107971, 1.877731657187004 ], [ -75.114900816430392, 1.875927982374192 ], [ -75.114415457533354, 1.876548585980193 ], [ -75.10371121821639, 1.868480571409188 ], [ -75.096573386774182, 1.860111316277342 ], [ -75.093002282739519, 1.85203899368179 ], [ -75.090618867259266, 1.841872602410987 ], [ -75.087643280552314, 1.8355942061212 ], [ -75.087558040716559, 1.835145294507971 ], [ -75.086143921575299, 1.83301124549392 ], [ -75.085430229659906, 1.832293924020358 ], [ -75.084716271141303, 1.831098118146496 ], [ -75.08281283145368, 1.828706771915091 ], [ -75.082336639884588, 1.827510829388461 ], [ -75.081385056192403, 1.826554395795357 ], [ -75.081147293182127, 1.826554529401363 ], [ -75.08003202553634, 1.82457166984057 ], [ -75.079243798047756, 1.824043552796709 ], [ -75.078530112854693, 1.823326224998231 ], [ -75.077816230189654, 1.822250032953106 ], [ -75.076388863065546, 1.820815374172842 ], [ -75.075318733782638, 1.820457106356226 ], [ -75.073891369731072, 1.819022443679295 ], [ -75.073534135585078, 1.817946049375321 ], [ -75.071393488064132, 1.816511778199799 ], [ -75.069966913276531, 1.816512567023029 ], [ -75.068184084983514, 1.817231280898973 ], [ -75.067114543278919, 1.817949600611551 ], [ -75.066401645139194, 1.818667723593007 ], [ -75.065688941764563, 1.819744711576511 ], [ -75.064976433079011, 1.821180564781204 ], [ -75.064621351386663, 1.824051682000589 ], [ -75.064629206183454, 1.838406283987691 ], [ -75.065343292890958, 1.83984134687215 ], [ -75.066416406719625, 1.84558258749758 ], [ -75.067844993516928, 1.849170435262839 ], [ -75.068558891801459, 1.850246628405535 ], [ -75.069274388064713, 1.854193736431698 ], [ -75.06927498755077, 1.855270329776799 ], [ -75.069632439206757, 1.856705586230538 ], [ -75.069991094760212, 1.860294028388223 ], [ -75.070007060988488, 1.888644307176977 ], [ -75.069294151574553, 1.889362445430417 ], [ -75.068582870793577, 1.892951498677214 ], [ -75.067870163412522, 1.894028501990962 ], [ -75.067870774916202, 1.895105095304153 ], [ -75.067157862913419, 1.895823234485664 ], [ -75.066445357907426, 1.897259102842967 ], [ -75.065733259942718, 1.89941270080498 ], [ -75.065020549622218, 1.900489705184241 ], [ -75.064307634778189, 1.90120784492179 ], [ -75.063595126909178, 1.902643714408084 ], [ -75.062882414515414, 1.903720719251594 ], [ -75.062526363761123, 1.904797519196844 ], [ -75.061813650280229, 1.905874524379838 ], [ -75.060745292116565, 1.908746060483774 ], [ -75.060032372954211, 1.909464201076262 ], [ -75.059676320782188, 1.910541001898517 ], [ -75.058963400589661, 1.91125914264613 ], [ -75.058251091110634, 1.913053879616739 ], [ -75.057539392734057, 1.915925213433908 ], [ -75.0575440944924, 1.924179118809021 ], [ -75.058257838227661, 1.924896437114287 ], [ -75.058971993267846, 1.926331485348848 ], [ -75.058972609618209, 1.927408081152634 ], [ -75.059686561429189, 1.928484263013059 ], [ -75.060044052623311, 1.929919516504597 ], [ -75.060758213012576, 1.931354562051214 ], [ -75.061115706815599, 1.932789814496076 ], [ -75.062543621241176, 1.93494217178935 ], [ -75.063257372782971, 1.93565948450088 ], [ -75.063614871159558, 1.937094734797798 ], [ -75.064328832046883, 1.938170910981943 ], [ -75.064686124818934, 1.939247295677569 ], [ -75.065043834757944, 1.941041409154119 ], [ -75.065757799163535, 1.942117583364908 ], [ -75.065758633506874, 1.943553041223258 ], [ -75.066831571608546, 1.948576511720242 ], [ -75.066840190714501, 1.963289947663297 ], [ -75.067197498200471, 1.964366327969072 ], [ -75.067207041629487, 1.980515216081324 ], [ -75.066494111839177, 1.981233372871607 ], [ -75.065781394247892, 1.98231039395021 ], [ -75.063286132727328, 1.984823942919181 ], [ -75.061859840874831, 1.985542527178294 ], [ -75.059719764134229, 1.985543807593482 ], [ -75.056508380042317, 1.983392531273462 ], [ -75.055438130802685, 1.983034302248378 ], [ -75.054723929931768, 1.981599264087648 ], [ -75.054366409759965, 1.980164013582991 ], [ -75.053295113796196, 1.978011453605191 ], [ -75.051508584794121, 1.972629519553367 ], [ -75.051507958764546, 1.971552921920022 ], [ -75.051150655825552, 1.970476534018906 ], [ -75.051147533669578, 1.965093544995783 ], [ -75.050790026697712, 1.963658290140091 ], [ -75.050787123599491, 1.958634166110649 ], [ -75.050428173838185, 1.954686847784376 ], [ -75.050423843531576, 1.947150660003318 ], [ -75.050066348478779, 1.945715402467422 ], [ -75.050065731913762, 1.944638804023735 ], [ -75.049708443971895, 1.943562412142404 ], [ -75.049707828316429, 1.942485813556314 ], [ -75.048278481981882, 1.937821375962305 ], [ -75.047564323965631, 1.936386321264044 ], [ -75.046134996052658, 1.931721875954757 ], [ -75.046134183258985, 1.930286409442301 ], [ -75.047202362521858, 1.927055997265508 ], [ -75.047201956585297, 1.926338264200538 ] ] ] ] } },
{ "type": "Feature", "properties": { "Id": 0, "UGOT": null, "Aptitud": "agropecuaria con restricciones de uso", "area_ha": 136982.43427, "CRS_ORIGINAL": "EPSG:4326", "FUENTE_PBOT": "PBOT 2015 — Cartografía de formulación", "CAPA_SIGOber": "PBOT2015_ZONIFICACION_USO_SUELO_RURAL" }, "geometry": { "type": "MultiPolygon", "coordinates": [ [ [ [ -75.180518618539239, 1.806639460043207 ], [ -75.179567319276188, 1.806161571099783 ], [ -75.17742725566319, 1.805684406110607 ], [ -75.176475956400111, 1.805206515368528 ], [ -75.174335176027398, 1.803533169320478 ], [ -75.173858811434826, 1.8020980473871 ], [ -75.171954505995529, 1.798271433879738 ], [ -75.171716183854642, 1.797314636161679 ], [ -75.170287964217991, 1.794444671084867 ], [ -75.170287254652905, 1.793248493623255 ], [ -75.169811183239332, 1.792291837098783 ], [ -75.165053042963393, 1.787031496506529 ], [ -75.165052761475636, 1.78655302480244 ], [ -75.164100631238938, 1.784639703659537 ], [ -75.163386957142222, 1.783922419684088 ], [ -75.161245516667123, 1.781052854805582 ], [ -75.156963352476566, 1.776509888121018 ], [ -75.154585013487406, 1.77507586336055 ], [ -75.152206813893187, 1.773881070854903 ], [ -75.150541730816087, 1.772446620715156 ], [ -75.146498731431151, 1.770295836284011 ], [ -75.145785068126244, 1.769578537020035 ], [ -75.144833928043155, 1.769339850653758 ], [ -75.143882514566215, 1.768622688086735 ], [ -75.142693487614224, 1.768144899867443 ], [ -75.138888385890141, 1.766233188511025 ], [ -75.137937245807109, 1.765994496748764 ], [ -75.134608596809102, 1.765757165660829 ], [ -75.126287294922562, 1.765761907785989 ], [ -75.123910044113074, 1.766241733869089 ], [ -75.12248379938768, 1.766721020358979 ], [ -75.120819532894984, 1.766721961049821 ], [ -75.119631038341595, 1.767201110842735 ], [ -75.116302767958246, 1.767681466626536 ], [ -75.114876649137884, 1.768399988069203 ], [ -75.081591056681759, 1.768418403486714 ], [ -75.080639777203828, 1.767940436302264 ], [ -75.079688627228222, 1.767701710365828 ], [ -75.078261709809894, 1.766984757340829 ], [ -75.077310558934983, 1.766746029605761 ], [ -75.076359281255691, 1.766268058824053 ], [ -75.07564563144058, 1.765550716392609 ], [ -75.074456599092599, 1.765072872415343 ], [ -75.071840016203623, 1.76268185118664 ], [ -75.070887980395796, 1.760768416729232 ], [ -75.070173070630574, 1.757658638435615 ], [ -75.07016979080305, 1.751438315625931 ], [ -75.069931533413396, 1.750481469344508 ], [ -75.069931030692373, 1.749524497158017 ], [ -75.069455019533393, 1.748567776781637 ], [ -75.069449634392953, 1.738280317682681 ], [ -75.068973630428559, 1.737323595507686 ], [ -75.068972508074623, 1.73517040628941 ], [ -75.068496505908854, 1.734213683215059 ], [ -75.068496008583793, 1.733256710129243 ], [ -75.068257634282205, 1.73206061810323 ], [ -75.068019385885805, 1.73110377002316 ], [ -75.067543386417967, 1.730147046049537 ], [ -75.067542889992239, 1.729190072064377 ], [ -75.067066767317314, 1.72799410414475 ], [ -75.067066272690141, 1.727037130159593 ], [ -75.066590150914578, 1.725841162240014 ], [ -75.064287878382743, 1.725806506864957 ], [ -75.064655601274808, 1.724684576532153 ], [ -75.064972582618452, 1.724381773899914 ], [ -75.065305687907028, 1.724344056333277 ], [ -75.065955773639857, 1.724746490358466 ], [ -75.066760642589415, 1.724746490358435 ], [ -75.066977337833734, 1.724529795114124 ], [ -75.067224989541501, 1.723198666285565 ], [ -75.067751249420496, 1.722239015918037 ], [ -75.068370378689849, 1.721774668965998 ], [ -75.06892759593164, 1.721960406847464 ], [ -75.069515768737574, 1.722393798235401 ], [ -75.070103941543493, 1.72251762408923 ], [ -75.070784983739813, 1.722424754698825 ], [ -75.071280288054709, 1.722115190064116 ], [ -75.071744635006695, 1.721619885749302 ], [ -75.072239938422271, 1.720319714283596 ], [ -75.072518546593471, 1.719886323794992 ], [ -75.072828112127524, 1.719700585014184 ], [ -75.073849674522705, 1.7199791931854 ], [ -75.074097327129778, 1.720412583673978 ], [ -75.074375934401701, 1.720598323354147 ], [ -75.075304630104398, 1.720629278918254 ], [ -75.075738019693688, 1.720815017699085 ], [ -75.076982819001728, 1.7225899142933 ], [ -75.077722634591694, 1.723206426535511 ], [ -75.079140615446846, 1.723329729883304 ], [ -75.080990156670239, 1.72135688711082 ], [ -75.081791623484492, 1.721110282213943 ], [ -75.085983915724952, 1.720493768173057 ], [ -75.086662080090775, 1.719877255031477 ], [ -75.087093639559669, 1.719199089766345 ], [ -75.087895106373921, 1.719014136093677 ], [ -75.089128133556343, 1.719137438542153 ], [ -75.089991252494144, 1.719568998011066 ], [ -75.091162628452366, 1.720740373969273 ], [ -75.09230669379869, 1.721150117683943 ], [ -75.092580609307475, 1.721110282213947 ], [ -75.09340266699931, 1.720301823170781 ], [ -75.094207617787163, 1.719899346877534 ], [ -75.099362257462062, 1.719938906255673 ], [ -75.100102073951405, 1.719507346786804 ], [ -75.100467665450239, 1.718735262622454 ], [ -75.101613173309147, 1.717744554168024 ], [ -75.102393357667154, 1.715843629280264 ], [ -75.102753081089645, 1.715253404221422 ], [ -75.104114715821296, 1.714766231576503 ], [ -75.106127095488844, 1.714921030980994 ], [ -75.107563624861257, 1.714772424308104 ], [ -75.108387152045282, 1.714834343530323 ], [ -75.10879491275486, 1.714945147200942 ], [ -75.109534728344897, 1.715931568587165 ], [ -75.109897984304368, 1.716134649894368 ], [ -75.110274545733546, 1.71599321981142 ], [ -75.110582801854662, 1.715253404221428 ], [ -75.111137663771999, 1.714636890180528 ], [ -75.111877480261327, 1.714451935608545 ], [ -75.11224738850602, 1.714821843853214 ], [ -75.112281879305158, 1.715156324205147 ], [ -75.111681261680758, 1.716357560353283 ], [ -75.111630874465106, 1.716794686625632 ], [ -75.111877480261327, 1.717164595769647 ], [ -75.112585284483131, 1.717199663034205 ], [ -75.112975377111809, 1.717026289032173 ], [ -75.113291165954337, 1.716630004571246 ], [ -75.113418763564923, 1.71599321981143 ], [ -75.113836055289497, 1.715558799599086 ], [ -75.114331410865759, 1.715335890039448 ], [ -75.114863916536351, 1.715472113047716 ], [ -75.11514500144051, 1.715684962791004 ], [ -75.115315928387233, 1.716982945306815 ], [ -75.115421191334747, 1.717224431262649 ], [ -75.115946468254776, 1.717534504014345 ], [ -75.116380941527098, 1.717639291220453 ], [ -75.118387128463027, 1.717230623094988 ], [ -75.11933729278168, 1.716979642097012 ], [ -75.121310135554154, 1.716054871035643 ], [ -75.122730043656432, 1.715124320930856 ], [ -75.123650274940076, 1.713992239950088 ], [ -75.124325271893611, 1.712558083888603 ], [ -75.12473633851107, 1.712043115897253 ], [ -75.125405668836379, 1.71165907480664 ], [ -75.126261532943275, 1.711472540125773 ], [ -75.127369766601305, 1.710309443326305 ], [ -75.127973259358271, 1.710100962489645 ], [ -75.12887301487757, 1.71057278550583 ], [ -75.129720887608684, 1.710526884108569 ], [ -75.131149898648758, 1.711070202328139 ], [ -75.131552901045382, 1.711607008556762 ], [ -75.131672933558889, 1.712239152814814 ], [ -75.132409228303118, 1.712462393324932 ], [ -75.132951550973118, 1.712354272331955 ], [ -75.133664220527194, 1.711938908753776 ], [ -75.134883727301968, 1.711721309690854 ], [ -75.135288984299052, 1.711198256794302 ], [ -75.135540495897033, 1.710494220731877 ], [ -75.136107368260298, 1.710059273516861 ], [ -75.136726558683549, 1.710067548179011 ], [ -75.137353816924985, 1.71081069665651 ], [ -75.137896830274357, 1.710973364229517 ], [ -75.138107125942952, 1.710898516353624 ], [ -75.13842459112179, 1.710269229241715 ], [ -75.138795558767868, 1.710114250872146 ], [ -75.139145182803802, 1.710126845877367 ], [ -75.139506539395128, 1.710331626003903 ], [ -75.139679599533721, 1.710856375921193 ], [ -75.139572808638022, 1.71247123276134 ], [ -75.139861616919916, 1.713121802329489 ], [ -75.140260953679899, 1.713521569864743 ], [ -75.14081794429255, 1.713828965334666 ], [ -75.142175183138008, 1.714093150178891 ], [ -75.142516902133195, 1.714022039885381 ], [ -75.142867927312864, 1.713759615014409 ], [ -75.143465172479566, 1.712818233474899 ], [ -75.144102544496675, 1.712153740602777 ], [ -75.145465962583941, 1.71137498256955 ], [ -75.145852274462769, 1.710524107901409 ], [ -75.146375426284749, 1.710158412081233 ], [ -75.147261479733316, 1.710118419229861 ], [ -75.148441946938135, 1.710501263322783 ], [ -75.149207940893632, 1.710550328535011 ], [ -75.150025344593814, 1.710423811010239 ], [ -75.15153767602277, 1.709820887524097 ], [ -75.153907719665369, 1.709841252671835 ], [ -75.154482128347396, 1.709961349037197 ], [ -75.156564781938968, 1.711314016628726 ], [ -75.157523536581763, 1.7124369353165 ], [ -75.158972492786177, 1.714487358105296 ], [ -75.159822290066458, 1.715374829784707 ], [ -75.16039826266956, 1.715792107120208 ], [ -75.161304060733642, 1.7161493942793 ], [ -75.162288398390729, 1.715944389322296 ], [ -75.162990459541902, 1.715986510868951 ], [ -75.165370814811098, 1.716743062842236 ], [ -75.16622223896502, 1.716604112190186 ], [ -75.166761110936349, 1.716057577095684 ], [ -75.167302956965727, 1.714522302162658 ], [ -75.167420358062927, 1.712668744567073 ], [ -75.167716792595726, 1.712233799150679 ], [ -75.168221932795802, 1.711861312549673 ], [ -75.168596835875121, 1.711907117719474 ], [ -75.169128000656542, 1.71229165073926 ], [ -75.169963406985516, 1.712266992228076 ], [ -75.171799787530006, 1.711788989070746 ], [ -75.173258598505356, 1.711597459555306 ], [ -75.176088704729793, 1.710592236043016 ], [ -75.177385611656504, 1.710498344123451 ], [ -75.178219184267775, 1.71066395697621 ], [ -75.179197674532858, 1.711442446112191 ], [ -75.17999284609283, 1.711781416779119 ], [ -75.184154093736296, 1.71186234587073 ], [ -75.184988322852689, 1.712060855923945 ], [ -75.185638873535012, 1.712401496631934 ], [ -75.186051730702658, 1.712779650760409 ], [ -75.186341905054746, 1.713324829677341 ], [ -75.185764754339772, 1.7150268766892 ], [ -75.185520297023913, 1.716699145349414 ], [ -75.185733466925782, 1.718560741984804 ], [ -75.186143843763205, 1.719890590178764 ], [ -75.186520722653086, 1.720157874086798 ], [ -75.187221229775787, 1.720236054850203 ], [ -75.187815437931988, 1.720137922627215 ], [ -75.188931891393509, 1.719686608650261 ], [ -75.189529558342301, 1.719683024851896 ], [ -75.190391420027865, 1.720023925463994 ], [ -75.19203779900505, 1.721048265864982 ], [ -75.192901384691012, 1.723990968108874 ], [ -75.193361447272792, 1.724491184520739 ], [ -75.194281647080146, 1.725018991233636 ], [ -75.194720375045108, 1.725752760681543 ], [ -75.194812533071797, 1.726680738725293 ], [ -75.194661013494837, 1.727235916304676 ], [ -75.194262943879608, 1.727867538955917 ], [ -75.19430389810627, 1.728658201315103 ], [ -75.194674110321785, 1.729713766177569 ], [ -75.195855925610331, 1.731788927517144 ], [ -75.196135274822936, 1.732631683105861 ], [ -75.196240943364671, 1.733472209275214 ], [ -75.196196288427785, 1.734515207011389 ], [ -75.195874871627893, 1.736044759558161 ], [ -75.195690159872797, 1.736474720032454 ], [ -75.195090920909138, 1.737223187999928 ], [ -75.194857528851742, 1.737819336893045 ], [ -75.194897027975287, 1.738476471512113 ], [ -75.195170942584753, 1.738995419902896 ], [ -75.19566836660168, 1.739428920108782 ], [ -75.196894252267768, 1.740000310665948 ], [ -75.198061217950638, 1.740270110877103 ], [ -75.199145142933844, 1.74025837922097 ], [ -75.199720361905008, 1.7403973487588 ], [ -75.200327712753563, 1.740810142973887 ], [ -75.200850342968792, 1.741460648690123 ], [ -75.20146825005952, 1.741804658258567 ], [ -75.201996826592094, 1.74173545182984 ], [ -75.203069020818461, 1.740851393077469 ], [ -75.203458197937323, 1.740774200668991 ], [ -75.203830566727092, 1.740893137808202 ], [ -75.204264749518416, 1.741355473876212 ], [ -75.204000312863968, 1.742155711317209 ], [ -75.20416235091156, 1.743036330162697 ], [ -75.204489347105536, 1.743178307932733 ], [ -75.205534545482706, 1.743151143011008 ], [ -75.206198498761594, 1.743424562993411 ], [ -75.206619359895399, 1.744039056257596 ], [ -75.206821687570638, 1.744893703581744 ], [ -75.207116729952972, 1.74540408233272 ], [ -75.208586930842046, 1.746647879796011 ], [ -75.209712052868781, 1.747946744546801 ], [ -75.21090497928121, 1.748363203499204 ], [ -75.213014879632851, 1.748372214706089 ], [ -75.21407865530557, 1.748499415715621 ], [ -75.21510321963774, 1.748825638492594 ], [ -75.215948974465448, 1.749349061010526 ], [ -75.217930442635662, 1.751831922805165 ], [ -75.218293533119891, 1.752486686811341 ], [ -75.21831849650124, 1.753749224347366 ], [ -75.21872016070671, 1.754909919957026 ], [ -75.218822677124692, 1.755813957148596 ], [ -75.219527287853907, 1.757349599904266 ], [ -75.219529129665432, 1.757854561139265 ], [ -75.219218573078535, 1.758606083204293 ], [ -75.219174761705744, 1.75919391246927 ], [ -75.219392423721231, 1.761027014984898 ], [ -75.21985576613055, 1.762283030637483 ], [ -75.220343507146993, 1.762731226664921 ], [ -75.220987670844167, 1.762960144595199 ], [ -75.222799078114789, 1.762825874015058 ], [ -75.223775528717496, 1.762511876621963 ], [ -75.224509622820648, 1.762432195789372 ], [ -75.225506950285336, 1.762466727057982 ], [ -75.226305391780272, 1.762704592343218 ], [ -75.227113389471185, 1.763229289200538 ], [ -75.227616545766793, 1.763871046311911 ], [ -75.227777002806278, 1.764490622544382 ], [ -75.227880284547339, 1.765951712401796 ], [ -75.226997375128619, 1.767625807585104 ], [ -75.224100112929705, 1.772058486809917 ], [ -75.222585677986501, 1.772668838696139 ], [ -75.220941542817798, 1.773588181449552 ], [ -75.218750000212168, 1.774324416838526 ], [ -75.217351913260018, 1.776086806561008 ], [ -75.213356728130336, 1.792942457028933 ], [ -75.212368739225781, 1.792744267134366 ], [ -75.211179702381216, 1.792266544565567 ], [ -75.209039672942424, 1.791789411052685 ], [ -75.204997944299535, 1.791791918362526 ], [ -75.204047094697486, 1.792031739673241 ], [ -75.200957377580778, 1.793708280113209 ], [ -75.200244566833135, 1.794426419343991 ], [ -75.199056255741453, 1.795144851753673 ], [ -75.198343589784713, 1.796102224138501 ], [ -75.19715513120417, 1.796581424293451 ], [ -75.194779082788273, 1.7989752226286 ], [ -75.194066558924419, 1.800171829066811 ], [ -75.192641217118293, 1.802086575635164 ], [ -75.191215582133282, 1.803522855895281 ], [ -75.190264866530185, 1.804001908561417 ], [ -75.188601475977165, 1.805438335411002 ], [ -75.184560268041764, 1.806397752854192 ], [ -75.18265824867909, 1.8063989174762 ], [ -75.181707381989952, 1.806638733390984 ], [ -75.180518618539239, 1.806639460043207 ] ] ], [ [ [ -75.153478621640943, 1.910352706612309 ], [ -75.153251648044943, 1.910215377437909 ], [ -75.153244018196744, 1.907026290630989 ], [ -75.152708052834214, 1.906202317383188 ], [ -75.152594404607939, 1.905527089303932 ], [ -75.153711583822329, 1.90450342249512 ], [ -75.154424292946601, 1.903546028526539 ], [ -75.155374770229272, 1.902588485270557 ], [ -75.1563246512615, 1.900673997706993 ], [ -75.157750065912623, 1.898759211568539 ], [ -75.158225005079771, 1.897801968686089 ], [ -75.158224411527215, 1.896845024378544 ], [ -75.158461435946364, 1.895648694032159 ], [ -75.158460100453084, 1.893495569565053 ], [ -75.158221593951211, 1.892299538692891 ], [ -75.157268903437, 1.889668536074218 ], [ -75.156076978869365, 1.884645317027942 ], [ -75.155600860691038, 1.883688667698056 ], [ -75.155600272534386, 1.882731722491163 ], [ -75.15512400776656, 1.881535836409933 ], [ -75.154408660930812, 1.878186969753041 ], [ -75.153932546349779, 1.877230318624502 ], [ -75.153930791772467, 1.87435948030594 ], [ -75.152978277525335, 1.871967702747482 ], [ -75.15273993110273, 1.871010903230744 ], [ -75.15226382101838, 1.870054249404237 ], [ -75.151786986080367, 1.867901412720203 ], [ -75.151310878693934, 1.86694475799438 ], [ -75.145839149756767, 1.861684892244177 ], [ -75.145839005865298, 1.861445655492779 ], [ -75.145125142011523, 1.860489141061186 ], [ -75.143220743942052, 1.856662499674767 ], [ -75.142982409210646, 1.855705694762146 ], [ -75.142506312616078, 1.85474903284178 ], [ -75.141554692295074, 1.853792657805083 ], [ -75.141078596599812, 1.852835994985364 ], [ -75.13965088508013, 1.850922955330318 ], [ -75.138937172312509, 1.85020567135479 ], [ -75.137509182002987, 1.847814151002446 ], [ -75.13679533073973, 1.846857627577616 ], [ -75.1356059566494, 1.8459013883386 ], [ -75.134178540107357, 1.844466812293726 ], [ -75.132275603436199, 1.843032518635989 ], [ -75.131561896963831, 1.842315228365237 ], [ -75.130372809757191, 1.841837458132386 ], [ -75.128945259216195, 1.840163636342894 ], [ -75.127755194446522, 1.838011192662588 ], [ -75.126327651100027, 1.83633736547722 ], [ -75.125613671233793, 1.83514159181118 ], [ -75.12466193220223, 1.833945958439424 ], [ -75.124185854493419, 1.832989282129827 ], [ -75.123234118159857, 1.831793646060093 ], [ -75.12275790375412, 1.830597730301203 ], [ -75.120615710546474, 1.826531917813918 ], [ -75.119902016664568, 1.825814615851991 ], [ -75.119425946150315, 1.824857935945166 ], [ -75.118712115571498, 1.82390139453389 ], [ -75.118473806021171, 1.822944575232125 ], [ -75.118711015700669, 1.821987478939173 ], [ -75.120850301400139, 1.821029277379446 ], [ -75.122752099529635, 1.820549690515993 ], [ -75.126794002640963, 1.820547327996986 ], [ -75.129885281880092, 1.821263231513056 ], [ -75.13083631584314, 1.821262673034082 ], [ -75.136305457430751, 1.822455639016721 ], [ -75.137256490494508, 1.822455076041095 ], [ -75.138445701807541, 1.823172085723352 ], [ -75.141536979248016, 1.823887963159104 ], [ -75.143677364818345, 1.824843639422575 ], [ -75.144866296442245, 1.825082167508182 ], [ -75.145817610993788, 1.825560073538749 ], [ -75.146769066738884, 1.826277216320671 ], [ -75.149860912550892, 1.82795002277552 ], [ -75.151526072070411, 1.829384442338327 ], [ -75.152477388420607, 1.829862342972915 ], [ -75.153666749021113, 1.830818572319418 ], [ -75.154618067169906, 1.831296471155363 ], [ -75.155569671303113, 1.832252841695435 ], [ -75.157710210657569, 1.833447725931986 ], [ -75.160088797859601, 1.835120934383778 ], [ -75.16080250343262, 1.835838207567436 ], [ -75.163656467771602, 1.837271881592245 ], [ -75.16437017604261, 1.837989152077832 ], [ -75.165321352997864, 1.838227805169256 ], [ -75.166272820434173, 1.838944929065407 ], [ -75.167224143079579, 1.83942281621017 ], [ -75.170077968023634, 1.840617238195128 ], [ -75.173882679441931, 1.841571828976908 ], [ -75.175071614663139, 1.841810327384855 ], [ -75.179113495291404, 1.841807819175729 ], [ -75.181965700556461, 1.840370635996232 ], [ -75.181964523343922, 1.838456761770308 ], [ -75.181726032130527, 1.837260738092788 ], [ -75.179822804978301, 1.835348042878021 ], [ -75.17910894921846, 1.834391547332212 ], [ -75.178157484480138, 1.833674431529967 ], [ -75.177206166331359, 1.833196550680443 ], [ -75.176254993872675, 1.832957902985011 ], [ -75.175065773566416, 1.832240931973622 ], [ -75.170071432650332, 1.829851649134463 ], [ -75.168882504623753, 1.829613141733264 ], [ -75.167931044382044, 1.828896016937809 ], [ -75.165077098928791, 1.827462343812286 ], [ -75.164363253061509, 1.826505834776638 ], [ -75.163411795517774, 1.825788706383828 ], [ -75.162697808456898, 1.824592959697499 ], [ -75.158891132019917, 1.820289012128362 ], [ -75.156035498539268, 1.815984474603992 ], [ -75.154608113473486, 1.814549911149638 ], [ -75.15436979133267, 1.813593106237029 ], [ -75.152704653396881, 1.812158681278279 ], [ -75.151515593169961, 1.811680917340695 ], [ -75.150801903784668, 1.81096363156647 ], [ -75.14889929536605, 1.810007815908143 ], [ -75.145332397971629, 1.809052982309438 ], [ -75.135108877972186, 1.80905900686784 ], [ -75.132730895114548, 1.808342684267647 ], [ -75.131542110979453, 1.808343379443574 ], [ -75.128926509250846, 1.807866428493023 ], [ -75.127975206390488, 1.807388504476075 ], [ -75.126786283759827, 1.807149957504688 ], [ -75.125834980899469, 1.806672031689065 ], [ -75.123694893004767, 1.806194794754161 ], [ -75.122030455640868, 1.805956519378031 ], [ -75.121079426174447, 1.805957068863793 ], [ -75.116323732054411, 1.805002850401389 ], [ -75.11370785603259, 1.804047392673186 ], [ -75.111805523705783, 1.803570001954224 ], [ -75.107524805625133, 1.801658521723542 ], [ -75.105384582832059, 1.800942015661625 ], [ -75.102292926776997, 1.799508322751079 ], [ -75.098487601121732, 1.797357299999524 ], [ -75.095633709627819, 1.795923456002869 ], [ -75.0939684790619, 1.794249698964611 ], [ -75.093017051195829, 1.793532505820633 ], [ -75.090875914691537, 1.791141284043197 ], [ -75.089924620824434, 1.790663329449295 ], [ -75.088972541849131, 1.788749923770138 ], [ -75.08802085677695, 1.787554242734307 ], [ -75.087544688236605, 1.786358296398438 ], [ -75.08683089453001, 1.78540172351094 ], [ -75.08635485819002, 1.784445018423006 ], [ -75.086116579216579, 1.783488182034139 ], [ -75.085164510133893, 1.781574770059764 ], [ -75.085162951608751, 1.778703866090716 ], [ -75.085875702101816, 1.777746506296429 ], [ -75.08682646716754, 1.777267499495676 ], [ -75.087777492137377, 1.777266976989554 ], [ -75.08872838580622, 1.777027211436824 ], [ -75.102518206949526, 1.777019564501471 ], [ -75.104420510498016, 1.777496982200145 ], [ -75.107273701420013, 1.777734624453514 ], [ -75.108224852294939, 1.777973330604915 ], [ -75.109175871868814, 1.777972796407604 ], [ -75.111315928287297, 1.778450072013376 ], [ -75.112266946961881, 1.778449536017452 ], [ -75.114407003380322, 1.778926807126618 ], [ -75.115358288254214, 1.779404749130031 ], [ -75.116309305130173, 1.779404210436116 ], [ -75.117498344672697, 1.779882015742612 ], [ -75.119876154860492, 1.780359143859599 ], [ -75.120827440633704, 1.780837081366374 ], [ -75.121778861305245, 1.781554257423201 ], [ -75.122967765949497, 1.781792817884439 ], [ -75.125108228861478, 1.7829877902545 ], [ -75.128675216188128, 1.784181938845563 ], [ -75.130577792231165, 1.785137798570721 ], [ -75.131528807308456, 1.785137249984239 ], [ -75.133431110856918, 1.785614629012056 ], [ -75.134382125934223, 1.785614078626975 ], [ -75.137235442761323, 1.786090902773079 ], [ -75.138186456939309, 1.78609035058935 ], [ -75.141039909564029, 1.786806405191633 ], [ -75.142942487405719, 1.78776224603102 ], [ -75.145083234503559, 1.789435657729601 ], [ -75.145559295125224, 1.790392328643242 ], [ -75.146510863285584, 1.791348720767034 ], [ -75.147463127521164, 1.793501296647676 ], [ -75.148653148224057, 1.795653731334794 ], [ -75.150556854714921, 1.798523452695359 ], [ -75.151746885310317, 1.800675881087243 ], [ -75.153174532978142, 1.80258892883616 ], [ -75.154125972535425, 1.803306073416706 ], [ -75.154839798617672, 1.804262595042875 ], [ -75.15579123907429, 1.804979737824797 ], [ -75.15769384029835, 1.805935547187937 ], [ -75.158644999267139, 1.806174214668446 ], [ -75.159596300328857, 1.806652118001026 ], [ -75.164115196658798, 1.809281000018311 ], [ -75.16720743097801, 1.811671490646895 ], [ -75.170062061714631, 1.814301351126655 ], [ -75.171964961513581, 1.815735606113491 ], [ -75.17315416653139, 1.816452587017474 ], [ -75.174819315258972, 1.817886980499929 ], [ -75.175770623515291, 1.81836486854399 ], [ -75.176722075663122, 1.819081990641529 ], [ -75.180051512467159, 1.820515355299563 ], [ -75.182429348735297, 1.820992359310089 ], [ -75.183856167228157, 1.821469947879979 ], [ -75.184807185003422, 1.821469359723337 ], [ -75.185996248827649, 1.821947093084036 ], [ -75.187422775040872, 1.821946209050454 ], [ -75.190989526745099, 1.822661696180497 ], [ -75.194318081314236, 1.822659622343846 ], [ -75.197647223140649, 1.823614475727645 ], [ -75.198835991087918, 1.823613731088979 ], [ -75.201689329498777, 1.824090405947646 ], [ -75.204780269693501, 1.824327692968842 ], [ -75.205731431360334, 1.824566326275128 ], [ -75.206682742314584, 1.825044190037481 ], [ -75.209535776754507, 1.825042385997526 ], [ -75.21120034631879, 1.825519795602284 ], [ -75.213340120350082, 1.825518436726609 ], [ -75.214291430404998, 1.825996295093115 ], [ -75.215242591172498, 1.826234922104119 ], [ -75.218239988384568, 1.826233010145453 ], [ -75.218420028161603, 1.828496932887256 ], [ -75.212270737404452, 1.842363358282519 ], [ -75.187253951608469, 1.879667281719828 ], [ -75.157382966250722, 1.910295487247091 ], [ -75.153478621640943, 1.910352706612309 ] ] ], [ [ [ -75.064328831710029, 1.938170911158818 ], [ -75.06361487072958, 1.937094734734402 ], [ -75.063257372229771, 1.935659484198005 ], [ -75.06254362079126, 1.934942171444241 ], [ -75.06111570692417, 1.932789814098783 ], [ -75.06075821292103, 1.931354561763817 ], [ -75.060044052290976, 1.929919516272851 ], [ -75.059686560985796, 1.928484263038446 ], [ -75.058972608998545, 1.92740808121814 ], [ -75.058971992962924, 1.926331485709674 ], [ -75.058257837728888, 1.924896436621392 ], [ -75.057544094384269, 1.924179118471744 ], [ -75.057539392728643, 1.915925213577898 ], [ -75.058251091014867, 1.913053879732906 ], [ -75.058963399940779, 1.911259142295791 ], [ -75.059676320405671, 1.910541002165704 ], [ -75.060032372795604, 1.909464200712471 ], [ -75.060745291461856, 1.908746060582427 ], [ -75.061813650079728, 1.905874524389958 ], [ -75.062526363700556, 1.904797518790654 ], [ -75.062882414291792, 1.903720719136082 ], [ -75.063595127013301, 1.902643714436017 ], [ -75.064307634689442, 1.901207845166075 ], [ -75.065020549758387, 1.900489705036032 ], [ -75.06573325978195, 1.899412700336025 ], [ -75.066445357367172, 1.897259102825526 ], [ -75.067157862345312, 1.895823234454899 ], [ -75.067870774716283, 1.895105095224148 ], [ -75.067870163177346, 1.89402850151432 ], [ -75.068582870502894, 1.892951498612959 ], [ -75.069294151503755, 1.889362445520582 ], [ -75.070007060277447, 1.888644307189192 ], [ -75.069991094613144, 1.86029402864667 ], [ -75.069632438685957, 1.856705586194015 ], [ -75.069274986950902, 1.855270329362391 ], [ -75.069274388002427, 1.854193736551853 ], [ -75.068558891879206, 1.850246628279425 ], [ -75.067844992951905, 1.849170434767936 ], [ -75.06641640639188, 1.845582587666458 ], [ -75.065343292159071, 1.839841347200565 ], [ -75.064629206172754, 1.838406283723219 ], [ -75.064621351493997, 1.824051682039689 ], [ -75.064976432616106, 1.821180564931307 ], [ -75.065688941191524, 1.819744711849137 ], [ -75.066401644919821, 1.818667723336953 ], [ -75.067114542901663, 1.817949600293975 ], [ -75.068184085027326, 1.817231281198813 ], [ -75.0699669127427, 1.816512567301292 ], [ -75.071393487519273, 1.816511777696527 ], [ -75.073534135691645, 1.817946048871201 ], [ -75.073891369790715, 1.819022443830895 ], [ -75.075318733272752, 1.820457106210689 ], [ -75.076388862655719, 1.820815374530096 ], [ -75.077816229735049, 1.822250033312592 ], [ -75.07853011247451, 1.823326225025426 ], [ -75.079243797363233, 1.824043553067666 ], [ -75.080032025257594, 1.824571670046676 ], [ -75.08114729251335, 1.826554529468132 ], [ -75.081385056175236, 1.826554395469162 ], [ -75.082336639624074, 1.827510828961753 ], [ -75.082812831546775, 1.828706771700331 ], [ -75.084716270938998, 1.831098118483577 ], [ -75.085430229221558, 1.832293923625871 ], [ -75.086143921304753, 1.833011245372859 ], [ -75.087558040471038, 1.835145294320065 ], [ -75.087643280013182, 1.835594206207823 ], [ -75.09061886686699, 1.841872602738593 ], [ -75.093002282529127, 1.852038993305097 ], [ -75.096573386052796, 1.860111316084579 ], [ -75.103711217898251, 1.868480571621285 ], [ -75.114415457007567, 1.876548585748841 ], [ -75.114900815719921, 1.875927982490608 ], [ -75.116365846406524, 1.877731657390254 ], [ -75.116841946598413, 1.878688330102536 ], [ -75.11826940001265, 1.88012291154333 ], [ -75.119697708682153, 1.88299292518351 ], [ -75.120411438536905, 1.883710212756307 ], [ -75.120887685318266, 1.884906121320657 ], [ -75.122315290717935, 1.886579933217491 ], [ -75.122791398104368, 1.887536601433193 ], [ -75.123505131556442, 1.888253886307982 ], [ -75.124137341464944, 1.889524215570266 ], [ -75.124934177670013, 1.892320080107801 ], [ -75.125886577703227, 1.894525814015245 ], [ -75.125889858430071, 1.899975138142286 ], [ -75.125177126822777, 1.900932528513534 ], [ -75.124702164273288, 1.901889773194653 ], [ -75.123989286975871, 1.902607924116602 ], [ -75.123514323527033, 1.90356516969704 ], [ -75.121375831029638, 1.905958863710752 ], [ -75.12066309492576, 1.906916254082053 ], [ -75.120188273569767, 1.908112739111838 ], [ -75.119475392675085, 1.908830890933036 ], [ -75.119238197384718, 1.909787992621952 ], [ -75.119238773850157, 1.910744948620622 ], [ -75.117814017502781, 1.913855928408513 ], [ -75.117814594867482, 1.914812884407236 ], [ -75.117339626922103, 1.915770131786322 ], [ -75.117686751742013, 1.916118974311359 ], [ -75.117102431631722, 1.916727234374578 ], [ -75.117888665729183, 1.91632188744527 ], [ -75.118053377461237, 1.916487413963156 ], [ -75.119242238938, 1.916486686411595 ], [ -75.120668004324742, 1.915050379171824 ], [ -75.121618801766132, 1.914571319311128 ], [ -75.122337588508728, 1.914028215130232 ], [ -75.12732342993219, 1.911457713502844 ], [ -75.127561201687953, 1.911457566913337 ], [ -75.128274078086065, 1.910739413293481 ], [ -75.129224870131509, 1.910260350734744 ], [ -75.130175952657964, 1.91025976527612 ], [ -75.13207753315146, 1.909301639259433 ], [ -75.133979695506412, 1.909300464744839 ], [ -75.135168253012296, 1.908821253798051 ], [ -75.136357102797888, 1.908820517253222 ], [ -75.13730803603687, 1.908580690546643 ], [ -75.144916661174818, 1.908575956515351 ], [ -75.146105211486145, 1.908096740172613 ], [ -75.147294056775138, 1.908095996433284 ], [ -75.148482605287782, 1.907616779191223 ], [ -75.149433680619723, 1.907616182940685 ], [ -75.14988235238846, 1.907390110465353 ], [ -75.149353026720632, 1.909132002839839 ], [ -75.148395538323257, 1.910837173197136 ], [ -75.147794722848005, 1.913038253113054 ], [ -75.147794722847991, 1.914838790278135 ], [ -75.147994994673141, 1.916440963979479 ], [ -75.149305343766457, 1.921373366787671 ], [ -75.147972106927057, 1.921796798183854 ], [ -75.146917343360542, 1.921819686829219 ], [ -75.138341902956299, 1.920305251886004 ], [ -75.135238647445476, 1.920167922711648 ], [ -75.132049560638563, 1.920236586849181 ], [ -75.129079819377992, 1.920625686626319 ], [ -75.126098633345123, 1.9219112396122 ], [ -75.115621566581865, 1.928564071574796 ], [ -75.115026474392138, 1.928812027253398 ], [ -75.114187241447894, 1.928949356427839 ], [ -75.110143662000269, 1.929067611880963 ], [ -75.109100342306803, 1.929388045721902 ], [ -75.106908797902562, 1.930971145701969 ], [ -75.10282707281101, 1.934549331386679 ], [ -75.100446701354031, 1.936017989938444 ], [ -75.097913741925481, 1.937143326003895 ], [ -75.097249983799529, 1.937349319315793 ], [ -75.089132309108606, 1.937509537135612 ], [ -75.088743210230803, 1.937948227329025 ], [ -75.087125777732297, 1.940652846651685 ], [ -75.085645675307461, 1.942304610769369 ], [ -75.084936141689411, 1.942834853745633 ], [ -75.082817077246148, 1.943979262633057 ], [ -75.074468612236501, 1.946802140106845 ], [ -75.066832367119872, 1.949939104006597 ], [ -75.066831571219879, 1.948576511496989 ], [ -75.065758633254177, 1.943553041539826 ], [ -75.065757798683308, 1.942117583260042 ], [ -75.065043834105495, 1.941041408634255 ], [ -75.064686124265052, 1.93924729532661 ], [ -75.064328831710029, 1.938170911158818 ] ] ], [ [ [ -74.924641589037947, 2.020071481014231 ], [ -74.924477079653343, 2.019132740783497 ], [ -74.923575692763805, 2.018045303048442 ], [ -74.923072231598027, 2.017899964511907 ], [ -74.921313464344749, 2.017822844948522 ], [ -74.920614207279669, 2.017404320253337 ], [ -74.920240265575671, 2.016358564296503 ], [ -74.920420215420435, 2.013749120225917 ], [ -74.920106479730094, 2.01217083431669 ], [ -74.918991758362779, 2.011065975814295 ], [ -74.918131796045358, 2.010417677034383 ], [ -74.917786706391169, 2.009377291828767 ], [ -74.917897247459805, 2.006680091912874 ], [ -74.918109278819983, 2.005887843149611 ], [ -74.918665251400057, 2.00477589619084 ], [ -74.918870008144211, 2.003850242894571 ], [ -74.918958440279653, 1.999760226953075 ], [ -74.920111751555964, 1.993964195291533 ], [ -74.919286378963037, 1.990810092112219 ], [ -74.919345334019781, 1.989807854349195 ], [ -74.920609803299612, 1.987530940900346 ], [ -74.920835630259987, 1.986607892940069 ], [ -74.920749204512035, 1.985743630064654 ], [ -74.920259139647399, 1.983735469116783 ], [ -74.920494960773667, 1.983086961694078 ], [ -74.922234138994128, 1.98108248526864 ], [ -74.922676302369325, 1.980109724584278 ], [ -74.922971078552266, 1.978724277603471 ], [ -74.922587869334549, 1.975010100935551 ], [ -74.921955654030029, 1.97225661964745 ], [ -74.921190950601712, 1.969786039893968 ], [ -74.919838014112884, 1.96737428299688 ], [ -74.919426249621537, 1.965374288792526 ], [ -74.91952814101073, 1.963805171471615 ], [ -74.919256901884324, 1.962423167995022 ], [ -74.918814737609921, 1.961597794502787 ], [ -74.918077798051797, 1.961155631127603 ], [ -74.915779202847745, 1.961433125038866 ], [ -74.913066606538479, 1.961332497197154 ], [ -74.910661572073764, 1.960315481774229 ], [ -74.908395509844752, 1.958942331223818 ], [ -74.906380920542915, 1.958105813332789 ], [ -74.905315928087447, 1.957293984529943 ], [ -74.902543950442762, 1.953374327163617 ], [ -74.901543953790267, 1.950844922755146 ], [ -74.901334110480647, 1.949902471921714 ], [ -74.901334110480647, 1.949129598152594 ], [ -74.900982806511138, 1.948216190924651 ], [ -74.899925863887347, 1.946124902042741 ], [ -74.898749377081884, 1.942742501465429 ], [ -74.897867011752993, 1.941271894082823 ], [ -74.897278767900659, 1.939948345639787 ], [ -74.897304280767784, 1.938790323714612 ], [ -74.89782832651585, 1.937585018134265 ], [ -74.898561991642453, 1.936589330133681 ], [ -74.898824014516492, 1.935646046528025 ], [ -74.898666800432338, 1.934493146241896 ], [ -74.897985540600075, 1.933340244157082 ], [ -74.897131708061707, 1.932154120216647 ], [ -74.895732142624112, 1.930877226802754 ], [ -74.893635957833055, 1.929409898348298 ], [ -74.888762328418579, 1.92705169068314 ], [ -74.883364653255938, 1.924117031975592 ], [ -74.882473774944614, 1.92327855805918 ], [ -74.881006445590856, 1.921496800537069 ], [ -74.880587208632591, 1.920239090561717 ], [ -74.880429994548479, 1.91919099816622 ], [ -74.880866663065859, 1.918041098018438 ], [ -74.882809671728808, 1.9162683777836 ], [ -74.884313541436669, 1.914168677542576 ], [ -74.884617958351953, 1.912779368872923 ], [ -74.884226089562205, 1.911298971470489 ], [ -74.883747137620162, 1.91034106758639 ], [ -74.882658610806132, 1.909513787531412 ], [ -74.880829885290822, 1.908991294912474 ], [ -74.879218865857808, 1.908686507476502 ], [ -74.878043256790704, 1.908076932604519 ], [ -74.877120448050107, 1.907213292059958 ], [ -74.877726278145033, 1.904021764493008 ], [ -74.877726278145062, 1.902897585855056 ], [ -74.877234449709931, 1.900860008982384 ], [ -74.876250785645084, 1.89917372798533 ], [ -74.875407654139764, 1.898471120046353 ], [ -74.87491581761077, 1.897417198245262 ], [ -74.873677713755342, 1.895664648005283 ], [ -74.87368864681342, 1.894277146073589 ], [ -74.8732298405845, 1.89310559924418 ], [ -74.87277365857733, 1.892529105034323 ], [ -74.871264902852786, 1.891167249968796 ], [ -74.869936994496499, 1.889052777463869 ], [ -74.869756954719534, 1.888449998768581 ], [ -74.869666718544053, 1.887124265872325 ], [ -74.869970842280395, 1.886140260065144 ], [ -74.869917878507096, 1.885411942307429 ], [ -74.869361830383994, 1.884696029798113 ], [ -74.868251260287252, 1.883840958893291 ], [ -74.867933536103621, 1.883081675678972 ], [ -74.868010440729094, 1.88256234147907 ], [ -74.868645496092554, 1.881596635076793 ], [ -74.868556777972785, 1.880676159177569 ], [ -74.868031218665621, 1.879977538832545 ], [ -74.867538483713844, 1.87894870721721 ], [ -74.866476863716088, 1.87827012017005 ], [ -74.864794930041811, 1.877514259775442 ], [ -74.863979304301296, 1.876823599329789 ], [ -74.863267516082828, 1.875985326861506 ], [ -74.863004551618545, 1.875367924290483 ], [ -74.86281116230515, 1.873841416848077 ], [ -74.862514099146196, 1.872821910303057 ], [ -74.86312311194186, 1.870791277095924 ], [ -74.863112798516681, 1.870015564167125 ], [ -74.862920640375066, 1.869293524576716 ], [ -74.862052912411784, 1.867820575359434 ], [ -74.861355424313174, 1.867514286055621 ], [ -74.859981541714603, 1.867276249899215 ], [ -74.85943880535639, 1.86667658016027 ], [ -74.85903175241323, 1.865861350121348 ], [ -74.859045945513799, 1.864717748825252 ], [ -74.859400996058994, 1.86346206592181 ], [ -74.859238257439472, 1.86129780874706 ], [ -74.859392831114107, 1.860907689138709 ], [ -74.86008719137061, 1.860291929629026 ], [ -74.860124265921925, 1.859824356808752 ], [ -74.859873581700313, 1.859441961477505 ], [ -74.858350649962347, 1.858807193897078 ], [ -74.857518594507383, 1.858257631684527 ], [ -74.857329004829566, 1.857712686591386 ], [ -74.857061162442548, 1.855799113638379 ], [ -74.857184645654726, 1.85532578155973 ], [ -74.858178668110895, 1.853756523944594 ], [ -74.858966561457521, 1.852804328057465 ], [ -74.85912366762301, 1.851535124746374 ], [ -74.858807784351583, 1.850266129178715 ], [ -74.85910889086243, 1.84682942573755 ], [ -74.859248183256909, 1.846455009191442 ], [ -74.860271301479202, 1.845075771130093 ], [ -74.860409866322129, 1.844072038693803 ], [ -74.860225559261991, 1.843501024952509 ], [ -74.859527900292207, 1.842756779302088 ], [ -74.859278196331545, 1.841910664745567 ], [ -74.858774609260621, 1.840983379179795 ], [ -74.858555475054956, 1.840098601869175 ], [ -74.857557590010629, 1.839833220926588 ], [ -74.856929119483141, 1.83932455898139 ], [ -74.857195111065352, 1.838260207742564 ], [ -74.857028052102734, 1.836422489006865 ], [ -74.8538537915191, 1.828737445776677 ], [ -74.853686731657163, 1.82639852047551 ], [ -74.853853791519086, 1.824894929557496 ], [ -74.854689125902226, 1.822890141966636 ], [ -74.85468912590224, 1.821386542055424 ], [ -74.852664876082997, 1.817702742687591 ], [ -74.852164076011135, 1.816240407269176 ], [ -74.852044705398654, 1.815091025130869 ], [ -74.853195601095933, 1.812863822607481 ], [ -74.853353398840113, 1.812257433134224 ], [ -74.853344127729144, 1.810237185298044 ], [ -74.852853980126952, 1.808314440159483 ], [ -74.851673728759366, 1.806105796945138 ], [ -74.850663653404723, 1.803722709535609 ], [ -74.849325262550678, 1.801624272842126 ], [ -74.849080193695841, 1.799932483497453 ], [ -74.848513922978995, 1.798752600852038 ], [ -74.848034302840617, 1.798276889167266 ], [ -74.847371840637777, 1.797972171878388 ], [ -74.845897300519837, 1.797895312219036 ], [ -74.84403934254145, 1.797331224156865 ], [ -74.842871181659575, 1.797239577844377 ], [ -74.839960909867941, 1.797324963076754 ], [ -74.83880429268379, 1.797625027273349 ], [ -74.837468920853794, 1.798207332902296 ], [ -74.83673656873745, 1.798227159356085 ], [ -74.835725425887517, 1.797887568156902 ], [ -74.8348142103074, 1.797302460240557 ], [ -74.834126909728923, 1.796568258218747 ], [ -74.833696517580023, 1.79578570774436 ], [ -74.833590938970502, 1.794874609975406 ], [ -74.833864529824041, 1.794038377169572 ], [ -74.833856444918823, 1.793466527958062 ], [ -74.833688683585677, 1.792973010596133 ], [ -74.833129105623541, 1.792209963719031 ], [ -74.832936677685367, 1.791523912298888 ], [ -74.833040109613194, 1.790943204765275 ], [ -74.833380913098452, 1.790320663467982 ], [ -74.834454587609002, 1.789765468801531 ], [ -74.834620425292258, 1.788923315758568 ], [ -74.835171101764757, 1.788375415493184 ], [ -74.835583356386579, 1.788245223338574 ], [ -74.836637772814811, 1.788203765491579 ], [ -74.837023364336602, 1.788036014050989 ], [ -74.837578038295703, 1.787388563331715 ], [ -74.837917305738912, 1.786618535916896 ], [ -74.839053611734627, 1.785896578164742 ], [ -74.839693131332794, 1.785703286877351 ], [ -74.841333867963499, 1.785808956318421 ], [ -74.842832536891933, 1.785075005207484 ], [ -74.843409067074617, 1.784519917560313 ], [ -74.843989360020757, 1.783499413667179 ], [ -74.844093645405266, 1.782559883831732 ], [ -74.843770557664897, 1.78183162003342 ], [ -74.843656165699272, 1.781221951631941 ], [ -74.843953957309097, 1.780213521137248 ], [ -74.84391346173669, 1.779792435172903 ], [ -74.843648898277877, 1.779198747724218 ], [ -74.843847300412463, 1.77833034616873 ], [ -74.845129995352835, 1.777152655171057 ], [ -74.845246641918834, 1.775796171756095 ], [ -74.845507800544382, 1.775148046545265 ], [ -74.846179551844685, 1.774740480988574 ], [ -74.847116368425532, 1.774582448521373 ], [ -74.847662274893935, 1.77395050301345 ], [ -74.847944507332997, 1.773331122833248 ], [ -74.848080009984272, 1.77261386313944 ], [ -74.848038515265102, 1.771915063829276 ], [ -74.847720126482457, 1.771162833098482 ], [ -74.847837706544794, 1.770358921027542 ], [ -74.8483290223663, 1.769746170649404 ], [ -74.849704110056493, 1.768713630230028 ], [ -74.850271988761108, 1.767829687490273 ], [ -74.850365279034222, 1.766483660492745 ], [ -74.850277720140525, 1.765956512083537 ], [ -74.848958085547039, 1.764841153996205 ], [ -74.848729158623598, 1.764424003465162 ], [ -74.848738061911888, 1.763703787699799 ], [ -74.849171786048942, 1.762965893961017 ], [ -74.849147792136762, 1.762285940843657 ], [ -74.84860821869421, 1.761574952122483 ], [ -74.847684992668107, 1.760818633073624 ], [ -74.847110969795267, 1.760144286329945 ], [ -74.847029977751077, 1.759516030740381 ], [ -74.847154295534153, 1.757547390499855 ], [ -74.847007950656234, 1.756714095779039 ], [ -74.846664129945466, 1.755983271610837 ], [ -74.845904765792156, 1.755207414790517 ], [ -74.845529692740953, 1.753590815064231 ], [ -74.845258194609869, 1.752941846289339 ], [ -74.844404201992148, 1.752070802525683 ], [ -74.844420712645615, 1.751027553878693 ], [ -74.844138255376038, 1.750226310096318 ], [ -74.84381388250452, 1.74989021456191 ], [ -74.843250379001631, 1.749585749083224 ], [ -74.841779171771165, 1.74922706887431 ], [ -74.840783506253644, 1.7487626670636 ], [ -74.840519923055851, 1.748443450904708 ], [ -74.840231733507551, 1.747241055530442 ], [ -74.839414886487617, 1.74623051432697 ], [ -74.838422132075607, 1.745609536051406 ], [ -74.836721818956619, 1.745037048321307 ], [ -74.835798916686485, 1.744359080907059 ], [ -74.835420456788455, 1.743766040070874 ], [ -74.835280435943218, 1.742992141074612 ], [ -74.835377866694984, 1.742198398537425 ], [ -74.835806956625618, 1.741198142880144 ], [ -74.83568606975615, 1.740152476855495 ], [ -74.835286939840273, 1.739721752856795 ], [ -74.834388678994159, 1.739144046360822 ], [ -74.833966586688447, 1.739002093771778 ], [ -74.833280049634411, 1.739017572003514 ], [ -74.832772986683821, 1.738717139984212 ], [ -74.832079810834415, 1.737213180344163 ], [ -74.830884781807072, 1.735396985082974 ], [ -74.830139880550917, 1.735420007727366 ], [ -74.829237838055633, 1.735080571211548 ], [ -74.828253490506, 1.734941071973074 ], [ -74.825110940917057, 1.735152956743728 ], [ -74.824846944031094, 1.734983652173988 ], [ -74.824474035648038, 1.734422276467099 ], [ -74.823805607342749, 1.73389891780095 ], [ -74.823279374443402, 1.733753759128825 ], [ -74.821850361604731, 1.733736197167904 ], [ -74.820724584871499, 1.732793918105014 ], [ -74.820350363478298, 1.732664362670328 ], [ -74.819587119649711, 1.732771685065365 ], [ -74.81864669049223, 1.73367860548344 ], [ -74.817616215815534, 1.734050256614243 ], [ -74.816509023572451, 1.734073936662982 ], [ -74.815932296438135, 1.733897372765674 ], [ -74.815551313042533, 1.733593625845341 ], [ -74.815257411000587, 1.732132084528268 ], [ -74.813638196945078, 1.730149027255951 ], [ -74.813120147876361, 1.728292190732196 ], [ -74.812672849372319, 1.727453874197119 ], [ -74.812897922700785, 1.725984069009718 ], [ -74.812465257965115, 1.725324256209597 ], [ -74.812379209033097, 1.724340520199002 ], [ -74.81249868486627, 1.723704692317875 ], [ -74.812971269608227, 1.723227542617207 ], [ -74.813389821283053, 1.723210439310494 ], [ -74.814288056948101, 1.723623187660189 ], [ -74.814626002387968, 1.723292473668915 ], [ -74.814650347035752, 1.723065208692642 ], [ -74.814324797850972, 1.722522131491351 ], [ -74.814160882018939, 1.721826629995135 ], [ -74.814516327366448, 1.721117491179443 ], [ -74.815229275710351, 1.720525437798876 ], [ -74.815439552493217, 1.720154010599306 ], [ -74.815645949600722, 1.718552809065084 ], [ -74.815548320998047, 1.717892529516808 ], [ -74.815078564623875, 1.7171558120912 ], [ -74.814261528746343, 1.716672106332826 ], [ -74.813770878423171, 1.715926971252891 ], [ -74.813303853290051, 1.715595232034498 ], [ -74.812554424846653, 1.715338340692038 ], [ -74.810201854132103, 1.715100745203437 ], [ -74.80920680734809, 1.714626739532551 ], [ -74.808598899819216, 1.713919487494538 ], [ -74.808529946099952, 1.713067867288438 ], [ -74.808260118909232, 1.712357578239803 ], [ -74.807413455766195, 1.711494387356293 ], [ -74.806808422470567, 1.711273203595643 ], [ -74.805602452291168, 1.711494152633185 ], [ -74.80511142515202, 1.711087521472124 ], [ -74.804749825743713, 1.710357523780901 ], [ -74.802785057983897, 1.710140283547413 ], [ -74.802601728486792, 1.709755185753403 ], [ -74.802559777811325, 1.708866868711194 ], [ -74.802710622896754, 1.707751943197781 ], [ -74.802429162975315, 1.707648969024892 ], [ -74.801335167383897, 1.707647890737751 ], [ -74.800559238617836, 1.707430327647665 ], [ -74.800277428860099, 1.707192804104837 ], [ -74.800254431396723, 1.706249545680146 ], [ -74.800958395513334, 1.705250915997132 ], [ -74.801346000617301, 1.704985948742735 ], [ -74.802280796421471, 1.704928035100939 ], [ -74.802914630505626, 1.704648111221509 ], [ -74.802657128523464, 1.703986680541049 ], [ -74.802060565942213, 1.703555023046057 ], [ -74.801913682370412, 1.703038635025169 ], [ -74.80189336308807, 1.702175049339194 ], [ -74.802182611138448, 1.700896216087646 ], [ -74.803023354044385, 1.699577282066079 ], [ -74.802798334675217, 1.698436376937448 ], [ -74.802441352386325, 1.697539284310706 ], [ -74.802381156265184, 1.695505588012646 ], [ -74.802499860479998, 1.695027028175 ], [ -74.802796887666091, 1.694548397290899 ], [ -74.803509889969263, 1.693770527787775 ], [ -74.803866152800524, 1.692753544740472 ], [ -74.803984812049251, 1.692155348090971 ], [ -74.803984218496737, 1.690540348258642 ], [ -74.803627173255265, 1.68946380581011 ], [ -74.803329786340441, 1.688985399756589 ], [ -74.802200021113933, 1.687909145990452 ], [ -74.800713640521948, 1.686952664833774 ], [ -74.799940649840948, 1.686235172215572 ], [ -74.798334830288013, 1.683723535712796 ], [ -74.796491506077956, 1.681929771342015 ], [ -74.796021767690263, 1.680913641751333 ], [ -74.795248794096423, 1.680255966639722 ], [ -74.795070280468906, 1.679717697214131 ], [ -74.795070082618054, 1.679179354044093 ], [ -74.795248227523516, 1.678700768126164 ], [ -74.797024331907224, 1.676067688972802 ], [ -74.797499486911647, 1.6750506519662 ], [ -74.797677631817109, 1.674572066048223 ], [ -74.797736507733475, 1.673016856742739 ], [ -74.797438976927054, 1.67211972814311 ], [ -74.796270124466488, 1.670429610638146 ], [ -74.796136679464041, 1.670027245860888 ], [ -74.795079910409413, 1.669022436036753 ], [ -74.794810964554259, 1.667867679549953 ], [ -74.795321068112614, 1.667823457186994 ], [ -74.795738018994257, 1.667597607743609 ], [ -74.798101329412646, 1.664956128922363 ], [ -74.798862243997235, 1.663053846058304 ], [ -74.79893357912124, 1.661722247783666 ], [ -74.798434229655811, 1.659772407870496 ], [ -74.797316638551877, 1.656847648000758 ], [ -74.796241835392195, 1.654880579775136 ], [ -74.795668526581096, 1.653508113608721 ], [ -74.794990980948839, 1.651058522233218 ], [ -74.795129964875798, 1.649633936756931 ], [ -74.795580804910045, 1.648263595688559 ], [ -74.796959961133126, 1.646242419752037 ], [ -74.798410450681615, 1.644934599552305 ], [ -74.799860942028701, 1.643959679595703 ], [ -74.801192539404042, 1.642556747096358 ], [ -74.801668110794523, 1.641772055336243 ], [ -74.802061786322184, 1.640964814874446 ], [ -74.801384240690027, 1.637194876642413 ], [ -74.801556221642159, 1.63593428703785 ], [ -74.802880816896035, 1.631571061555413 ], [ -74.803308829438777, 1.630477250324998 ], [ -74.80402218607486, 1.629335880246838 ], [ -74.807398738360888, 1.625222193249807 ], [ -74.808020722977858, 1.624304118540404 ], [ -74.808277224014532, 1.623146854743723 ], [ -74.807727674392481, 1.621836393235148 ], [ -74.807220400101215, 1.621117753081988 ], [ -74.805825391528458, 1.619807290674082 ], [ -74.804983490295683, 1.619318804119703 ], [ -74.804583464655025, 1.618855615494407 ], [ -74.804268156949675, 1.618154079547286 ], [ -74.804225547071212, 1.617487106345059 ], [ -74.804436086456036, 1.616792324306479 ], [ -74.805573003091467, 1.614792194304465 ], [ -74.806141460959509, 1.614307951650821 ], [ -74.806773080912834, 1.613907926010147 ], [ -74.808646149300202, 1.613550237753455 ], [ -74.810487686557295, 1.612594724267297 ], [ -74.810991503854666, 1.612177771587031 ], [ -74.811912272033538, 1.611118019481197 ], [ -74.812607191668391, 1.609728181110831 ], [ -74.812798294905207, 1.608998515269435 ], [ -74.812815668008511, 1.608268848528747 ], [ -74.812097890437926, 1.606021390994588 ], [ -74.812771440217503, 1.603887405086865 ], [ -74.812769628320254, 1.598803133094985 ], [ -74.812174398394077, 1.596410748190652 ], [ -74.812173867805768, 1.594915373791306 ], [ -74.811876360374256, 1.594018255800308 ], [ -74.811875407493204, 1.591326581622216 ], [ -74.810982574117119, 1.587738001065815 ], [ -74.810090692778275, 1.586841094003987 ], [ -74.810090272011507, 1.585644793814109 ], [ -74.809198287236271, 1.584448810636302 ], [ -74.808305361786509, 1.580561149961608 ], [ -74.807710673123793, 1.579664134648298 ], [ -74.807710777548621, 1.579963209874009 ], [ -74.805330162157603, 1.570991787370627 ], [ -74.805329644889795, 1.569496410308182 ], [ -74.805626417526923, 1.568300004639223 ], [ -74.805626004214787, 1.567103703039229 ], [ -74.806219652884721, 1.565009967508613 ], [ -74.806217078192645, 1.557533083037947 ], [ -74.805325216746411, 1.556636166680432 ], [ -74.805027417539989, 1.554841817023159 ], [ -74.80502608806178, 1.550953835753877 ], [ -74.806214822675543, 1.550953424259763 ], [ -74.807106168605316, 1.550354964499122 ], [ -74.807402942490896, 1.549158560105151 ], [ -74.807996899428375, 1.547962052825466 ], [ -74.807996490152732, 1.546765751628053 ], [ -74.808293263929741, 1.545569347545122 ], [ -74.810075438312992, 1.542877052916878 ], [ -74.810966677701956, 1.541979518495071 ], [ -74.811263552574502, 1.541082190155507 ], [ -74.812154893272577, 1.540483730857402 ], [ -74.812748641957469, 1.538689074570438 ], [ -74.813342697486476, 1.537791643471717 ], [ -74.813341776426185, 1.53509996873575 ], [ -74.814826044117723, 1.530314255612925 ], [ -74.816311126660125, 1.527921142831235 ], [ -74.816607999819013, 1.527023815651769 ], [ -74.817796002281113, 1.524929881171722 ], [ -74.818092874915209, 1.524032554264485 ], [ -74.818984207570338, 1.523434096371381 ], [ -74.820172309097458, 1.521639237150182 ], [ -74.821063640096028, 1.521040779146834 ], [ -74.821657587354224, 1.519844275201165 ], [ -74.822548814697527, 1.518946742744325 ], [ -74.82611289587966, 1.512964019496203 ], [ -74.828786255198253, 1.50937420137699 ], [ -74.829083123589285, 1.508476876134557 ], [ -74.830271109320535, 1.506382945414783 ], [ -74.830864742421966, 1.504289221709076 ], [ -74.830863205973614, 1.499803113665529 ], [ -74.830565724414313, 1.498905994882849 ], [ -74.828484990886267, 1.497411343464107 ], [ -74.827296190014167, 1.497112678778456 ], [ -74.826701535850162, 1.496215660702433 ], [ -74.825512532923568, 1.495318846080543 ], [ -74.824620705464284, 1.494421928623246 ], [ -74.823134126486863, 1.492328915701307 ], [ -74.823132517508554, 1.487543724755078 ], [ -74.822835042698088, 1.486646602389782 ], [ -74.822537768726164, 1.486347628825834 ], [ -74.821940226549103, 1.476777445279339 ], [ -74.821048510334933, 1.476179596323642 ], [ -74.820751040033883, 1.475282472387373 ], [ -74.818967115301447, 1.472591398147704 ], [ -74.817777736479883, 1.47049827175653 ], [ -74.817182802244417, 1.468704020643582 ], [ -74.816290992457695, 1.467807092487621 ], [ -74.815993526529979, 1.466909966310906 ], [ -74.815101718047217, 1.466013037059761 ], [ -74.814506983970503, 1.46481693364671 ], [ -74.813317031654805, 1.460929349455646 ], [ -74.813313251945871, 1.449265416851167 ], [ -74.813907011477767, 1.4474707714438 ], [ -74.815390927369464, 1.441488783779188 ], [ -74.816281757808213, 1.439394967679126 ], [ -74.816280028446585, 1.434011616903875 ], [ -74.816874075065641, 1.433114198770767 ], [ -74.817467641926058, 1.430721405835681 ], [ -74.818061687736957, 1.429823988051943 ], [ -74.818655349897284, 1.42773027073314 ], [ -74.820437963295376, 1.426533392510684 ], [ -74.821032007320838, 1.425635975093371 ], [ -74.823111686913279, 1.424139925150519 ], [ -74.824299771552688, 1.422345090717992 ], [ -74.824893428844774, 1.420251375636473 ], [ -74.825487374120058, 1.419054884320972 ], [ -74.82667535964714, 1.416960976556178 ], [ -74.827566564098063, 1.416063463291263 ], [ -74.827863439818501, 1.415166143591565 ], [ -74.829051326313618, 1.412773162504115 ], [ -74.830239403588578, 1.410978330378031 ], [ -74.83023901920248, 1.409782033750735 ], [ -74.830832961191206, 1.408585543852021 ], [ -74.832614401030725, 1.40379977910722 ], [ -74.832614017395301, 1.40260348306302 ], [ -74.832316567861298, 1.401706357425716 ], [ -74.831721956766899, 1.400809327886571 ], [ -74.831720333973607, 1.395725068432903 ], [ -74.832416003109955, 1.393220117068886 ], [ -74.833488030448095, 1.393366302912756 ], [ -74.835192988565439, 1.393366302912732 ], [ -74.836266480513487, 1.392861130337065 ], [ -74.836961093479545, 1.391850785185751 ], [ -74.83727682656415, 1.390524706050469 ], [ -74.837403119258383, 1.388756601136388 ], [ -74.838792346089747, 1.388756601136375 ], [ -74.840876184088472, 1.389830093084485 ], [ -74.841697089748706, 1.390461559253702 ], [ -74.845170152780156, 1.392103370574256 ], [ -74.847001404491095, 1.392797983540271 ], [ -74.850479308573071, 1.393587080179794 ], [ -74.85262145231799, 1.394566089353712 ], [ -74.855084171097474, 1.394376648963311 ], [ -74.857104862299408, 1.393871475488385 ], [ -74.858494087332133, 1.393366302912731 ], [ -74.863166936804532, 1.390335265660162 ], [ -74.864871894921848, 1.388946040627463 ], [ -74.866513707141735, 1.387998842272911 ], [ -74.867902933073736, 1.387556814695439 ], [ -74.869229011309699, 1.387556814695433 ], [ -74.870113063766723, 1.387998842272935 ], [ -74.872828367934645, 1.390398413356259 ], [ -74.873775566289225, 1.391535052101136 ], [ -74.874407032458393, 1.392545397252456 ], [ -74.874785912339789, 1.393808329590908 ], [ -74.874785912339789, 1.397218245825586 ], [ -74.874533326951294, 1.398039151485835 ], [ -74.873712420391698, 1.39942837831719 ], [ -74.872323194459668, 1.401259629128738 ], [ -74.8711865557148, 1.403154027636444 ], [ -74.870744529935962, 1.404290667280636 ], [ -74.870618236342395, 1.405237865635195 ], [ -74.870681384038505, 1.406248211685829 ], [ -74.871439142901977, 1.407511144024234 ], [ -74.872386341256473, 1.408647782769129 ], [ -74.8733086346856, 1.409591143716468 ], [ -74.874219108170308, 1.410248708677764 ], [ -74.874220471921973, 1.414253373617391 ], [ -74.874815303798684, 1.415748523129472 ], [ -74.8748158149413, 1.417243877990742 ], [ -74.875410444064158, 1.418140884811093 ], [ -74.875410956452583, 1.419636239423674 ], [ -74.876005894963669, 1.421430458213715 ], [ -74.877195364386822, 1.423822610570284 ], [ -74.878979264502405, 1.426513623319009 ], [ -74.879871060950705, 1.427410522405425 ], [ -74.884628787371227, 1.436380954397905 ], [ -74.885520590742289, 1.437277847775437 ], [ -74.885818069095336, 1.438174952279766 ], [ -74.886412710817623, 1.439071950580007 ], [ -74.887602207339569, 1.441464085828186 ], [ -74.888494014306318, 1.442360976210356 ], [ -74.888791495379252, 1.443258079247176 ], [ -74.890278055497191, 1.445351033731416 ], [ -74.891169865290593, 1.446247921566944 ], [ -74.892358839353818, 1.447144701239566 ], [ -74.895034275190199, 1.449835357358751 ], [ -74.897412230167447, 1.451628907527587 ], [ -74.898303829230343, 1.451927651212872 ], [ -74.899195644419763, 1.452824532544604 ], [ -74.900979060102017, 1.454020155058303 ], [ -74.90187065994769, 1.454318896514841 ], [ -74.902465313368978, 1.455215884447463 ], [ -74.903654295186243, 1.456112652848935 ], [ -74.905437933244045, 1.457906406114157 ], [ -74.906329643898303, 1.458504213082998 ], [ -74.906924629252487, 1.460298403542206 ], [ -74.907519286823856, 1.461195388033484 ], [ -74.908708934040618, 1.463886560656928 ], [ -74.909303593804083, 1.464783543693281 ], [ -74.909304587303268, 1.467475158075991 ], [ -74.909899248970888, 1.468372140244271 ], [ -74.909899691698698, 1.469568413091019 ], [ -74.910197300117474, 1.470764574377896 ], [ -74.911387295019665, 1.474352944853298 ], [ -74.911981960580064, 1.475249924886576 ], [ -74.912279460867097, 1.476147016754777 ], [ -74.912280018854489, 1.477642356796514 ], [ -74.913171964243958, 1.478838291256159 ], [ -74.913766744480426, 1.480034337566801 ], [ -74.915848933173791, 1.485416766266988 ], [ -74.916443605307464, 1.486313742294735 ], [ -74.9170386171904, 1.488107920721092 ], [ -74.917633290956019, 1.489004895718427 ], [ -74.919120716890262, 1.493191269636754 ], [ -74.919715507618605, 1.494387310155887 ], [ -74.92031064165873, 1.496480552148289 ], [ -74.920905434737236, 1.497676591434668 ], [ -74.920905892271293, 1.498872860579989 ], [ -74.921500572366924, 1.499769831890239 ], [ -74.921501834113897, 1.503059571438184 ], [ -74.923883692000373, 1.514722259661811 ], [ -74.924478729490829, 1.516516427771738 ], [ -74.927451483067145, 1.51920685614306 ], [ -74.929234740007971, 1.519804282794339 ], [ -74.930423773748529, 1.520701010235793 ], [ -74.9304242435595, 1.521897276164946 ], [ -74.929830254575919, 1.522794712157255 ], [ -74.929533788837475, 1.524589229644131 ], [ -74.928642627967506, 1.52548678429387 ], [ -74.927751701357806, 1.526982472334078 ], [ -74.926266547631428, 1.528777463907339 ], [ -74.925969728052735, 1.529674782513918 ], [ -74.924187399114999, 1.531469892816311 ], [ -74.9235934061591, 1.53236732993229 ], [ -74.920919554059665, 1.534162794358035 ], [ -74.919731095578626, 1.534761400071852 ], [ -74.918542753062368, 1.535659072850529 ], [ -74.91735417581377, 1.535958610596557 ], [ -74.914085730404736, 1.53715617153799 ], [ -74.912600092545318, 1.537754892382512 ], [ -74.910817511102309, 1.538951865338538 ], [ -74.909034579541398, 1.539251633622446 ], [ -74.906360584249569, 1.540748022742906 ], [ -74.905171999167351, 1.541047556125375 ], [ -74.904577994906148, 1.54194499367586 ], [ -74.90279540312396, 1.543141964174926 ], [ -74.902498573244003, 1.544039285875306 ], [ -74.901310215248984, 1.544936955672538 ], [ -74.900122316711105, 1.547030900292871 ], [ -74.898934992790799, 1.550620189557119 ], [ -74.898044037780068, 1.552115881878482 ], [ -74.897450374753177, 1.553910527367451 ], [ -74.896262470934317, 1.556004474349209 ], [ -74.896264666060731, 1.561686785262451 ], [ -74.896859602965307, 1.563181896920083 ], [ -74.896860647314327, 1.565873517329662 ], [ -74.898050062622218, 1.567667462512885 ], [ -74.898941717523769, 1.567966179547626 ], [ -74.900130435145172, 1.567965709885825 ], [ -74.90102185625372, 1.567666288582445 ], [ -74.90191304304274, 1.566768729938671 ], [ -74.902804346065423, 1.566170239791697 ], [ -74.903101173925535, 1.56527291664278 ], [ -74.904586130643693, 1.562879780684143 ], [ -74.904882957888702, 1.561982457905906 ], [ -74.906070733854961, 1.559589440662909 ], [ -74.907852745758035, 1.556897120517283 ], [ -74.908149571881111, 1.555999798420479 ], [ -74.909634637093276, 1.553905733232666 ], [ -74.910525815585672, 1.553008175875517 ], [ -74.911119465770497, 1.55121353275803 ], [ -74.912901116444047, 1.547624012093618 ], [ -74.91379240871197, 1.547025523179732 ], [ -74.914683817569127, 1.546726101790507 ], [ -74.915574991410196, 1.545828545032232 ], [ -74.916763574171938, 1.545529005157127 ], [ -74.917952273828178, 1.545528532178261 ], [ -74.92003214384043, 1.544630501183996 ], [ -74.921220724037724, 1.544330959507075 ], [ -74.922112011194599, 1.543732469098176 ], [ -74.922706005529633, 1.542835030397699 ], [ -74.923597291534406, 1.542236539929544 ], [ -74.924190812606014, 1.540142833720282 ], [ -74.926566664129069, 1.536254014486893 ], [ -74.928052291930896, 1.535655286594203 ], [ -74.929240627547429, 1.534757610712012 ], [ -74.931320360241571, 1.53356051061507 ], [ -74.932211758038662, 1.533261086280616 ], [ -74.935777463936574, 1.532362452631498 ], [ -74.939395409289361, 1.532360990934578 ], [ -74.939713740896252, 1.534399744352857 ], [ -74.940733292407344, 1.535895086689044 ], [ -74.941820813779344, 1.536642757857123 ], [ -74.943112246532763, 1.536642757857134 ], [ -74.94350552345405, 1.53634779937356 ], [ -74.94350656772103, 1.538938762629867 ], [ -74.942913068197953, 1.541032463480054 ], [ -74.942915487269318, 1.547013772166964 ], [ -74.943510197411101, 1.547910724295573 ], [ -74.944700106330799, 1.550900888275759 ], [ -74.944997645315027, 1.551797961480694 ], [ -74.944700593492058, 1.55209714936086 ], [ -74.950467921131704, 1.557358303281181 ], [ -74.952608462019739, 1.559510675755901 ], [ -74.954273925172402, 1.562620249468278 ], [ -74.954274719373075, 1.564534262083733 ], [ -74.95380003459077, 1.566448474789419 ], [ -74.953324952094079, 1.567405681327858 ], [ -74.95308760961052, 1.568362787930367 ], [ -74.952136847172866, 1.56884169142461 ], [ -74.951185984839668, 1.569081342963604 ], [ -74.95047306104648, 1.569799397978611 ], [ -74.950474352423328, 1.572909671418647 ], [ -74.950950232341754, 1.57386647830164 ], [ -74.950950630662433, 1.574823485364251 ], [ -74.951426511655455, 1.575780291754657 ], [ -74.953331747136659, 1.583674790826741 ], [ -74.954045475812407, 1.584870745179026 ], [ -74.954046281110777, 1.586784757502039 ], [ -74.954760617672704, 1.589416219671372 ], [ -74.954761122725188, 1.590612477094617 ], [ -74.955237012582913, 1.591569279465841 ], [ -74.955237518594245, 1.59276553671063 ], [ -74.955951659724164, 1.594918493529827 ], [ -74.955952065685025, 1.595875499111388 ], [ -74.956428466860103, 1.598028556976247 ], [ -74.956904564552573, 1.599463860161759 ], [ -74.958332251003938, 1.602334259377947 ], [ -74.959997276886639, 1.60424754763078 ], [ -74.960948560366433, 1.604964887867359 ], [ -74.961899741573149, 1.605442976297302 ], [ -74.962613282055244, 1.606160418573699 ], [ -74.963802310998489, 1.606877652796204 ], [ -74.965704882648353, 1.608312326009186 ], [ -74.96665606571058, 1.608790410712352 ], [ -74.967607456524163, 1.609746995931372 ], [ -74.969747568536434, 1.610703056882487 ], [ -74.971887890339559, 1.612137615084495 ], [ -74.973315086822552, 1.613811735683833 ], [ -74.974504226832536, 1.614768209132237 ], [ -74.975217984391847, 1.615964142801126 ], [ -74.976645186702527, 1.61763825795204 ], [ -74.977121097095463, 1.618595045746657 ], [ -74.978072391554647, 1.619312370748694 ], [ -74.980451001255105, 1.621943053681831 ], [ -74.980926915062128, 1.62289983896484 ], [ -74.981640467973207, 1.623617267244277 ], [ -74.982592298687322, 1.625530835769508 ], [ -74.983305853296599, 1.626248262586877 ], [ -74.984733391902409, 1.628640112322389 ], [ -74.985684586557269, 1.62911818012217 ], [ -74.986398143614181, 1.629835604485068 ], [ -74.987349338938856, 1.63031367095001 ], [ -74.988300642094046, 1.631030985894985 ], [ -74.989251838081643, 1.631509050878696 ], [ -74.990202926469905, 1.631747866094906 ], [ -74.991154230835207, 1.632465178718903 ], [ -74.99234317273951, 1.632943132721443 ], [ -74.993294478092452, 1.633660443569191 ], [ -74.994245567034241, 1.633899256011973 ], [ -74.996147962365285, 1.63485537645859 ], [ -74.998525848872134, 1.635811274523882 ], [ -74.99947693818649, 1.636050083540009 ], [ -75.000428136856954, 1.636528140332564 ], [ -75.003518491476953, 1.635808962571986 ], [ -75.00690359360172, 1.635955493964835 ], [ -75.006992289362515, 1.636381233907034 ], [ -75.007982897092859, 1.638472515594308 ], [ -75.009358739314223, 1.642930248132602 ], [ -75.010129211893442, 1.645021529819948 ], [ -75.010954717585975, 1.645736967487219 ], [ -75.012275527593374, 1.646177237789485 ], [ -75.013175811914039, 1.646232271802105 ], [ -75.011038611742379, 1.650027933342612 ], [ -75.010325708364562, 1.650746013218134 ], [ -75.010326712008009, 1.652899242006579 ], [ -75.009614310451894, 1.654693936276319 ], [ -75.009615316793273, 1.656847165064806 ], [ -75.009259199652206, 1.657923948531582 ], [ -75.009259871445749, 1.659359435589631 ], [ -75.007124852130062, 1.669408857632864 ], [ -75.006057683315305, 1.67515131488142 ], [ -75.005701566174181, 1.676228101046198 ], [ -75.005705632908473, 1.684841025193297 ], [ -75.006777041127407, 1.688070357561147 ], [ -75.007135203326825, 1.691300030771987 ], [ -75.007492684739475, 1.69309421692479 ], [ -75.007493711765207, 1.695247446612558 ], [ -75.008564966200083, 1.6981179009206 ], [ -75.008565653282119, 1.699553387079326 ], [ -75.009280459625359, 1.70278288312374 ], [ -75.010351899320526, 1.70601220469969 ], [ -75.012136257682002, 1.708523431111667 ], [ -75.012136777490099, 1.709600044606532 ], [ -75.01249410242076, 1.711035353598886 ], [ -75.013207709967659, 1.711752746392276 ], [ -75.013921840020771, 1.71354674998271 ], [ -75.015349408548218, 1.715699271904046 ], [ -75.015706563506953, 1.716775708232486 ], [ -75.017490768084301, 1.718928050289429 ], [ -75.018561187048974, 1.720004131385752 ], [ -75.018918345605016, 1.721080565016239 ], [ -75.019631959447224, 1.721797951514425 ], [ -75.019989119801906, 1.72287438424559 ], [ -75.020702911709861, 1.723950639810383 ], [ -75.021417236016475, 1.726103504373391 ], [ -75.02213103062239, 1.727179758139446 ], [ -75.022488371740792, 1.728615059037932 ], [ -75.023202346211164, 1.730050181870595 ], [ -75.023915966348625, 1.730767562972841 ], [ -75.024630299648422, 1.732920423039275 ], [ -75.026057901450827, 1.735072922477595 ], [ -75.028555585871445, 1.737583745993231 ], [ -75.028912757917283, 1.738660173328558 ], [ -75.031053817979185, 1.741171170413343 ], [ -75.031767807737992, 1.74260628245411 ], [ -75.032838250984341, 1.743682343765324 ], [ -75.03319560918986, 1.745117636569873 ], [ -75.034623051812218, 1.746911248955167 ], [ -75.036050680594244, 1.749063728608349 ], [ -75.037122043847049, 1.751934124460438 ], [ -75.037122591534228, 1.753010729861469 ], [ -75.037836959907622, 1.755163571042147 ], [ -75.038194511467395, 1.756957727517255 ], [ -75.038908516514638, 1.758392830564879 ], [ -75.03962215643719, 1.759110197277956 ], [ -75.039979343771563, 1.760186616519341 ], [ -75.040693353315476, 1.761621716868889 ], [ -75.04069409075953, 1.763057188638523 ], [ -75.045339117006492, 1.779921535550611 ], [ -75.045339678183439, 1.780998138253704 ], [ -75.046053331595814, 1.781715495074218 ], [ -75.046053894571386, 1.782792096877938 ], [ -75.04676792479971, 1.784227188234335 ], [ -75.04748233364262, 1.786380012327871 ], [ -75.049268935812563, 1.792838668070261 ], [ -75.049982597318817, 1.793556020394203 ], [ -75.049984873502979, 1.797862422213221 ], [ -75.050698919019723, 1.799297506374953 ], [ -75.050701013540788, 1.803245040026756 ], [ -75.051414681342294, 1.803962388753448 ], [ -75.051416591502345, 1.807551055137249 ], [ -75.052130262901173, 1.808268402964616 ], [ -75.052134868329347, 1.816881198508689 ], [ -75.051423116083768, 1.819752517065175 ], [ -75.050710978029088, 1.821906103783818 ], [ -75.050355486816102, 1.824059498047586 ], [ -75.049287279284385, 1.827289879924203 ], [ -75.048574561166902, 1.828366868436372 ], [ -75.048575719493726, 1.830520069345885 ], [ -75.047864739765757, 1.834826859671985 ], [ -75.047508670288764, 1.835903654829977 ], [ -75.047154343697855, 1.84021025270119 ], [ -75.046441622882398, 1.841287243011999 ], [ -75.046443756973645, 1.845234779361778 ], [ -75.045731618918879, 1.847388372375662 ], [ -75.045738638127503, 1.860307584127902 ], [ -75.046453320364265, 1.862819258402228 ], [ -75.046810956460305, 1.86461339509226 ], [ -75.046811938520023, 1.866407729633186 ], [ -75.048241322778651, 1.871431070987315 ], [ -75.047885257798256, 1.872507869742562 ], [ -75.047885849552188, 1.873584469747647 ], [ -75.047530180273441, 1.875379002139439 ], [ -75.047533148935543, 1.880762002164835 ], [ -75.047177083955091, 1.881838801819412 ], [ -75.047177679306287, 1.882915402723841 ], [ -75.046109485264367, 1.886145802586892 ], [ -75.046110080615563, 1.88722240259201 ], [ -75.045754015635168, 1.888299203145909 ], [ -75.045041488173979, 1.889735069717859 ], [ -75.04468542319357, 1.890811871171099 ], [ -75.043972497332732, 1.891530004106611 ], [ -75.043616431453032, 1.892606805559822 ], [ -75.042903703442988, 1.893683806662544 ], [ -75.042190776682816, 1.894401940497356 ], [ -75.041478245624361, 1.895837808867974 ], [ -75.039695922428734, 1.897633144354307 ], [ -75.03933985475031, 1.898709945807548 ], [ -75.038626923493538, 1.89942808054167 ], [ -75.037914388837805, 1.900863949811588 ], [ -75.037558320260132, 1.901940752164136 ], [ -75.032926032010607, 1.90983843919275 ], [ -75.03256995983557, 1.910915243343993 ], [ -75.031857023182909, 1.911633378977418 ], [ -75.030787813806398, 1.913069449695527 ], [ -75.030431740732084, 1.914146254746054 ], [ -75.028292920881412, 1.916300660747101 ], [ -75.027223311306614, 1.917018995130663 ], [ -75.025084286410561, 1.918814532065151 ], [ -75.02401487108925, 1.919891735515398 ], [ -75.023302124193549, 1.92096874021536 ], [ -75.022232114420376, 1.920969335566575 ], [ -75.015814403012143, 1.925279331975772 ], [ -75.015101451970281, 1.925997466709908 ], [ -75.013675941091662, 1.928151476109938 ], [ -75.011893557641415, 1.929946812495591 ], [ -75.010469020728536, 1.933895174422917 ], [ -75.00654853778461, 1.939280400270438 ], [ -75.003697869460936, 1.944306167096118 ], [ -75.001915462628332, 1.946101506179731 ], [ -75.001559371567566, 1.947178316626181 ], [ -74.997994738666051, 1.951127866557946 ], [ -74.997281966589327, 1.952204873955919 ], [ -74.996569388766119, 1.953640753118416 ], [ -74.995499934774045, 1.954717956568663 ], [ -74.993361413498278, 1.957590108796652 ], [ -74.990152646827028, 1.960103974718844 ], [ -74.989439672402796, 1.960822111251622 ], [ -74.988369821809641, 1.96118156937414 ], [ -74.985874210326372, 1.963336170528002 ], [ -74.98480571231363, 1.966207737297401 ], [ -74.984806875137039, 1.9683609741798 ], [ -74.985164141611676, 1.96943739701839 ], [ -74.985878092699679, 1.970513624704162 ], [ -74.987305607267771, 1.971948331150737 ], [ -74.988375854461893, 1.972306615657942 ], [ -74.991586010585721, 1.972304844892871 ], [ -74.992655669623261, 1.971586509609887 ], [ -74.997646873704113, 1.96727728302034 ], [ -74.999073404413934, 1.966917618953118 ], [ -75.001212312398138, 1.964763202160214 ], [ -75.002638444708282, 1.963685794563955 ], [ -75.003351411038636, 1.962967655333222 ], [ -75.007273509164975, 1.960453372125596 ], [ -75.007986471897993, 1.959735231995543 ], [ -75.00905631169924, 1.959375763980477 ], [ -75.009769273532982, 1.958657623850438 ], [ -75.010839112434951, 1.958298154936065 ], [ -75.012621710823169, 1.956861674127161 ], [ -75.015117064200979, 1.954348184121579 ], [ -75.015758367154774, 1.953055892515578 ], [ -75.025528558695896, 1.948133874179128 ], [ -75.032183396146635, 1.942627449397454 ], [ -75.037885446855739, 1.934250621569105 ], [ -75.044063414294939, 1.926591264775193 ], [ -75.044790674449885, 1.925980776192057 ], [ -75.046131747981619, 1.925980009969655 ], [ -75.047201956504907, 1.926338263899927 ], [ -75.047202362099185, 1.92705599753641 ], [ -75.046134183345714, 1.930286409090697 ], [ -75.046134995433533, 1.931721875464387 ], [ -75.047564323934239, 1.936386320772293 ], [ -75.048278481866291, 1.937821376155757 ], [ -75.049707828353448, 1.942485813369727 ], [ -75.049708443489749, 1.943562412475526 ], [ -75.050065731548102, 1.944638803837903 ], [ -75.050066348483014, 1.945715402044368 ], [ -75.050423843385488, 1.94715065977527 ], [ -75.050428173621185, 1.954686848119704 ], [ -75.050558644565612, 1.956121625612689 ], [ -75.046735763244726, 1.957761765093579 ], [ -75.03955650412918, 1.959726334103185 ], [ -75.031530380422552, 1.9639720919387 ], [ -75.027669905641446, 1.965814590571078 ], [ -75.024312972965163, 1.968454360680382 ], [ -75.023923874087359, 1.96914100565306 ], [ -75.023580551601, 1.970838547061483 ], [ -75.021299361875876, 1.974073410259842 ], [ -75.020399093743023, 1.975008010911159 ], [ -75.016851425652646, 1.977422713987221 ], [ -75.014928818110306, 1.978181838920904 ], [ -75.013669967794584, 1.979166030887749 ], [ -75.012350082290311, 1.980909346889027 ], [ -75.011983872057897, 1.981966018816891 ], [ -75.011869430629574, 1.985200882015268 ], [ -75.010366438660071, 1.990282058770164 ], [ -75.008771895706275, 1.996427536401829 ], [ -75.008407592935896, 1.997365951977268 ], [ -75.007400512323613, 1.999177933015355 ], [ -75.007240295403165, 1.999780655053398 ], [ -75.007194519910996, 2.000337599800546 ], [ -75.007354735932154, 2.000970841231492 ], [ -75.008573532242551, 2.003332138067889 ], [ -75.009010314973906, 2.003858566120089 ], [ -75.008911133242066, 2.00411033582349 ], [ -75.0091476441483, 2.005033492601755 ], [ -75.008962631120355, 2.005949020431128 ], [ -75.008392334138762, 2.006853104387407 ], [ -75.006248473588016, 2.009531021039967 ], [ -75.002365112859536, 2.011568070010596 ], [ -75.000053406439406, 2.013010024992803 ], [ -74.999359130719142, 2.013132095370053 ], [ -74.997871399345414, 2.013830185115143 ], [ -74.996482848804249, 2.013830185115154 ], [ -74.99424743636996, 2.012880324767306 ], [ -74.988548278779845, 2.01000404285248 ], [ -74.985908508670605, 2.008981704342332 ], [ -74.984708786081441, 2.007783890114607 ], [ -74.982681274421097, 2.005384445835656 ], [ -74.981679916195034, 2.005037306626547 ], [ -74.98066520573451, 2.00499153203371 ], [ -74.979103087837061, 2.005384445835683 ], [ -74.9739894860258, 2.007734298798994 ], [ -74.972105026825346, 2.008234024181052 ], [ -74.969671249128666, 2.008535385200089 ], [ -74.967834472882487, 2.008584975616336 ], [ -74.966093064343241, 2.009134292313894 ], [ -74.964704512902784, 2.009084701897615 ], [ -74.960432053296472, 2.007982253578298 ], [ -74.958402634174078, 2.007036209053982 ], [ -74.956609725957932, 2.006635666303151 ], [ -74.95512199368487, 2.006635666303111 ], [ -74.953184127345423, 2.007383347363799 ], [ -74.951650619580235, 2.008382797228494 ], [ -74.948598861947744, 2.009107589643688 ], [ -74.947530746146867, 2.009134292313885 ], [ -74.945493698075538, 2.009832382058988 ], [ -74.94216728209426, 2.011430740836234 ], [ -74.940572739140464, 2.012411116979671 ], [ -74.939626692817413, 2.013513565299009 ], [ -74.93809318505231, 2.015710830290761 ], [ -74.9339733116189, 2.019060134917475 ], [ -74.932775498290468, 2.019807815978092 ], [ -74.931783675575986, 2.020009994365929 ], [ -74.929555892989924, 2.020009994365949 ], [ -74.927717209281639, 2.020158768312679 ], [ -74.92696952822098, 2.020509719747942 ], [ -74.925825119333638, 2.021657943559442 ], [ -74.924039840965733, 2.025754928347447 ], [ -74.923319682756983, 2.026659815398327 ], [ -74.922901120290277, 2.026375579269712 ], [ -74.922859851300913, 2.024960507721407 ], [ -74.923630354457103, 2.023863305147612 ], [ -74.923781721149311, 2.023101048774566 ], [ -74.923720644591924, 2.021689373066291 ], [ -74.923946902327515, 2.021154506675312 ], [ -74.92449162348943, 2.020522435262393 ], [ -74.924641589037947, 2.020071481014231 ] ] ] ] } },
{ "type": "Feature", "properties": { "Id": 0, "UGOT": null, "Aptitud": "Microcuencas abastecedoras de acueductos", "area_ha": 3258.6837813699999, "CRS_ORIGINAL": "EPSG:4326", "FUENTE_PBOT": "PBOT 2015 — Cartografía de formulación", "CAPA_SIGOber": "PBOT2015_ZONIFICACION_USO_SUELO_RURAL" }, "geometry": { "type": "MultiPolygon", "coordinates": [ [ [ [ -74.990659815099846, 1.615589171814426 ], [ -74.993892864081957, 1.61501350981616 ], [ -74.992372722747419, 1.618172285645369 ], [ -74.991993191096313, 1.620086449978466 ], [ -74.989331231879632, 1.621810251301331 ], [ -74.988190103149918, 1.621906467957444 ], [ -74.987333839630054, 1.621045557892193 ], [ -74.989044185412737, 1.617886694304426 ], [ -74.990659815099846, 1.615589171814426 ] ] ], [ [ [ -75.201153401382186, 1.794854337958726 ], [ -75.206205300506369, 1.794402647004111 ], [ -75.208435116439546, 1.795896463772954 ], [ -75.209774297212235, 1.7988860328807 ], [ -75.209775496355476, 1.800829794210686 ], [ -75.208885596236314, 1.803521713799022 ], [ -75.205914640396003, 1.80501877296796 ], [ -75.201457182338956, 1.805619632541034 ], [ -75.19729608023421, 1.804874612107344 ], [ -75.197293339257641, 1.800388989841403 ], [ -75.19922314441952, 1.797247861503002 ], [ -75.201153401382186, 1.794854337958726 ] ] ], [ [ [ -75.237004828115545, 1.840850591188302 ], [ -75.239286648378808, 1.839916101198372 ], [ -75.241355232174527, 1.840130051271424 ], [ -75.243353142141672, 1.841348808259629 ], [ -75.244353008723436, 1.843357675679555 ], [ -75.244211619587531, 1.845295525757889 ], [ -75.242358129874034, 1.846803893045574 ], [ -75.238720973404412, 1.847523976594957 ], [ -75.236295748615944, 1.847310262723857 ], [ -75.23501169344533, 1.847024028706734 ], [ -75.234653949092063, 1.845301806717284 ], [ -75.235436401643341, 1.841999920567732 ], [ -75.237004828115545, 1.840850591188302 ] ] ], [ [ [ -75.175250193054595, 1.958488877189538 ], [ -75.176747606295891, 1.957626645573432 ], [ -75.178887989047624, 1.95827116542404 ], [ -75.18052928265476, 1.959274863498955 ], [ -75.18145848021544, 1.96214505760197 ], [ -75.180603717727266, 1.964011651655418 ], [ -75.179534345447991, 1.964945375073566 ], [ -75.177466036674502, 1.965449138736385 ], [ -75.176253479892097, 1.965593482408674 ], [ -75.175182790547538, 1.964517634830592 ], [ -75.174753017678469, 1.961790643420997 ], [ -75.175250193054595, 1.958488877189538 ] ] ], [ [ [ -75.228966348904919, 1.96782939824391 ], [ -75.226532003201839, 1.967608094089088 ], [ -75.224540265808386, 1.967718746166502 ], [ -75.223433745034299, 1.966390921237556 ], [ -75.22387635334394, 1.964399183844127 ], [ -75.225093526195465, 1.961522229831397 ], [ -75.226089394892199, 1.959973100747624 ], [ -75.22697461151148, 1.957981363354188 ], [ -75.227085263588904, 1.956542886347844 ], [ -75.22808113228561, 1.954772453109229 ], [ -75.228413088517854, 1.953444628180281 ], [ -75.228523740595264, 1.951674194941679 ], [ -75.22830243644043, 1.950678326244948 ], [ -75.224462028485675, 1.948782508321937 ], [ -75.223128448820262, 1.947600171836564 ], [ -75.221723131169384, 1.94658650266518 ], [ -75.220698225646316, 1.946060199828991 ], [ -75.219440759007014, 1.943185230482765 ], [ -75.218842315645048, 1.942431480274294 ], [ -75.218593014301575, 1.941905177438118 ], [ -75.218185218830556, 1.941450650721359 ], [ -75.217148190725993, 1.941155756178275 ], [ -75.218358547280431, 1.935532944958144 ], [ -75.217610341501427, 1.927758435232706 ], [ -75.215970841101296, 1.920433076681158 ], [ -75.216649527161053, 1.910542796417264 ], [ -75.217621076191861, 1.910607326594065 ], [ -75.21917486213195, 1.909628744574859 ], [ -75.220210283597211, 1.908324675676471 ], [ -75.221310762006397, 1.907476748644869 ], [ -75.222670449746914, 1.906824144330057 ], [ -75.227398009918375, 1.906169303887486 ], [ -75.229145683957711, 1.904604069211913 ], [ -75.230247700720668, 1.903914235349934 ], [ -75.231344404695022, 1.903527163358976 ], [ -75.232247572673899, 1.903656187355973 ], [ -75.233989396633163, 1.90436581933937 ], [ -75.23502158860903, 1.905139963321288 ], [ -75.235860244589404, 1.906172155297134 ], [ -75.236531247917981, 1.907792380427008 ], [ -75.236856696900773, 1.910203391240407 ], [ -75.237505491160945, 1.911897345911301 ], [ -75.238763284521511, 1.914300667107065 ], [ -75.240376084483813, 1.915461883079881 ], [ -75.241859860449111, 1.915784443072366 ], [ -75.24295656442348, 1.916429563057285 ], [ -75.243601684408375, 1.917332731036148 ], [ -75.245537044363132, 1.919461626986381 ], [ -75.247278868322397, 1.920945402951665 ], [ -75.251432475738056, 1.922709877957324 ], [ -75.254762260147388, 1.922429178916959 ], [ -75.25592347612023, 1.922558202913976 ], [ -75.256955668096097, 1.922880762906402 ], [ -75.258374932062921, 1.923848442883793 ], [ -75.259846142733878, 1.924191185396684 ], [ -75.262439187967871, 1.924300026873232 ], [ -75.264181011927121, 1.924171002876242 ], [ -75.265600275893917, 1.923848442883787 ], [ -75.267406611851712, 1.923719418886797 ], [ -75.268890387817009, 1.923783930885292 ], [ -75.269858067794388, 1.923977466880751 ], [ -75.270309651783819, 1.924429050870231 ], [ -75.270632211776288, 1.925009658856597 ], [ -75.270567699777772, 1.92565477884153 ], [ -75.270180627786843, 1.926751482815905 ], [ -75.269083923812474, 1.92875135476913 ], [ -75.267793683842655, 1.928944890764616 ], [ -75.267019539860755, 1.929912570741975 ], [ -75.266567955871324, 1.931009274716357 ], [ -75.265858323887912, 1.933460730658974 ], [ -75.265342227899978, 1.934363898637892 ], [ -75.264761619913557, 1.936105722597168 ], [ -75.264810326472428, 1.939954508427122 ], [ -75.264577438157872, 1.940457056895384 ], [ -75.26446712264044, 1.941118949999941 ], [ -75.26468775367529, 1.941707299426149 ], [ -75.266036054443731, 1.942834969159792 ], [ -75.265858323887912, 1.944234234407057 ], [ -75.266890515863778, 1.946879226345204 ], [ -75.267148563857745, 1.948492026307506 ], [ -75.267084051859271, 1.949459706284866 ], [ -75.266761491866774, 1.950878970251668 ], [ -75.266696979868286, 1.952233722219999 ], [ -75.265406739898481, 1.954878714158162 ], [ -75.263971018789192, 1.956615271831827 ], [ -75.261987603978426, 1.957781754090272 ], [ -75.2604506165858, 1.958133059224902 ], [ -75.258900353764915, 1.958098608939978 ], [ -75.255868728692946, 1.957065100392724 ], [ -75.252258087270562, 1.956713889171736 ], [ -75.250976788235917, 1.956927299253093 ], [ -75.248806420286655, 1.957754106090921 ], [ -75.246808303761966, 1.958064158655091 ], [ -75.244362333533431, 1.959028766632546 ], [ -75.243707778120168, 1.959545520906173 ], [ -75.243191023846535, 1.960785731162894 ], [ -75.242812070712546, 1.962646046547927 ], [ -75.242502018148386, 1.963438403100851 ], [ -75.241589305026864, 1.964909671637876 ], [ -75.240667705048423, 1.965567957336777 ], [ -75.239714435037868, 1.967518444273197 ], [ -75.239087819371065, 1.968332757272107 ], [ -75.237818515097928, 1.96882526694066 ], [ -75.235937429781927, 1.96871461486323 ], [ -75.234830909007755, 1.968382658630993 ], [ -75.231732650840229, 1.968272006553544 ], [ -75.228966348904919, 1.96782939824391 ] ] ], [ [ [ -75.05916444767989, 2.002694337631586 ], [ -75.060590325403638, 2.001258018372388 ], [ -75.064015766689224, 2.003409136705248 ], [ -75.063876275047747, 2.008720416163042 ], [ -75.061452541160463, 2.011592804151114 ], [ -75.05945570554168, 2.01259883603709 ], [ -75.055461339516313, 2.013462527151757 ], [ -75.05374890438074, 2.012889374616412 ], [ -75.052890215608016, 2.008439956934625 ], [ -75.055742075192697, 2.005710865349946 ], [ -75.05916444767989, 2.002694337631586 ] ] ], [ [ [ -75.027071837950146, 2.018360019321079 ], [ -75.029211435508856, 2.017425704060338 ], [ -75.032136373401343, 2.01756752761902 ], [ -75.034490732506598, 2.017925003930445 ], [ -75.03727454982598, 2.020722519154752 ], [ -75.037775645096687, 2.023664932679185 ], [ -75.037134658117878, 2.025459650772299 ], [ -75.035565851683572, 2.026537186816303 ], [ -75.032356303956192, 2.027687470137301 ], [ -75.030644729882127, 2.028621541441092 ], [ -75.027933744047616, 2.028407824517354 ], [ -75.025365099652149, 2.02761982920347 ], [ -75.025506858081215, 2.026040724261583 ], [ -75.025363972679344, 2.025681939824303 ], [ -75.02422180862807, 2.024390684301685 ], [ -75.024148639565112, 2.021232682981227 ], [ -75.025360473447336, 2.019652950343579 ], [ -75.027071837950146, 2.018360019321079 ] ] ], [ [ [ -74.960506040073412, 2.058304643640716 ], [ -74.9605046192668, 2.055720745063129 ], [ -74.961531518938585, 2.054973713913911 ], [ -74.963357878398213, 2.055030116120117 ], [ -74.96478491831634, 2.05543125886454 ], [ -74.965584634656622, 2.056694049711758 ], [ -74.9670684942257, 2.05663579862671 ], [ -74.967639603432431, 2.057324516851089 ], [ -74.967470296425844, 2.060769804415216 ], [ -74.967128432951966, 2.061803554340067 ], [ -74.965245471817539, 2.062608490272797 ], [ -74.963590259939863, 2.062437158321298 ], [ -74.962163117746059, 2.061863757302052 ], [ -74.961363589001053, 2.060945484472962 ], [ -74.961134695787479, 2.059854632718273 ], [ -74.960506040073412, 2.058304643640716 ] ] ] ] } },
{ "type": "Feature", "properties": { "Id": 0, "UGOT": null, "Aptitud": "Aprovisionamiento  de servicios públicos", "area_ha": 0.0, "CRS_ORIGINAL": "EPSG:4326", "FUENTE_PBOT": "PBOT 2015 — Cartografía de formulación", "CAPA_SIGOber": "PBOT2015_ZONIFICACION_USO_SUELO_RURAL" }, "geometry": { "type": "Polygon", "coordinates": [ [ [ -75.212408576646254, 1.868621652882532 ], [ -75.212239092150355, 1.86926269394394 ], [ -75.210441129876344, 1.872744435680888 ], [ -75.209722745383175, 1.873495365368971 ], [ -75.207919345943822, 1.874363018820395 ], [ -75.205698980935381, 1.873008192726371 ], [ -75.20600330562543, 1.871136354444155 ], [ -75.205757744833875, 1.869962607301639 ], [ -75.206278428562172, 1.869285401532127 ], [ -75.206504869411646, 1.868559133063106 ], [ -75.208038755876032, 1.867791117281399 ], [ -75.208400042578916, 1.867255899695725 ], [ -75.208343433643947, 1.86657154666733 ], [ -75.208785820560067, 1.86629722633954 ], [ -75.209781548867696, 1.867084736441474 ], [ -75.212408576646254, 1.868621652882532 ] ] ] } }
]
}
