{
"type": "FeatureCollection",
"name": "PBOT2015_MANZANAS_INSPECCIONES",
"crs": { "type": "name", "properties": { "name": "urn:ogc:def:crs:OGC:1.3:CRS84" } },
"features": [
{ "type": "Feature", "properties": { "OBJECTID": 936, "codigo": "1859203030008", "sector_cat": "185920303", "tipo_avalu": "03", "Reporte": null, "Shape_Leng": 319.50269826499999, "Shape_Area": 6404.8087604100001, "CRS_ORIGINAL": "PROJCS[\"PCS_CAQUETA_PUERTO RICO\",GEOGCS[\"GCS_CAQUETA_PUERTO RICO\",DATUM[\"GCS_CAQUETA_PUERTO RICO\",SPHEROID[\"GRS_1980_CAQUETA:PUERTO RICO\",6378395,298.257222101]],PRIMEM[\"Greenwich\",0],UNIT[\"Degree\",0.0174532925199433]],PROJECTION[\"Transverse_Mercator\"],PARAMETER[\"latitude_of_origin\",1.91083333333333],PARAMETER[\"central_meridian\",-75.1577777777778],PARAMETER[\"scale_factor\",1],PARAMETER[\"false_easting\",879804.179],PARAMETER[\"false_northing\",703095.119],UNIT[\"metre\",1,AUTHORITY[\"EPSG\",\"9001\"]],AXIS[\"Easting\",EAST],AXIS[\"Northing\",NORTH]]", "FUENTE_PBOT": "PBOT 2015 — Cartografía de formulación", "CAPA_SIGOber": "PBOT2015_MANZANAS_INSPECCIONES" }, "geometry": { "type": "Polygon", "coordinates": [ [ [ -75.034571067464356, 1.942099680769404 ], [ -75.035225235470818, 1.942372747922498 ], [ -75.034940782682312, 1.943046500470277 ], [ -75.03428662612427, 1.94276411787928 ], [ -75.034571067464356, 1.942099680769404 ] ] ] } },
{ "type": "Feature", "properties": { "OBJECTID": 937, "codigo": "1859203030009", "sector_cat": "185920303", "tipo_avalu": "03", "Reporte": null, "Shape_Leng": 317.10944402199999, "Shape_Area": 6287.3250624800003, "CRS_ORIGINAL": "PROJCS[\"PCS_CAQUETA_PUERTO RICO\",GEOGCS[\"GCS_CAQUETA_PUERTO RICO\",DATUM[\"GCS_CAQUETA_PUERTO RICO\",SPHEROID[\"GRS_1980_CAQUETA:PUERTO RICO\",6378395,298.257222101]],PRIMEM[\"Greenwich\",0],UNIT[\"Degree\",0.0174532925199433]],PROJECTION[\"Transverse_Mercator\"],PARAMETER[\"latitude_of_origin\",1.91083333333333],PARAMETER[\"central_meridian\",-75.1577777777778],PARAMETER[\"scale_factor\",1],PARAMETER[\"false_easting\",879804.179],PARAMETER[\"false_northing\",703095.119],UNIT[\"metre\",1,AUTHORITY[\"EPSG\",\"9001\"]],AXIS[\"Easting\",EAST],AXIS[\"Northing\",NORTH]]", "FUENTE_PBOT": "PBOT 2015 — Cartografía de formulación", "CAPA_SIGOber": "PBOT2015_MANZANAS_INSPECCIONES" }, "geometry": { "type": "Polygon", "coordinates": [ [ [ -75.03486833596601, 1.94134396524303 ], [ -75.035550993809053, 1.941560265383111 ], [ -75.03527084595639, 1.942219277304866 ], [ -75.034620559522665, 1.941933978618607 ], [ -75.03486833596601, 1.94134396524303 ] ] ] } },
{ "type": "Feature", "properties": { "OBJECTID": 938, "codigo": "1859203030007", "sector_cat": "185920303", "tipo_avalu": "03", "Reporte": null, "Shape_Leng": 323.48957562700002, "Shape_Area": 6542.1771268299999, "CRS_ORIGINAL": "PROJCS[\"PCS_CAQUETA_PUERTO RICO\",GEOGCS[\"GCS_CAQUETA_PUERTO RICO\",DATUM[\"GCS_CAQUETA_PUERTO RICO\",SPHEROID[\"GRS_1980_CAQUETA:PUERTO RICO\",6378395,298.257222101]],PRIMEM[\"Greenwich\",0],UNIT[\"Degree\",0.0174532925199433]],PROJECTION[\"Transverse_Mercator\"],PARAMETER[\"latitude_of_origin\",1.91083333333333],PARAMETER[\"central_meridian\",-75.1577777777778],PARAMETER[\"scale_factor\",1],PARAMETER[\"false_easting\",879804.179],PARAMETER[\"false_northing\",703095.119],UNIT[\"metre\",1,AUTHORITY[\"EPSG\",\"9001\"]],AXIS[\"Easting\",EAST],AXIS[\"Northing\",NORTH]]", "FUENTE_PBOT": "PBOT 2015 — Cartografía de formulación", "CAPA_SIGOber": "PBOT2015_MANZANAS_INSPECCIONES" }, "geometry": { "type": "Polygon", "coordinates": [ [ [ -75.035735591616742, 1.943344810614462 ], [ -75.035068984798784, 1.943059273519724 ], [ -75.03534325956231, 1.942385983601925 ], [ -75.036018525180822, 1.942670665716571 ], [ -75.035735591616742, 1.943344810614462 ] ] ] } },
{ "type": "Feature", "properties": { "OBJECTID": 939, "codigo": "1859203030010", "sector_cat": "185920303", "tipo_avalu": "03", "Reporte": null, "Shape_Leng": 317.32319530500001, "Shape_Area": 6325.2178612799999, "CRS_ORIGINAL": "PROJCS[\"PCS_CAQUETA_PUERTO RICO\",GEOGCS[\"GCS_CAQUETA_PUERTO RICO\",DATUM[\"GCS_CAQUETA_PUERTO RICO\",SPHEROID[\"GRS_1980_CAQUETA:PUERTO RICO\",6378395,298.257222101]],PRIMEM[\"Greenwich\",0],UNIT[\"Degree\",0.0174532925199433]],PROJECTION[\"Transverse_Mercator\"],PARAMETER[\"latitude_of_origin\",1.91083333333333],PARAMETER[\"central_meridian\",-75.1577777777778],PARAMETER[\"scale_factor\",1],PARAMETER[\"false_easting\",879804.179],PARAMETER[\"false_northing\",703095.119],UNIT[\"metre\",1,AUTHORITY[\"EPSG\",\"9001\"]],AXIS[\"Easting\",EAST],AXIS[\"Northing\",NORTH]]", "FUENTE_PBOT": "PBOT 2015 — Cartografía de formulación", "CAPA_SIGOber": "PBOT2015_MANZANAS_INSPECCIONES" }, "geometry": { "type": "Polygon", "coordinates": [ [ [ -75.035197419400916, 1.940482544609781 ], [ -75.035883683607395, 1.940694587092108 ], [ -75.035616351301016, 1.941346807134553 ], [ -75.034954346741856, 1.941087392697461 ], [ -75.035197419400916, 1.940482544609781 ] ] ] } },
{ "type": "Feature", "properties": { "OBJECTID": 940, "codigo": "1859203030011", "sector_cat": "185920303", "tipo_avalu": "03", "Reporte": null, "Shape_Leng": 317.98254021700001, "Shape_Area": 6315.8246688899999, "CRS_ORIGINAL": "PROJCS[\"PCS_CAQUETA_PUERTO RICO\",GEOGCS[\"GCS_CAQUETA_PUERTO RICO\",DATUM[\"GCS_CAQUETA_PUERTO RICO\",SPHEROID[\"GRS_1980_CAQUETA:PUERTO RICO\",6378395,298.257222101]],PRIMEM[\"Greenwich\",0],UNIT[\"Degree\",0.0174532925199433]],PROJECTION[\"Transverse_Mercator\"],PARAMETER[\"latitude_of_origin\",1.91083333333333],PARAMETER[\"central_meridian\",-75.1577777777778],PARAMETER[\"scale_factor\",1],PARAMETER[\"false_easting\",879804.179],PARAMETER[\"false_northing\",703095.119],UNIT[\"metre\",1,AUTHORITY[\"EPSG\",\"9001\"]],AXIS[\"Easting\",EAST],AXIS[\"Northing\",NORTH]]", "FUENTE_PBOT": "PBOT 2015 — Cartografía de formulación", "CAPA_SIGOber": "PBOT2015_MANZANAS_INSPECCIONES" }, "geometry": { "type": "Polygon", "coordinates": [ [ [ -75.035533543253777, 1.93966585208979 ], [ -75.036221614579333, 1.939864043980088 ], [ -75.035963274359872, 1.940537243022994 ], [ -75.035303143679968, 1.940273392151978 ], [ -75.035533543253777, 1.93966585208979 ] ] ] } },
{ "type": "Feature", "properties": { "OBJECTID": 941, "codigo": "1859203030012", "sector_cat": "185920303", "tipo_avalu": "03", "Reporte": null, "Shape_Leng": 287.85201711399998, "Shape_Area": 3189.8181557799999, "CRS_ORIGINAL": "PROJCS[\"PCS_CAQUETA_PUERTO RICO\",GEOGCS[\"GCS_CAQUETA_PUERTO RICO\",DATUM[\"GCS_CAQUETA_PUERTO RICO\",SPHEROID[\"GRS_1980_CAQUETA:PUERTO RICO\",6378395,298.257222101]],PRIMEM[\"Greenwich\",0],UNIT[\"Degree\",0.0174532925199433]],PROJECTION[\"Transverse_Mercator\"],PARAMETER[\"latitude_of_origin\",1.91083333333333],PARAMETER[\"central_meridian\",-75.1577777777778],PARAMETER[\"scale_factor\",1],PARAMETER[\"false_easting\",879804.179],PARAMETER[\"false_northing\",703095.119],UNIT[\"metre\",1,AUTHORITY[\"EPSG\",\"9001\"]],AXIS[\"Easting\",EAST],AXIS[\"Northing\",NORTH]]", "FUENTE_PBOT": "PBOT 2015 — Cartografía de formulación", "CAPA_SIGOber": "PBOT2015_MANZANAS_INSPECCIONES" }, "geometry": { "type": "Polygon", "coordinates": [ [ [ -75.034679827153425, 1.939421290572756 ], [ -75.034837229357265, 1.939411598740308 ], [ -75.034733055652666, 1.939663058872832 ], [ -75.035263560489341, 1.939888488853756 ], [ -75.03514725820726, 1.940172009996765 ], [ -75.034485255701071, 1.939891541144339 ], [ -75.034679827153425, 1.939421290572756 ] ] ] } },
{ "type": "Feature", "properties": { "OBJECTID": 942, "codigo": "1859203030013", "sector_cat": "185920303", "tipo_avalu": "03", "Reporte": null, "Shape_Leng": 318.01556177999998, "Shape_Area": 6320.0450812700001, "CRS_ORIGINAL": "PROJCS[\"PCS_CAQUETA_PUERTO RICO\",GEOGCS[\"GCS_CAQUETA_PUERTO RICO\",DATUM[\"GCS_CAQUETA_PUERTO RICO\",SPHEROID[\"GRS_1980_CAQUETA:PUERTO RICO\",6378395,298.257222101]],PRIMEM[\"Greenwich\",0],UNIT[\"Degree\",0.0174532925199433]],PROJECTION[\"Transverse_Mercator\"],PARAMETER[\"latitude_of_origin\",1.91083333333333],PARAMETER[\"central_meridian\",-75.1577777777778],PARAMETER[\"scale_factor\",1],PARAMETER[\"false_easting\",879804.179],PARAMETER[\"false_northing\",703095.119],UNIT[\"metre\",1,AUTHORITY[\"EPSG\",\"9001\"]],AXIS[\"Easting\",EAST],AXIS[\"Northing\",NORTH]]", "FUENTE_PBOT": "PBOT 2015 — Cartografía de formulación", "CAPA_SIGOber": "PBOT2015_MANZANAS_INSPECCIONES" }, "geometry": { "type": "Polygon", "coordinates": [ [ [ -75.034419587966994, 1.9400778078941 ], [ -75.035079928469429, 1.940341290289461 ], [ -75.034801895865158, 1.941009539237619 ], [ -75.034146549891375, 1.940724284736728 ], [ -75.034419587966994, 1.9400778078941 ] ] ] } },
{ "type": "Feature", "properties": { "OBJECTID": 943, "codigo": "1859203030014", "sector_cat": "185920303", "tipo_avalu": "03", "Reporte": null, "Shape_Leng": 315.05723437699999, "Shape_Area": 6343.5946056800003, "CRS_ORIGINAL": "PROJCS[\"PCS_CAQUETA_PUERTO RICO\",GEOGCS[\"GCS_CAQUETA_PUERTO RICO\",DATUM[\"GCS_CAQUETA_PUERTO RICO\",SPHEROID[\"GRS_1980_CAQUETA:PUERTO RICO\",6378395,298.257222101]],PRIMEM[\"Greenwich\",0],UNIT[\"Degree\",0.0174532925199433]],PROJECTION[\"Transverse_Mercator\"],PARAMETER[\"latitude_of_origin\",1.91083333333333],PARAMETER[\"central_meridian\",-75.1577777777778],PARAMETER[\"scale_factor\",1],PARAMETER[\"false_easting\",879804.179],PARAMETER[\"false_northing\",703095.119],UNIT[\"metre\",1,AUTHORITY[\"EPSG\",\"9001\"]],AXIS[\"Easting\",EAST],AXIS[\"Northing\",NORTH]]", "FUENTE_PBOT": "PBOT 2015 — Cartografía de formulación", "CAPA_SIGOber": "PBOT2015_MANZANAS_INSPECCIONES" }, "geometry": { "type": "Polygon", "coordinates": [ [ [ -75.034077886138519, 1.940920356697751 ], [ -75.0347313326766, 1.941172113040522 ], [ -75.034445927517709, 1.941839404278835 ], [ -75.03380889545673, 1.941555587158715 ], [ -75.034077886138519, 1.940920356697751 ] ] ] } },
{ "type": "Feature", "properties": { "OBJECTID": 944, "codigo": "1859203030015", "sector_cat": "185920303", "tipo_avalu": "03", "Reporte": null, "Shape_Leng": 315.08104071600002, "Shape_Area": 6279.4939180399997, "CRS_ORIGINAL": "PROJCS[\"PCS_CAQUETA_PUERTO RICO\",GEOGCS[\"GCS_CAQUETA_PUERTO RICO\",DATUM[\"GCS_CAQUETA_PUERTO RICO\",SPHEROID[\"GRS_1980_CAQUETA:PUERTO RICO\",6378395,298.257222101]],PRIMEM[\"Greenwich\",0],UNIT[\"Degree\",0.0174532925199433]],PROJECTION[\"Transverse_Mercator\"],PARAMETER[\"latitude_of_origin\",1.91083333333333],PARAMETER[\"central_meridian\",-75.1577777777778],PARAMETER[\"scale_factor\",1],PARAMETER[\"false_easting\",879804.179],PARAMETER[\"false_northing\",703095.119],UNIT[\"metre\",1,AUTHORITY[\"EPSG\",\"9001\"]],AXIS[\"Easting\",EAST],AXIS[\"Northing\",NORTH]]", "FUENTE_PBOT": "PBOT 2015 — Cartografía de formulación", "CAPA_SIGOber": "PBOT2015_MANZANAS_INSPECCIONES" }, "geometry": { "type": "Polygon", "coordinates": [ [ [ -75.033726819767253, 1.941754878757126 ], [ -75.034375199430514, 1.941997901321287 ], [ -75.034120706069857, 1.942676441351667 ], [ -75.033468450256919, 1.942414156323037 ], [ -75.033726819767253, 1.941754878757126 ] ] ] } },
{ "type": "Feature", "properties": { "OBJECTID": 945, "codigo": "1859203030016", "sector_cat": "185920303", "tipo_avalu": "03", "Reporte": null, "Shape_Leng": 238.08153843599999, "Shape_Area": 3134.5021268199998, "CRS_ORIGINAL": "PROJCS[\"PCS_CAQUETA_PUERTO RICO\",GEOGCS[\"GCS_CAQUETA_PUERTO RICO\",DATUM[\"GCS_CAQUETA_PUERTO RICO\",SPHEROID[\"GRS_1980_CAQUETA:PUERTO RICO\",6378395,298.257222101]],PRIMEM[\"Greenwich\",0],UNIT[\"Degree\",0.0174532925199433]],PROJECTION[\"Transverse_Mercator\"],PARAMETER[\"latitude_of_origin\",1.91083333333333],PARAMETER[\"central_meridian\",-75.1577777777778],PARAMETER[\"scale_factor\",1],PARAMETER[\"false_easting\",879804.179],PARAMETER[\"false_northing\",703095.119],UNIT[\"metre\",1,AUTHORITY[\"EPSG\",\"9001\"]],AXIS[\"Easting\",EAST],AXIS[\"Northing\",NORTH]]", "FUENTE_PBOT": "PBOT 2015 — Cartografía de formulación", "CAPA_SIGOber": "PBOT2015_MANZANAS_INSPECCIONES" }, "geometry": { "type": "Polygon", "coordinates": [ [ [ -75.033009159269142, 1.942246099408357 ], [ -75.033274353405247, 1.941576893338808 ], [ -75.033602026616194, 1.941702055886695 ], [ -75.033342304435919, 1.942374134784422 ], [ -75.033009159269142, 1.942246099408357 ] ] ] } },
{ "type": "Feature", "properties": { "OBJECTID": 946, "codigo": "1859203030017", "sector_cat": "185920303", "tipo_avalu": "03", "Reporte": null, "Shape_Leng": 210.54119987300001, "Shape_Area": 1726.3642048, "CRS_ORIGINAL": "PROJCS[\"PCS_CAQUETA_PUERTO RICO\",GEOGCS[\"GCS_CAQUETA_PUERTO RICO\",DATUM[\"GCS_CAQUETA_PUERTO RICO\",SPHEROID[\"GRS_1980_CAQUETA:PUERTO RICO\",6378395,298.257222101]],PRIMEM[\"Greenwich\",0],UNIT[\"Degree\",0.0174532925199433]],PROJECTION[\"Transverse_Mercator\"],PARAMETER[\"latitude_of_origin\",1.91083333333333],PARAMETER[\"central_meridian\",-75.1577777777778],PARAMETER[\"scale_factor\",1],PARAMETER[\"false_easting\",879804.179],PARAMETER[\"false_northing\",703095.119],UNIT[\"metre\",1,AUTHORITY[\"EPSG\",\"9001\"]],AXIS[\"Easting\",EAST],AXIS[\"Northing\",NORTH]]", "FUENTE_PBOT": "PBOT 2015 — Cartografía de formulación", "CAPA_SIGOber": "PBOT2015_MANZANAS_INSPECCIONES" }, "geometry": { "type": "Polygon", "coordinates": [ [ [ -75.033389881786462, 1.941402172787307 ], [ -75.033962772660402, 1.940875352436099 ], [ -75.033692823899685, 1.941528769116352 ], [ -75.033389881786462, 1.941402172787307 ] ] ] } },
{ "type": "Feature", "properties": { "OBJECTID": 947, "codigo": "1859203030018", "sector_cat": "185920303", "tipo_avalu": "03", "Reporte": null, "Shape_Leng": 134.748275, "Shape_Area": 1026.5005255799999, "CRS_ORIGINAL": "PROJCS[\"PCS_CAQUETA_PUERTO RICO\",GEOGCS[\"GCS_CAQUETA_PUERTO RICO\",DATUM[\"GCS_CAQUETA_PUERTO RICO\",SPHEROID[\"GRS_1980_CAQUETA:PUERTO RICO\",6378395,298.257222101]],PRIMEM[\"Greenwich\",0],UNIT[\"Degree\",0.0174532925199433]],PROJECTION[\"Transverse_Mercator\"],PARAMETER[\"latitude_of_origin\",1.91083333333333],PARAMETER[\"central_meridian\",-75.1577777777778],PARAMETER[\"scale_factor\",1],PARAMETER[\"false_easting\",879804.179],PARAMETER[\"false_northing\",703095.119],UNIT[\"metre\",1,AUTHORITY[\"EPSG\",\"9001\"]],AXIS[\"Easting\",EAST],AXIS[\"Northing\",NORTH]]", "FUENTE_PBOT": "PBOT 2015 — Cartografía de formulación", "CAPA_SIGOber": "PBOT2015_MANZANAS_INSPECCIONES" }, "geometry": { "type": "Polygon", "coordinates": [ [ [ -75.033877831552786, 1.940567808692492 ], [ -75.034050022349675, 1.940210119257668 ], [ -75.03423739933109, 1.940293874906363 ], [ -75.034073054589598, 1.940657068632877 ], [ -75.033877831552786, 1.940567808692492 ] ] ] } },
{ "type": "Feature", "properties": { "OBJECTID": 948, "codigo": "1859203030020", "sector_cat": "185920303", "tipo_avalu": "03", "Reporte": null, "Shape_Leng": 321.476897286, "Shape_Area": 6458.8517207599998, "CRS_ORIGINAL": "PROJCS[\"PCS_CAQUETA_PUERTO RICO\",GEOGCS[\"GCS_CAQUETA_PUERTO RICO\",DATUM[\"GCS_CAQUETA_PUERTO RICO\",SPHEROID[\"GRS_1980_CAQUETA:PUERTO RICO\",6378395,298.257222101]],PRIMEM[\"Greenwich\",0],UNIT[\"Degree\",0.0174532925199433]],PROJECTION[\"Transverse_Mercator\"],PARAMETER[\"latitude_of_origin\",1.91083333333333],PARAMETER[\"central_meridian\",-75.1577777777778],PARAMETER[\"scale_factor\",1],PARAMETER[\"false_easting\",879804.179],PARAMETER[\"false_northing\",703095.119],UNIT[\"metre\",1,AUTHORITY[\"EPSG\",\"9001\"]],AXIS[\"Easting\",EAST],AXIS[\"Northing\",NORTH]]", "FUENTE_PBOT": "PBOT 2015 — Cartografía de formulación", "CAPA_SIGOber": "PBOT2015_MANZANAS_INSPECCIONES" }, "geometry": { "type": "Polygon", "coordinates": [ [ [ -75.034967510987499, 1.943298675879811 ], [ -75.035670660260436, 1.943497558419539 ], [ -75.03540190037053, 1.944167005285204 ], [ -75.034725150149626, 1.943899215387471 ], [ -75.034967510987499, 1.943298675879811 ] ] ] } },
{ "type": "Feature", "properties": { "OBJECTID": 949, "codigo": "1859203030004", "sector_cat": "185920303", "tipo_avalu": "03", "Reporte": null, "Shape_Leng": 320.259226781, "Shape_Area": 6415.6609825799997, "CRS_ORIGINAL": "PROJCS[\"PCS_CAQUETA_PUERTO RICO\",GEOGCS[\"GCS_CAQUETA_PUERTO RICO\",DATUM[\"GCS_CAQUETA_PUERTO RICO\",SPHEROID[\"GRS_1980_CAQUETA:PUERTO RICO\",6378395,298.257222101]],PRIMEM[\"Greenwich\",0],UNIT[\"Degree\",0.0174532925199433]],PROJECTION[\"Transverse_Mercator\"],PARAMETER[\"latitude_of_origin\",1.91083333333333],PARAMETER[\"central_meridian\",-75.1577777777778],PARAMETER[\"scale_factor\",1],PARAMETER[\"false_easting\",879804.179],PARAMETER[\"false_northing\",703095.119],UNIT[\"metre\",1,AUTHORITY[\"EPSG\",\"9001\"]],AXIS[\"Easting\",EAST],AXIS[\"Northing\",NORTH]]", "FUENTE_PBOT": "PBOT 2015 — Cartografía de formulación", "CAPA_SIGOber": "PBOT2015_MANZANAS_INSPECCIONES" }, "geometry": { "type": "Polygon", "coordinates": [ [ [ -75.036708087791396, 1.939105887952529 ], [ -75.03740172219625, 1.939334676535591 ], [ -75.037137004868342, 1.940005799021455 ], [ -75.036469056413125, 1.939743394959964 ], [ -75.036708087791396, 1.939105887952529 ] ] ] } },
{ "type": "Feature", "properties": { "OBJECTID": 950, "codigo": "1859203030005", "sector_cat": "185920303", "tipo_avalu": "03", "Reporte": null, "Shape_Leng": 828.98054141499995, "Shape_Area": 32172.086030900002, "CRS_ORIGINAL": "PROJCS[\"PCS_CAQUETA_PUERTO RICO\",GEOGCS[\"GCS_CAQUETA_PUERTO RICO\",DATUM[\"GCS_CAQUETA_PUERTO RICO\",SPHEROID[\"GRS_1980_CAQUETA:PUERTO RICO\",6378395,298.257222101]],PRIMEM[\"Greenwich\",0],UNIT[\"Degree\",0.0174532925199433]],PROJECTION[\"Transverse_Mercator\"],PARAMETER[\"latitude_of_origin\",1.91083333333333],PARAMETER[\"central_meridian\",-75.1577777777778],PARAMETER[\"scale_factor\",1],PARAMETER[\"false_easting\",879804.179],PARAMETER[\"false_northing\",703095.119],UNIT[\"metre\",1,AUTHORITY[\"EPSG\",\"9001\"]],AXIS[\"Easting\",EAST],AXIS[\"Northing\",NORTH]]", "FUENTE_PBOT": "PBOT 2015 — Cartografía de formulación", "CAPA_SIGOber": "PBOT2015_MANZANAS_INSPECCIONES" }, "geometry": { "type": "Polygon", "coordinates": [ [ [ -75.035899010412663, 1.941436925530729 ], [ -75.036517686631754, 1.939953007136106 ], [ -75.037816271489476, 1.940196610505386 ], [ -75.036786154542881, 1.942587053514761 ], [ -75.036302149436892, 1.94235345785595 ], [ -75.036561402452776, 1.941713351395949 ], [ -75.035899010412663, 1.941436925530729 ] ] ] } },
{ "type": "Feature", "properties": { "OBJECTID": 951, "codigo": "1859204040026", "sector_cat": "185920404", "tipo_avalu": "04", "Reporte": null, "Shape_Leng": 206.14178684000001, "Shape_Area": 1648.49093655, "CRS_ORIGINAL": "PROJCS[\"PCS_CAQUETA_PUERTO RICO\",GEOGCS[\"GCS_CAQUETA_PUERTO RICO\",DATUM[\"GCS_CAQUETA_PUERTO RICO\",SPHEROID[\"GRS_1980_CAQUETA:PUERTO RICO\",6378395,298.257222101]],PRIMEM[\"Greenwich\",0],UNIT[\"Degree\",0.0174532925199433]],PROJECTION[\"Transverse_Mercator\"],PARAMETER[\"latitude_of_origin\",1.91083333333333],PARAMETER[\"central_meridian\",-75.1577777777778],PARAMETER[\"scale_factor\",1],PARAMETER[\"false_easting\",879804.179],PARAMETER[\"false_northing\",703095.119],UNIT[\"metre\",1,AUTHORITY[\"EPSG\",\"9001\"]],AXIS[\"Easting\",EAST],AXIS[\"Northing\",NORTH]]", "FUENTE_PBOT": "PBOT 2015 — Cartografía de formulación", "CAPA_SIGOber": "PBOT2015_MANZANAS_INSPECCIONES" }, "geometry": { "type": "Polygon", "coordinates": [ [ [ -74.995482673376799, 1.61272036353865 ], [ -74.995387639666589, 1.611976699497072 ], [ -74.995561032039816, 1.611949612441267 ], [ -74.995662692204746, 1.612697556314545 ], [ -74.995482673376799, 1.61272036353865 ] ] ] } },
{ "type": "Feature", "properties": { "OBJECTID": 952, "codigo": "1859204040011", "sector_cat": "185920404", "tipo_avalu": "04", "Reporte": null, "Shape_Leng": 335.28690918199999, "Shape_Area": 6968.1706682499998, "CRS_ORIGINAL": "PROJCS[\"PCS_CAQUETA_PUERTO RICO\",GEOGCS[\"GCS_CAQUETA_PUERTO RICO\",DATUM[\"GCS_CAQUETA_PUERTO RICO\",SPHEROID[\"GRS_1980_CAQUETA:PUERTO RICO\",6378395,298.257222101]],PRIMEM[\"Greenwich\",0],UNIT[\"Degree\",0.0174532925199433]],PROJECTION[\"Transverse_Mercator\"],PARAMETER[\"latitude_of_origin\",1.91083333333333],PARAMETER[\"central_meridian\",-75.1577777777778],PARAMETER[\"scale_factor\",1],PARAMETER[\"false_easting\",879804.179],PARAMETER[\"false_northing\",703095.119],UNIT[\"metre\",1,AUTHORITY[\"EPSG\",\"9001\"]],AXIS[\"Easting\",EAST],AXIS[\"Northing\",NORTH]]", "FUENTE_PBOT": "PBOT 2015 — Cartografía de formulación", "CAPA_SIGOber": "PBOT2015_MANZANAS_INSPECCIONES" }, "geometry": { "type": "Polygon", "coordinates": [ [ [ -74.995365244111113, 1.611790385498481 ], [ -74.995267960120984, 1.611114959393169 ], [ -74.996009793335148, 1.611005769350721 ], [ -74.996105188729956, 1.611756163397495 ], [ -74.995365244111113, 1.611790385498481 ] ] ] } },
{ "type": "Feature", "properties": { "OBJECTID": 953, "codigo": "1859204040017", "sector_cat": "185920404", "tipo_avalu": "04", "Reporte": null, "Shape_Leng": 337.13559640900002, "Shape_Area": 7042.7442551900003, "CRS_ORIGINAL": "PROJCS[\"PCS_CAQUETA_PUERTO RICO\",GEOGCS[\"GCS_CAQUETA_PUERTO RICO\",DATUM[\"GCS_CAQUETA_PUERTO RICO\",SPHEROID[\"GRS_1980_CAQUETA:PUERTO RICO\",6378395,298.257222101]],PRIMEM[\"Greenwich\",0],UNIT[\"Degree\",0.0174532925199433]],PROJECTION[\"Transverse_Mercator\"],PARAMETER[\"latitude_of_origin\",1.91083333333333],PARAMETER[\"central_meridian\",-75.1577777777778],PARAMETER[\"scale_factor\",1],PARAMETER[\"false_easting\",879804.179],PARAMETER[\"false_northing\",703095.119],UNIT[\"metre\",1,AUTHORITY[\"EPSG\",\"9001\"]],AXIS[\"Easting\",EAST],AXIS[\"Northing\",NORTH]]", "FUENTE_PBOT": "PBOT 2015 — Cartografía de formulación", "CAPA_SIGOber": "PBOT2015_MANZANAS_INSPECCIONES" }, "geometry": { "type": "Polygon", "coordinates": [ [ [ -74.996256549858018, 1.611734844650861 ], [ -74.996168499190844, 1.610976223207288 ], [ -74.996916803830914, 1.61091615452331 ], [ -74.9970056102527, 1.611671985340982 ], [ -74.996256549858018, 1.611734844650861 ] ] ] } },
{ "type": "Feature", "properties": { "OBJECTID": 954, "codigo": "1859204040016", "sector_cat": "185920404", "tipo_avalu": "04", "Reporte": null, "Shape_Leng": 326.87652721699999, "Shape_Area": 6959.6635010999998, "CRS_ORIGINAL": "PROJCS[\"PCS_CAQUETA_PUERTO RICO\",GEOGCS[\"GCS_CAQUETA_PUERTO RICO\",DATUM[\"GCS_CAQUETA_PUERTO RICO\",SPHEROID[\"GRS_1980_CAQUETA:PUERTO RICO\",6378395,298.257222101]],PRIMEM[\"Greenwich\",0],UNIT[\"Degree\",0.0174532925199433]],PROJECTION[\"Transverse_Mercator\"],PARAMETER[\"latitude_of_origin\",1.91083333333333],PARAMETER[\"central_meridian\",-75.1577777777778],PARAMETER[\"scale_factor\",1],PARAMETER[\"false_easting\",879804.179],PARAMETER[\"false_northing\",703095.119],UNIT[\"metre\",1,AUTHORITY[\"EPSG\",\"9001\"]],AXIS[\"Easting\",EAST],AXIS[\"Northing\",NORTH]]", "FUENTE_PBOT": "PBOT 2015 — Cartografía de formulación", "CAPA_SIGOber": "PBOT2015_MANZANAS_INSPECCIONES" }, "geometry": { "type": "Polygon", "coordinates": [ [ [ -74.996946066783735, 1.611790912991073 ], [ -74.997075331206148, 1.612428640363835 ], [ -74.99633913626576, 1.612616171191246 ], [ -74.996261717818385, 1.611857754822485 ], [ -74.996946066783735, 1.611790912991073 ] ] ] } },
{ "type": "Feature", "properties": { "OBJECTID": 955, "codigo": "1859204040015", "sector_cat": "185920404", "tipo_avalu": "04", "Reporte": null, "Shape_Leng": 326.72777080600002, "Shape_Area": 6666.7741363300001, "CRS_ORIGINAL": "PROJCS[\"PCS_CAQUETA_PUERTO RICO\",GEOGCS[\"GCS_CAQUETA_PUERTO RICO\",DATUM[\"GCS_CAQUETA_PUERTO RICO\",SPHEROID[\"GRS_1980_CAQUETA:PUERTO RICO\",6378395,298.257222101]],PRIMEM[\"Greenwich\",0],UNIT[\"Degree\",0.0174532925199433]],PROJECTION[\"Transverse_Mercator\"],PARAMETER[\"latitude_of_origin\",1.91083333333333],PARAMETER[\"central_meridian\",-75.1577777777778],PARAMETER[\"scale_factor\",1],PARAMETER[\"false_easting\",879804.179],PARAMETER[\"false_northing\",703095.119],UNIT[\"metre\",1,AUTHORITY[\"EPSG\",\"9001\"]],AXIS[\"Easting\",EAST],AXIS[\"Northing\",NORTH]]", "FUENTE_PBOT": "PBOT 2015 — Cartografía de formulación", "CAPA_SIGOber": "PBOT2015_MANZANAS_INSPECCIONES" }, "geometry": { "type": "Polygon", "coordinates": [ [ [ -74.996378725551949, 1.612761968690402 ], [ -74.997105360323204, 1.612696166779383 ], [ -74.997167278695471, 1.613438095586628 ], [ -74.996444770349726, 1.613504793644271 ], [ -74.996378725551949, 1.612761968690402 ] ] ] } },
{ "type": "Feature", "properties": { "OBJECTID": 956, "codigo": "1859204040014", "sector_cat": "185920404", "tipo_avalu": "04", "Reporte": null, "Shape_Leng": 335.75159769800001, "Shape_Area": 6978.1575183900004, "CRS_ORIGINAL": "PROJCS[\"PCS_CAQUETA_PUERTO RICO\",GEOGCS[\"GCS_CAQUETA_PUERTO RICO\",DATUM[\"GCS_CAQUETA_PUERTO RICO\",SPHEROID[\"GRS_1980_CAQUETA:PUERTO RICO\",6378395,298.257222101]],PRIMEM[\"Greenwich\",0],UNIT[\"Degree\",0.0174532925199433]],PROJECTION[\"Transverse_Mercator\"],PARAMETER[\"latitude_of_origin\",1.91083333333333],PARAMETER[\"central_meridian\",-75.1577777777778],PARAMETER[\"scale_factor\",1],PARAMETER[\"false_easting\",879804.179],PARAMETER[\"false_northing\",703095.119],UNIT[\"metre\",1,AUTHORITY[\"EPSG\",\"9001\"]],AXIS[\"Easting\",EAST],AXIS[\"Northing\",NORTH]]", "FUENTE_PBOT": "PBOT 2015 — Cartografía de formulación", "CAPA_SIGOber": "PBOT2015_MANZANAS_INSPECCIONES" }, "geometry": { "type": "Polygon", "coordinates": [ [ [ -74.995590424332789, 1.613559058582857 ], [ -74.995508706018839, 1.61282225033415 ], [ -74.996239529475631, 1.612764308905824 ], [ -74.996329512824204, 1.613518491680435 ], [ -74.995590424332789, 1.613559058582857 ] ] ] } },
{ "type": "Feature", "properties": { "OBJECTID": 957, "codigo": "1859204040006", "sector_cat": "185920404", "tipo_avalu": "04", "Reporte": null, "Shape_Leng": 331.45698186499999, "Shape_Area": 6949.9329721499998, "CRS_ORIGINAL": "PROJCS[\"PCS_CAQUETA_PUERTO RICO\",GEOGCS[\"GCS_CAQUETA_PUERTO RICO\",DATUM[\"GCS_CAQUETA_PUERTO RICO\",SPHEROID[\"GRS_1980_CAQUETA:PUERTO RICO\",6378395,298.257222101]],PRIMEM[\"Greenwich\",0],UNIT[\"Degree\",0.0174532925199433]],PROJECTION[\"Transverse_Mercator\"],PARAMETER[\"latitude_of_origin\",1.91083333333333],PARAMETER[\"central_meridian\",-75.1577777777778],PARAMETER[\"scale_factor\",1],PARAMETER[\"false_easting\",879804.179],PARAMETER[\"false_northing\",703095.119],UNIT[\"metre\",1,AUTHORITY[\"EPSG\",\"9001\"]],AXIS[\"Easting\",EAST],AXIS[\"Northing\",NORTH]]", "FUENTE_PBOT": "PBOT 2015 — Cartografía de formulación", "CAPA_SIGOber": "PBOT2015_MANZANAS_INSPECCIONES" }, "geometry": { "type": "Polygon", "coordinates": [ [ [ -74.995320949963244, 1.612842721602907 ], [ -74.995447499064397, 1.613589430545862 ], [ -74.99469904572365, 1.613665620604053 ], [ -74.994614049081932, 1.612933699091803 ], [ -74.995320949963244, 1.612842721602907 ] ] ] } },
{ "type": "Feature", "properties": { "OBJECTID": 958, "codigo": "1859204040007", "sector_cat": "185920404", "tipo_avalu": "04", "Reporte": null, "Shape_Leng": 331.65909249600003, "Shape_Area": 6862.4038232599996, "CRS_ORIGINAL": "PROJCS[\"PCS_CAQUETA_PUERTO RICO\",GEOGCS[\"GCS_CAQUETA_PUERTO RICO\",DATUM[\"GCS_CAQUETA_PUERTO RICO\",SPHEROID[\"GRS_1980_CAQUETA:PUERTO RICO\",6378395,298.257222101]],PRIMEM[\"Greenwich\",0],UNIT[\"Degree\",0.0174532925199433]],PROJECTION[\"Transverse_Mercator\"],PARAMETER[\"latitude_of_origin\",1.91083333333333],PARAMETER[\"central_meridian\",-75.1577777777778],PARAMETER[\"scale_factor\",1],PARAMETER[\"false_easting\",879804.179],PARAMETER[\"false_northing\",703095.119],UNIT[\"metre\",1,AUTHORITY[\"EPSG\",\"9001\"]],AXIS[\"Easting\",EAST],AXIS[\"Northing\",NORTH]]", "FUENTE_PBOT": "PBOT 2015 — Cartografía de formulación", "CAPA_SIGOber": "PBOT2015_MANZANAS_INSPECCIONES" }, "geometry": { "type": "Polygon", "coordinates": [ [ [ -74.994596313297009, 1.612756544598984 ], [ -74.994502032915307, 1.61205493346002 ], [ -74.995239123736212, 1.611967124965958 ], [ -74.995335644903818, 1.612682670364723 ], [ -74.994596313297009, 1.612756544598984 ] ] ] } },
{ "type": "Feature", "properties": { "OBJECTID": 959, "codigo": "1859204040008", "sector_cat": "185920404", "tipo_avalu": "04", "Reporte": null, "Shape_Leng": 337.71569719899998, "Shape_Area": 7069.4305095500004, "CRS_ORIGINAL": "PROJCS[\"PCS_CAQUETA_PUERTO RICO\",GEOGCS[\"GCS_CAQUETA_PUERTO RICO\",DATUM[\"GCS_CAQUETA_PUERTO RICO\",SPHEROID[\"GRS_1980_CAQUETA:PUERTO RICO\",6378395,298.257222101]],PRIMEM[\"Greenwich\",0],UNIT[\"Degree\",0.0174532925199433]],PROJECTION[\"Transverse_Mercator\"],PARAMETER[\"latitude_of_origin\",1.91083333333333],PARAMETER[\"central_meridian\",-75.1577777777778],PARAMETER[\"scale_factor\",1],PARAMETER[\"false_easting\",879804.179],PARAMETER[\"false_northing\",703095.119],UNIT[\"metre\",1,AUTHORITY[\"EPSG\",\"9001\"]],AXIS[\"Easting\",EAST],AXIS[\"Northing\",NORTH]]", "FUENTE_PBOT": "PBOT 2015 — Cartografía de formulación", "CAPA_SIGOber": "PBOT2015_MANZANAS_INSPECCIONES" }, "geometry": { "type": "Polygon", "coordinates": [ [ [ -74.994461566148459, 1.611916767740214 ], [ -74.994348256626282, 1.611170271237662 ], [ -74.995098970434853, 1.611059391616378 ], [ -74.995204641011, 1.611819743202299 ], [ -74.994461566148459, 1.611916767740214 ] ] ] } },
{ "type": "Feature", "properties": { "OBJECTID": 960, "codigo": "1859204040009", "sector_cat": "185920404", "tipo_avalu": "04", "Reporte": null, "Shape_Leng": 319.68532424900002, "Shape_Area": 4828.7376921799996, "CRS_ORIGINAL": "PROJCS[\"PCS_CAQUETA_PUERTO RICO\",GEOGCS[\"GCS_CAQUETA_PUERTO RICO\",DATUM[\"GCS_CAQUETA_PUERTO RICO\",SPHEROID[\"GRS_1980_CAQUETA:PUERTO RICO\",6378395,298.257222101]],PRIMEM[\"Greenwich\",0],UNIT[\"Degree\",0.0174532925199433]],PROJECTION[\"Transverse_Mercator\"],PARAMETER[\"latitude_of_origin\",1.91083333333333],PARAMETER[\"central_meridian\",-75.1577777777778],PARAMETER[\"scale_factor\",1],PARAMETER[\"false_easting\",879804.179],PARAMETER[\"false_northing\",703095.119],UNIT[\"metre\",1,AUTHORITY[\"EPSG\",\"9001\"]],AXIS[\"Easting\",EAST],AXIS[\"Northing\",NORTH]]", "FUENTE_PBOT": "PBOT 2015 — Cartografía de formulación", "CAPA_SIGOber": "PBOT2015_MANZANAS_INSPECCIONES" }, "geometry": { "type": "Polygon", "coordinates": [ [ [ -74.994336559844186, 1.610811332718528 ], [ -74.994163469460787, 1.610814856219012 ], [ -74.99414701939358, 1.610678407358048 ], [ -74.994359124790734, 1.610646458596437 ], [ -74.994342213715626, 1.610499662210037 ], [ -74.994999940197957, 1.610397656593997 ], [ -74.995072671102164, 1.610904263829336 ], [ -74.994322862321908, 1.611022268146606 ], [ -74.994336559844186, 1.610811332718528 ] ] ] } },
{ "type": "Feature", "properties": { "OBJECTID": 961, "codigo": "1859204040022", "sector_cat": "185920404", "tipo_avalu": "04", "Reporte": null, "Shape_Leng": 288.29556609000002, "Shape_Area": 3072.0129488900002, "CRS_ORIGINAL": "PROJCS[\"PCS_CAQUETA_PUERTO RICO\",GEOGCS[\"GCS_CAQUETA_PUERTO RICO\",DATUM[\"GCS_CAQUETA_PUERTO RICO\",SPHEROID[\"GRS_1980_CAQUETA:PUERTO RICO\",6378395,298.257222101]],PRIMEM[\"Greenwich\",0],UNIT[\"Degree\",0.0174532925199433]],PROJECTION[\"Transverse_Mercator\"],PARAMETER[\"latitude_of_origin\",1.91083333333333],PARAMETER[\"central_meridian\",-75.1577777777778],PARAMETER[\"scale_factor\",1],PARAMETER[\"false_easting\",879804.179],PARAMETER[\"false_northing\",703095.119],UNIT[\"metre\",1,AUTHORITY[\"EPSG\",\"9001\"]],AXIS[\"Easting\",EAST],AXIS[\"Northing\",NORTH]]", "FUENTE_PBOT": "PBOT 2015 — Cartografía de formulación", "CAPA_SIGOber": "PBOT2015_MANZANAS_INSPECCIONES" }, "geometry": { "type": "Polygon", "coordinates": [ [ [ -74.997620989069247, 1.613877207460788 ], [ -74.997314153471194, 1.613814571074728 ], [ -74.997291962469419, 1.613542348702756 ], [ -74.998171946575994, 1.613411586384896 ], [ -74.998180950289253, 1.613624390373769 ], [ -74.997620989069247, 1.613877207460788 ] ] ] } },
{ "type": "Feature", "properties": { "OBJECTID": 962, "codigo": "1859204040023", "sector_cat": "185920404", "tipo_avalu": "04", "Reporte": null, "Shape_Leng": 268.13180659400001, "Shape_Area": 3930.0114059799998, "CRS_ORIGINAL": "PROJCS[\"PCS_CAQUETA_PUERTO RICO\",GEOGCS[\"GCS_CAQUETA_PUERTO RICO\",DATUM[\"GCS_CAQUETA_PUERTO RICO\",SPHEROID[\"GRS_1980_CAQUETA:PUERTO RICO\",6378395,298.257222101]],PRIMEM[\"Greenwich\",0],UNIT[\"Degree\",0.0174532925199433]],PROJECTION[\"Transverse_Mercator\"],PARAMETER[\"latitude_of_origin\",1.91083333333333],PARAMETER[\"central_meridian\",-75.1577777777778],PARAMETER[\"scale_factor\",1],PARAMETER[\"false_easting\",879804.179],PARAMETER[\"false_northing\",703095.119],UNIT[\"metre\",1,AUTHORITY[\"EPSG\",\"9001\"]],AXIS[\"Easting\",EAST],AXIS[\"Northing\",NORTH]]", "FUENTE_PBOT": "PBOT 2015 — Cartografía de formulación", "CAPA_SIGOber": "PBOT2015_MANZANAS_INSPECCIONES" }, "geometry": { "type": "Polygon", "coordinates": [ [ [ -74.99808815646891, 1.612629934443325 ], [ -74.998604822413256, 1.612590133981534 ], [ -74.998657039458521, 1.613202624849047 ], [ -74.998175652796235, 1.613318271602203 ], [ -74.99808815646891, 1.612629934443325 ] ] ] } },
{ "type": "Feature", "properties": { "OBJECTID": 963, "codigo": "1859204040021", "sector_cat": "185920404", "tipo_avalu": "04", "Reporte": null, "Shape_Leng": 336.108577615, "Shape_Area": 6890.6279183099996, "CRS_ORIGINAL": "PROJCS[\"PCS_CAQUETA_PUERTO RICO\",GEOGCS[\"GCS_CAQUETA_PUERTO RICO\",DATUM[\"GCS_CAQUETA_PUERTO RICO\",SPHEROID[\"GRS_1980_CAQUETA:PUERTO RICO\",6378395,298.257222101]],PRIMEM[\"Greenwich\",0],UNIT[\"Degree\",0.0174532925199433]],PROJECTION[\"Transverse_Mercator\"],PARAMETER[\"latitude_of_origin\",1.91083333333333],PARAMETER[\"central_meridian\",-75.1577777777778],PARAMETER[\"scale_factor\",1],PARAMETER[\"false_easting\",879804.179],PARAMETER[\"false_northing\",703095.119],UNIT[\"metre\",1,AUTHORITY[\"EPSG\",\"9001\"]],AXIS[\"Easting\",EAST],AXIS[\"Northing\",NORTH]]", "FUENTE_PBOT": "PBOT 2015 — Cartografía de formulación", "CAPA_SIGOber": "PBOT2015_MANZANAS_INSPECCIONES" }, "geometry": { "type": "Polygon", "coordinates": [ [ [ -74.997281573013964, 1.613425304838304 ], [ -74.997211250547252, 1.61267954645547 ], [ -74.997943101772805, 1.612601075089452 ], [ -74.998036961570079, 1.61334493274634 ], [ -74.997281573013964, 1.613425304838304 ] ] ] } },
{ "type": "Feature", "properties": { "OBJECTID": 964, "codigo": "1859204040013", "sector_cat": "185920404", "tipo_avalu": "04", "Reporte": null, "Shape_Leng": 516.33499557200003, "Shape_Area": 5739.9988780599997, "CRS_ORIGINAL": "PROJCS[\"PCS_CAQUETA_PUERTO RICO\",GEOGCS[\"GCS_CAQUETA_PUERTO RICO\",DATUM[\"GCS_CAQUETA_PUERTO RICO\",SPHEROID[\"GRS_1980_CAQUETA:PUERTO RICO\",6378395,298.257222101]],PRIMEM[\"Greenwich\",0],UNIT[\"Degree\",0.0174532925199433]],PROJECTION[\"Transverse_Mercator\"],PARAMETER[\"latitude_of_origin\",1.91083333333333],PARAMETER[\"central_meridian\",-75.1577777777778],PARAMETER[\"scale_factor\",1],PARAMETER[\"false_easting\",879804.179],PARAMETER[\"false_northing\",703095.119],UNIT[\"metre\",1,AUTHORITY[\"EPSG\",\"9001\"]],AXIS[\"Easting\",EAST],AXIS[\"Northing\",NORTH]]", "FUENTE_PBOT": "PBOT 2015 — Cartografía de formulación", "CAPA_SIGOber": "PBOT2015_MANZANAS_INSPECCIONES" }, "geometry": { "type": "Polygon", "coordinates": [ [ [ -74.995850293119759, 1.613910694224542 ], [ -74.995623431020235, 1.613901904380829 ], [ -74.995608340860088, 1.613678217035163 ], [ -74.99727239219591, 1.613541902274096 ], [ -74.997296863691219, 1.613864166670983 ], [ -74.995905850502268, 1.613880293714723 ], [ -74.995860025855862, 1.614063749746969 ], [ -74.995850293119759, 1.613910694224542 ] ] ] } },
{ "type": "Feature", "properties": { "OBJECTID": 965, "codigo": "1859204040018", "sector_cat": "185920404", "tipo_avalu": "04", "Reporte": null, "Shape_Leng": 331.88163397699998, "Shape_Area": 6838.5594901900004, "CRS_ORIGINAL": "PROJCS[\"PCS_CAQUETA_PUERTO RICO\",GEOGCS[\"GCS_CAQUETA_PUERTO RICO\",DATUM[\"GCS_CAQUETA_PUERTO RICO\",SPHEROID[\"GRS_1980_CAQUETA:PUERTO RICO\",6378395,298.257222101]],PRIMEM[\"Greenwich\",0],UNIT[\"Degree\",0.0174532925199433]],PROJECTION[\"Transverse_Mercator\"],PARAMETER[\"latitude_of_origin\",1.91083333333333],PARAMETER[\"central_meridian\",-75.1577777777778],PARAMETER[\"scale_factor\",1],PARAMETER[\"false_easting\",879804.179],PARAMETER[\"false_northing\",703095.119],UNIT[\"metre\",1,AUTHORITY[\"EPSG\",\"9001\"]],AXIS[\"Easting\",EAST],AXIS[\"Northing\",NORTH]]", "FUENTE_PBOT": "PBOT 2015 — Cartografía de formulación", "CAPA_SIGOber": "PBOT2015_MANZANAS_INSPECCIONES" }, "geometry": { "type": "Polygon", "coordinates": [ [ [ -74.997139767079858, 1.611659471041296 ], [ -74.997061636130709, 1.610911594183083 ], [ -74.9977968889214, 1.610833292525575 ], [ -74.997885788969313, 1.611567294650291 ], [ -74.997139767079858, 1.611659471041296 ] ] ] } },
{ "type": "Feature", "properties": { "OBJECTID": 966, "codigo": "1859204040019", "sector_cat": "185920404", "tipo_avalu": "04", "Reporte": null, "Shape_Leng": 241.80191310500001, "Shape_Area": 2736.0114208300001, "CRS_ORIGINAL": "PROJCS[\"PCS_CAQUETA_PUERTO RICO\",GEOGCS[\"GCS_CAQUETA_PUERTO RICO\",DATUM[\"GCS_CAQUETA_PUERTO RICO\",SPHEROID[\"GRS_1980_CAQUETA:PUERTO RICO\",6378395,298.257222101]],PRIMEM[\"Greenwich\",0],UNIT[\"Degree\",0.0174532925199433]],PROJECTION[\"Transverse_Mercator\"],PARAMETER[\"latitude_of_origin\",1.91083333333333],PARAMETER[\"central_meridian\",-75.1577777777778],PARAMETER[\"scale_factor\",1],PARAMETER[\"false_easting\",879804.179],PARAMETER[\"false_northing\",703095.119],UNIT[\"metre\",1,AUTHORITY[\"EPSG\",\"9001\"]],AXIS[\"Easting\",EAST],AXIS[\"Northing\",NORTH]]", "FUENTE_PBOT": "PBOT 2015 — Cartografía de formulación", "CAPA_SIGOber": "PBOT2015_MANZANAS_INSPECCIONES" }, "geometry": { "type": "Polygon", "coordinates": [ [ [ -74.99726040002686, 1.612312619881844 ], [ -74.99715966143259, 1.61179361244953 ], [ -74.997886347489157, 1.611733921464062 ], [ -74.99768150115564, 1.61201119945913 ], [ -74.99726040002686, 1.612312619881844 ] ] ] } },
{ "type": "Feature", "properties": { "OBJECTID": 967, "codigo": "1859204040020", "sector_cat": "185920404", "tipo_avalu": "04", "Reporte": null, "Shape_Leng": 242.63736114899999, "Shape_Area": 2945.9733081499999, "CRS_ORIGINAL": "PROJCS[\"PCS_CAQUETA_PUERTO RICO\",GEOGCS[\"GCS_CAQUETA_PUERTO RICO\",DATUM[\"GCS_CAQUETA_PUERTO RICO\",SPHEROID[\"GRS_1980_CAQUETA:PUERTO RICO\",6378395,298.257222101]],PRIMEM[\"Greenwich\",0],UNIT[\"Degree\",0.0174532925199433]],PROJECTION[\"Transverse_Mercator\"],PARAMETER[\"latitude_of_origin\",1.91083333333333],PARAMETER[\"central_meridian\",-75.1577777777778],PARAMETER[\"scale_factor\",1],PARAMETER[\"false_easting\",879804.179],PARAMETER[\"false_northing\",703095.119],UNIT[\"metre\",1,AUTHORITY[\"EPSG\",\"9001\"]],AXIS[\"Easting\",EAST],AXIS[\"Northing\",NORTH]]", "FUENTE_PBOT": "PBOT 2015 — Cartografía de formulación", "CAPA_SIGOber": "PBOT2015_MANZANAS_INSPECCIONES" }, "geometry": { "type": "Polygon", "coordinates": [ [ [ -74.997332309865399, 1.612546470463401 ], [ -74.997823978137959, 1.612002534552445 ], [ -74.997958973465529, 1.611977835319964 ], [ -74.998050123098906, 1.612491134214848 ], [ -74.997332309865399, 1.612546470463401 ] ] ] } },
{ "type": "Feature", "properties": { "OBJECTID": 968, "codigo": "1859204040024", "sector_cat": "185920404", "tipo_avalu": "04", "Reporte": null, "Shape_Leng": 371.62143887899998, "Shape_Area": 6388.3435164700004, "CRS_ORIGINAL": "PROJCS[\"PCS_CAQUETA_PUERTO RICO\",GEOGCS[\"GCS_CAQUETA_PUERTO RICO\",DATUM[\"GCS_CAQUETA_PUERTO RICO\",SPHEROID[\"GRS_1980_CAQUETA:PUERTO RICO\",6378395,298.257222101]],PRIMEM[\"Greenwich\",0],UNIT[\"Degree\",0.0174532925199433]],PROJECTION[\"Transverse_Mercator\"],PARAMETER[\"latitude_of_origin\",1.91083333333333],PARAMETER[\"central_meridian\",-75.1577777777778],PARAMETER[\"scale_factor\",1],PARAMETER[\"false_easting\",879804.179],PARAMETER[\"false_northing\",703095.119],UNIT[\"metre\",1,AUTHORITY[\"EPSG\",\"9001\"]],AXIS[\"Easting\",EAST],AXIS[\"Northing\",NORTH]]", "FUENTE_PBOT": "PBOT 2015 — Cartografía de formulación", "CAPA_SIGOber": "PBOT2015_MANZANAS_INSPECCIONES" }, "geometry": { "type": "Polygon", "coordinates": [ [ [ -74.998136119261744, 1.611758155419649 ], [ -74.99869552064176, 1.611346419896002 ], [ -74.998657604455161, 1.612453310828707 ], [ -74.998176610080506, 1.612541505624645 ], [ -74.998136119261744, 1.611758155419649 ] ] ] } },
{ "type": "Feature", "properties": { "OBJECTID": 969, "codigo": "1859204040027", "sector_cat": "185920404", "tipo_avalu": "04", "Reporte": null, "Shape_Leng": 208.04344538800001, "Shape_Area": 2237.44466225, "CRS_ORIGINAL": "PROJCS[\"PCS_CAQUETA_PUERTO RICO\",GEOGCS[\"GCS_CAQUETA_PUERTO RICO\",DATUM[\"GCS_CAQUETA_PUERTO RICO\",SPHEROID[\"GRS_1980_CAQUETA:PUERTO RICO\",6378395,298.257222101]],PRIMEM[\"Greenwich\",0],UNIT[\"Degree\",0.0174532925199433]],PROJECTION[\"Transverse_Mercator\"],PARAMETER[\"latitude_of_origin\",1.91083333333333],PARAMETER[\"central_meridian\",-75.1577777777778],PARAMETER[\"scale_factor\",1],PARAMETER[\"false_easting\",879804.179],PARAMETER[\"false_northing\",703095.119],UNIT[\"metre\",1,AUTHORITY[\"EPSG\",\"9001\"]],AXIS[\"Easting\",EAST],AXIS[\"Northing\",NORTH]]", "FUENTE_PBOT": "PBOT 2015 — Cartografía de formulación", "CAPA_SIGOber": "PBOT2015_MANZANAS_INSPECCIONES" }, "geometry": { "type": "Polygon", "coordinates": [ [ [ -74.997993608507286, 1.61079971445024 ], [ -74.998173280420787, 1.610594899418506 ], [ -74.998674066536665, 1.611025591911609 ], [ -74.998498512134063, 1.611236520207783 ], [ -74.997993608507286, 1.61079971445024 ] ] ] } },
{ "type": "Feature", "properties": { "OBJECTID": 970, "codigo": "1859204040029", "sector_cat": "185920404", "tipo_avalu": "04", "Reporte": null, "Shape_Leng": 187.59855348, "Shape_Area": 1894.19622656, "CRS_ORIGINAL": "PROJCS[\"PCS_CAQUETA_PUERTO RICO\",GEOGCS[\"GCS_CAQUETA_PUERTO RICO\",DATUM[\"GCS_CAQUETA_PUERTO RICO\",SPHEROID[\"GRS_1980_CAQUETA:PUERTO RICO\",6378395,298.257222101]],PRIMEM[\"Greenwich\",0],UNIT[\"Degree\",0.0174532925199433]],PROJECTION[\"Transverse_Mercator\"],PARAMETER[\"latitude_of_origin\",1.91083333333333],PARAMETER[\"central_meridian\",-75.1577777777778],PARAMETER[\"scale_factor\",1],PARAMETER[\"false_easting\",879804.179],PARAMETER[\"false_northing\",703095.119],UNIT[\"metre\",1,AUTHORITY[\"EPSG\",\"9001\"]],AXIS[\"Easting\",EAST],AXIS[\"Northing\",NORTH]]", "FUENTE_PBOT": "PBOT 2015 — Cartografía de formulación", "CAPA_SIGOber": "PBOT2015_MANZANAS_INSPECCIONES" }, "geometry": { "type": "Polygon", "coordinates": [ [ [ -74.998423462471209, 1.610426603358413 ], [ -74.99888192264082, 1.610777239752896 ], [ -74.998706708320753, 1.610981327726736 ], [ -74.9982814464759, 1.610588467733331 ], [ -74.998423462471209, 1.610426603358413 ] ] ] } },
{ "type": "Feature", "properties": { "OBJECTID": 971, "codigo": "1859204040030", "sector_cat": "185920404", "tipo_avalu": "04", "Reporte": null, "Shape_Leng": 484.311795582, "Shape_Area": 5347.2057569500003, "CRS_ORIGINAL": "PROJCS[\"PCS_CAQUETA_PUERTO RICO\",GEOGCS[\"GCS_CAQUETA_PUERTO RICO\",DATUM[\"GCS_CAQUETA_PUERTO RICO\",SPHEROID[\"GRS_1980_CAQUETA:PUERTO RICO\",6378395,298.257222101]],PRIMEM[\"Greenwich\",0],UNIT[\"Degree\",0.0174532925199433]],PROJECTION[\"Transverse_Mercator\"],PARAMETER[\"latitude_of_origin\",1.91083333333333],PARAMETER[\"central_meridian\",-75.1577777777778],PARAMETER[\"scale_factor\",1],PARAMETER[\"false_easting\",879804.179],PARAMETER[\"false_northing\",703095.119],UNIT[\"metre\",1,AUTHORITY[\"EPSG\",\"9001\"]],AXIS[\"Easting\",EAST],AXIS[\"Northing\",NORTH]]", "FUENTE_PBOT": "PBOT 2015 — Cartografía de formulación", "CAPA_SIGOber": "PBOT2015_MANZANAS_INSPECCIONES" }, "geometry": { "type": "Polygon", "coordinates": [ [ [ -74.99878185548728, 1.611228486700462 ], [ -74.999628026747473, 1.610467925439554 ], [ -74.999759361997789, 1.610620775203135 ], [ -74.999318560243125, 1.61101218579261 ], [ -74.999256378383905, 1.611298901966032 ], [ -74.999105451669294, 1.611157495411522 ], [ -74.999006235204675, 1.611934801820639 ], [ -74.998758530616527, 1.61204479131664 ], [ -74.99878185548728, 1.611228486700462 ] ] ] } },
{ "type": "Feature", "properties": { "OBJECTID": 972, "codigo": "1859204040001", "sector_cat": "185920404", "tipo_avalu": "04", "Reporte": null, "Shape_Leng": 273.80074452700001, "Shape_Area": 4008.5121458, "CRS_ORIGINAL": "PROJCS[\"PCS_CAQUETA_PUERTO RICO\",GEOGCS[\"GCS_CAQUETA_PUERTO RICO\",DATUM[\"GCS_CAQUETA_PUERTO RICO\",SPHEROID[\"GRS_1980_CAQUETA:PUERTO RICO\",6378395,298.257222101]],PRIMEM[\"Greenwich\",0],UNIT[\"Degree\",0.0174532925199433]],PROJECTION[\"Transverse_Mercator\"],PARAMETER[\"latitude_of_origin\",1.91083333333333],PARAMETER[\"central_meridian\",-75.1577777777778],PARAMETER[\"scale_factor\",1],PARAMETER[\"false_easting\",879804.179],PARAMETER[\"false_northing\",703095.119],UNIT[\"metre\",1,AUTHORITY[\"EPSG\",\"9001\"]],AXIS[\"Easting\",EAST],AXIS[\"Northing\",NORTH]]", "FUENTE_PBOT": "PBOT 2015 — Cartografía de formulación", "CAPA_SIGOber": "PBOT2015_MANZANAS_INSPECCIONES" }, "geometry": { "type": "Polygon", "coordinates": [ [ [ -74.99366574615641, 1.611109635738525 ], [ -74.993616179326438, 1.610975439478361 ], [ -74.993425379245892, 1.610997610359644 ], [ -74.993334169202868, 1.6106782366598 ], [ -74.994119979594075, 1.610586354090006 ], [ -74.994171978374041, 1.611051018856066 ], [ -74.99366574615641, 1.611109635738525 ] ] ] } },
{ "type": "Feature", "properties": { "OBJECTID": 973, "codigo": "1859204040002", "sector_cat": "185920404", "tipo_avalu": "04", "Reporte": null, "Shape_Leng": 289.03231619500002, "Shape_Area": 4365.0851942299996, "CRS_ORIGINAL": "PROJCS[\"PCS_CAQUETA_PUERTO RICO\",GEOGCS[\"GCS_CAQUETA_PUERTO RICO\",DATUM[\"GCS_CAQUETA_PUERTO RICO\",SPHEROID[\"GRS_1980_CAQUETA:PUERTO RICO\",6378395,298.257222101]],PRIMEM[\"Greenwich\",0],UNIT[\"Degree\",0.0174532925199433]],PROJECTION[\"Transverse_Mercator\"],PARAMETER[\"latitude_of_origin\",1.91083333333333],PARAMETER[\"central_meridian\",-75.1577777777778],PARAMETER[\"scale_factor\",1],PARAMETER[\"false_easting\",879804.179],PARAMETER[\"false_northing\",703095.119],UNIT[\"metre\",1,AUTHORITY[\"EPSG\",\"9001\"]],AXIS[\"Easting\",EAST],AXIS[\"Northing\",NORTH]]", "FUENTE_PBOT": "PBOT 2015 — Cartografía de formulación", "CAPA_SIGOber": "PBOT2015_MANZANAS_INSPECCIONES" }, "geometry": { "type": "MultiPolygon", "coordinates": [ [ [ [ -74.993890369774107, 1.611884430033675 ], [ -74.993894281451119, 1.611851095067953 ], [ -74.993912815100714, 1.611871848947806 ], [ -74.993890369774107, 1.611884430033675 ] ] ], [ [ [ -74.994017338724674, 1.611975742390128 ], [ -74.993696019318719, 1.611289611183377 ], [ -74.994213712340169, 1.61119300420557 ], [ -74.994354793288437, 1.611935457127707 ], [ -74.994017338724674, 1.611975742390128 ] ] ] ] } },
{ "type": "Feature", "properties": { "OBJECTID": 974, "codigo": "1859204040003", "sector_cat": "185920404", "tipo_avalu": "04", "Reporte": null, "Shape_Leng": 228.363995612, "Shape_Area": 2764.6873540400002, "CRS_ORIGINAL": "PROJCS[\"PCS_CAQUETA_PUERTO RICO\",GEOGCS[\"GCS_CAQUETA_PUERTO RICO\",DATUM[\"GCS_CAQUETA_PUERTO RICO\",SPHEROID[\"GRS_1980_CAQUETA:PUERTO RICO\",6378395,298.257222101]],PRIMEM[\"Greenwich\",0],UNIT[\"Degree\",0.0174532925199433]],PROJECTION[\"Transverse_Mercator\"],PARAMETER[\"latitude_of_origin\",1.91083333333333],PARAMETER[\"central_meridian\",-75.1577777777778],PARAMETER[\"scale_factor\",1],PARAMETER[\"false_easting\",879804.179],PARAMETER[\"false_northing\",703095.119],UNIT[\"metre\",1,AUTHORITY[\"EPSG\",\"9001\"]],AXIS[\"Easting\",EAST],AXIS[\"Northing\",NORTH]]", "FUENTE_PBOT": "PBOT 2015 — Cartografía de formulación", "CAPA_SIGOber": "PBOT2015_MANZANAS_INSPECCIONES" }, "geometry": { "type": "Polygon", "coordinates": [ [ [ -74.993976781901793, 1.612134447507933 ], [ -74.99435203114831, 1.61206613485759 ], [ -74.994468777231816, 1.612815508974037 ], [ -74.994235882938469, 1.612746864571301 ], [ -74.993976781901793, 1.612134447507933 ] ] ] } },
{ "type": "Feature", "properties": { "OBJECTID": 975, "codigo": "1859204040005", "sector_cat": "185920404", "tipo_avalu": "04", "Reporte": null, "Shape_Leng": 265.58839184599998, "Shape_Area": 4142.6489382099999, "CRS_ORIGINAL": "PROJCS[\"PCS_CAQUETA_PUERTO RICO\",GEOGCS[\"GCS_CAQUETA_PUERTO RICO\",DATUM[\"GCS_CAQUETA_PUERTO RICO\",SPHEROID[\"GRS_1980_CAQUETA:PUERTO RICO\",6378395,298.257222101]],PRIMEM[\"Greenwich\",0],UNIT[\"Degree\",0.0174532925199433]],PROJECTION[\"Transverse_Mercator\"],PARAMETER[\"latitude_of_origin\",1.91083333333333],PARAMETER[\"central_meridian\",-75.1577777777778],PARAMETER[\"scale_factor\",1],PARAMETER[\"false_easting\",879804.179],PARAMETER[\"false_northing\",703095.119],UNIT[\"metre\",1,AUTHORITY[\"EPSG\",\"9001\"]],AXIS[\"Easting\",EAST],AXIS[\"Northing\",NORTH]]", "FUENTE_PBOT": "PBOT 2015 — Cartografía de formulación", "CAPA_SIGOber": "PBOT2015_MANZANAS_INSPECCIONES" }, "geometry": { "type": "Polygon", "coordinates": [ [ [ -74.994787402913218, 1.614253205769531 ], [ -74.994721883094087, 1.61380626096732 ], [ -74.995461110983385, 1.613703314728946 ], [ -74.995521068055993, 1.614153107713741 ], [ -74.994787402913218, 1.614253205769531 ] ] ] } },
{ "type": "Feature", "properties": { "OBJECTID": 976, "codigo": "1859204040004", "sector_cat": "185920404", "tipo_avalu": "04", "Reporte": null, "Shape_Leng": 354.10568751099999, "Shape_Area": 4012.7347931300001, "CRS_ORIGINAL": "PROJCS[\"PCS_CAQUETA_PUERTO RICO\",GEOGCS[\"GCS_CAQUETA_PUERTO RICO\",DATUM[\"GCS_CAQUETA_PUERTO RICO\",SPHEROID[\"GRS_1980_CAQUETA:PUERTO RICO\",6378395,298.257222101]],PRIMEM[\"Greenwich\",0],UNIT[\"Degree\",0.0174532925199433]],PROJECTION[\"Transverse_Mercator\"],PARAMETER[\"latitude_of_origin\",1.91083333333333],PARAMETER[\"central_meridian\",-75.1577777777778],PARAMETER[\"scale_factor\",1],PARAMETER[\"false_easting\",879804.179],PARAMETER[\"false_northing\",703095.119],UNIT[\"metre\",1,AUTHORITY[\"EPSG\",\"9001\"]],AXIS[\"Easting\",EAST],AXIS[\"Northing\",NORTH]]", "FUENTE_PBOT": "PBOT 2015 — Cartografía de formulación", "CAPA_SIGOber": "PBOT2015_MANZANAS_INSPECCIONES" }, "geometry": { "type": "MultiPolygon", "coordinates": [ [ [ [ -74.994322806025423, 1.6130830333203 ], [ -74.994338205251296, 1.613191603984738 ], [ -74.994165542433834, 1.613216310402962 ], [ -74.994157010013339, 1.613109851519043 ], [ -74.994322806025423, 1.6130830333203 ] ] ], [ [ [ -74.994459248944537, 1.614068431880682 ], [ -74.994119952992094, 1.61339929116892 ], [ -74.994388558954924, 1.613191841530064 ], [ -74.994360721442277, 1.613095306329255 ], [ -74.994524733976945, 1.613093749816253 ], [ -74.994652190288633, 1.614111843767542 ], [ -74.994459248944537, 1.614068431880682 ] ] ] ] } },
{ "type": "Feature", "properties": { "OBJECTID": 977, "codigo": "1859204040028", "sector_cat": "185920404", "tipo_avalu": "04", "Reporte": null, "Shape_Leng": 74.845021261100001, "Shape_Area": 187.3313113, "CRS_ORIGINAL": "PROJCS[\"PCS_CAQUETA_PUERTO RICO\",GEOGCS[\"GCS_CAQUETA_PUERTO RICO\",DATUM[\"GCS_CAQUETA_PUERTO RICO\",SPHEROID[\"GRS_1980_CAQUETA:PUERTO RICO\",6378395,298.257222101]],PRIMEM[\"Greenwich\",0],UNIT[\"Degree\",0.0174532925199433]],PROJECTION[\"Transverse_Mercator\"],PARAMETER[\"latitude_of_origin\",1.91083333333333],PARAMETER[\"central_meridian\",-75.1577777777778],PARAMETER[\"scale_factor\",1],PARAMETER[\"false_easting\",879804.179],PARAMETER[\"false_northing\",703095.119],UNIT[\"metre\",1,AUTHORITY[\"EPSG\",\"9001\"]],AXIS[\"Easting\",EAST],AXIS[\"Northing\",NORTH]]", "FUENTE_PBOT": "PBOT 2015 — Cartografía de formulación", "CAPA_SIGOber": "PBOT2015_MANZANAS_INSPECCIONES" }, "geometry": { "type": "Polygon", "coordinates": [ [ [ -74.994131271050563, 1.612895913589635 ], [ -74.994084397208681, 1.612665405384569 ], [ -74.994122251730687, 1.612657132443703 ], [ -74.994231763659528, 1.612886748235885 ], [ -74.994131271050563, 1.612895913589635 ] ] ] } },
{ "type": "Feature", "properties": { "OBJECTID": 978, "codigo": "1859204040025", "sector_cat": "185920404", "tipo_avalu": "04", "Reporte": null, "Shape_Leng": 187.272927463, "Shape_Area": 1989.7335058900001, "CRS_ORIGINAL": "PROJCS[\"PCS_CAQUETA_PUERTO RICO\",GEOGCS[\"GCS_CAQUETA_PUERTO RICO\",DATUM[\"GCS_CAQUETA_PUERTO RICO\",SPHEROID[\"GRS_1980_CAQUETA:PUERTO RICO\",6378395,298.257222101]],PRIMEM[\"Greenwich\",0],UNIT[\"Degree\",0.0174532925199433]],PROJECTION[\"Transverse_Mercator\"],PARAMETER[\"latitude_of_origin\",1.91083333333333],PARAMETER[\"central_meridian\",-75.1577777777778],PARAMETER[\"scale_factor\",1],PARAMETER[\"false_easting\",879804.179],PARAMETER[\"false_northing\",703095.119],UNIT[\"metre\",1,AUTHORITY[\"EPSG\",\"9001\"]],AXIS[\"Easting\",EAST],AXIS[\"Northing\",NORTH]]", "FUENTE_PBOT": "PBOT 2015 — Cartografía de formulación", "CAPA_SIGOber": "PBOT2015_MANZANAS_INSPECCIONES" }, "geometry": { "type": "Polygon", "coordinates": [ [ [ -74.997954215584713, 1.611222731445872 ], [ -74.998156497327045, 1.611013089155224 ], [ -74.998464481852281, 1.611270371658022 ], [ -74.998009535568272, 1.611633283399733 ], [ -74.997954215584713, 1.611222731445872 ] ] ] } },
{ "type": "Feature", "properties": { "OBJECTID": 979, "codigo": "1859204040012", "sector_cat": "185920404", "tipo_avalu": "04", "Reporte": null, "Shape_Leng": 271.77181079899998, "Shape_Area": 4358.6431173700003, "CRS_ORIGINAL": "PROJCS[\"PCS_CAQUETA_PUERTO RICO\",GEOGCS[\"GCS_CAQUETA_PUERTO RICO\",DATUM[\"GCS_CAQUETA_PUERTO RICO\",SPHEROID[\"GRS_1980_CAQUETA:PUERTO RICO\",6378395,298.257222101]],PRIMEM[\"Greenwich\",0],UNIT[\"Degree\",0.0174532925199433]],PROJECTION[\"Transverse_Mercator\"],PARAMETER[\"latitude_of_origin\",1.91083333333333],PARAMETER[\"central_meridian\",-75.1577777777778],PARAMETER[\"scale_factor\",1],PARAMETER[\"false_easting\",879804.179],PARAMETER[\"false_northing\",703095.119],UNIT[\"metre\",1,AUTHORITY[\"EPSG\",\"9001\"]],AXIS[\"Easting\",EAST],AXIS[\"Northing\",NORTH]]", "FUENTE_PBOT": "PBOT 2015 — Cartografía de formulación", "CAPA_SIGOber": "PBOT2015_MANZANAS_INSPECCIONES" }, "geometry": { "type": "Polygon", "coordinates": [ [ [ -74.996232357815373, 1.612612311831409 ], [ -74.995771694152623, 1.612686082145784 ], [ -74.995676725977489, 1.611927149371561 ], [ -74.996138005128472, 1.61186351294368 ], [ -74.996232357815373, 1.612612311831409 ] ] ] } },
{ "type": "Feature", "properties": { "OBJECTID": 980, "codigo": "1859203030006", "sector_cat": "185920303", "tipo_avalu": "03", "Reporte": null, "Shape_Leng": 316.56596319800002, "Shape_Area": 6260.5898552600001, "CRS_ORIGINAL": "PROJCS[\"PCS_CAQUETA_PUERTO RICO\",GEOGCS[\"GCS_CAQUETA_PUERTO RICO\",DATUM[\"GCS_CAQUETA_PUERTO RICO\",SPHEROID[\"GRS_1980_CAQUETA:PUERTO RICO\",6378395,298.257222101]],PRIMEM[\"Greenwich\",0],UNIT[\"Degree\",0.0174532925199433]],PROJECTION[\"Transverse_Mercator\"],PARAMETER[\"latitude_of_origin\",1.91083333333333],PARAMETER[\"central_meridian\",-75.1577777777778],PARAMETER[\"scale_factor\",1],PARAMETER[\"false_easting\",879804.179],PARAMETER[\"false_northing\",703095.119],UNIT[\"metre\",1,AUTHORITY[\"EPSG\",\"9001\"]],AXIS[\"Easting\",EAST],AXIS[\"Northing\",NORTH]]", "FUENTE_PBOT": "PBOT 2015 — Cartografía de formulación", "CAPA_SIGOber": "PBOT2015_MANZANAS_INSPECCIONES" }, "geometry": { "type": "Polygon", "coordinates": [ [ [ -75.03564024455541, 1.941600264524781 ], [ -75.036316757453079, 1.941839578719723 ], [ -75.036057466549551, 1.94247862151708 ], [ -75.035384804566675, 1.942230231717092 ], [ -75.03564024455541, 1.941600264524781 ] ] ] } },
{ "type": "Feature", "properties": { "OBJECTID": 981, "codigo": "1859202020001", "sector_cat": "185920202", "tipo_avalu": "02", "Reporte": null, "Shape_Leng": 481.09767046000002, "Shape_Area": 5439.7164001199999, "CRS_ORIGINAL": "PROJCS[\"PCS_CAQUETA_PUERTO RICO\",GEOGCS[\"GCS_CAQUETA_PUERTO RICO\",DATUM[\"GCS_CAQUETA_PUERTO RICO\",SPHEROID[\"GRS_1980_CAQUETA:PUERTO RICO\",6378395,298.257222101]],PRIMEM[\"Greenwich\",0],UNIT[\"Degree\",0.0174532925199433]],PROJECTION[\"Transverse_Mercator\"],PARAMETER[\"latitude_of_origin\",1.91083333333333],PARAMETER[\"central_meridian\",-75.1577777777778],PARAMETER[\"scale_factor\",1],PARAMETER[\"false_easting\",879804.179],PARAMETER[\"false_northing\",703095.119],UNIT[\"metre\",1,AUTHORITY[\"EPSG\",\"9001\"]],AXIS[\"Easting\",EAST],AXIS[\"Northing\",NORTH]]", "FUENTE_PBOT": "PBOT 2015 — Cartografía de formulación", "CAPA_SIGOber": "PBOT2015_MANZANAS_INSPECCIONES" }, "geometry": { "type": "Polygon", "coordinates": [ [ [ -75.218707291146245, 1.830067719948385 ], [ -75.218680473543031, 1.829876836600392 ], [ -75.218564822494073, 1.828312820752248 ], [ -75.219104256901687, 1.828698683998525 ], [ -75.218883862748754, 1.828927547020287 ], [ -75.218975302065431, 1.829361862950793 ], [ -75.218835168087594, 1.829367713508892 ], [ -75.218902033867479, 1.829999413263928 ], [ -75.218707291146245, 1.830067719948385 ] ] ] } },
{ "type": "Feature", "properties": { "OBJECTID": 982, "codigo": "1859202020003", "sector_cat": "185920202", "tipo_avalu": "02", "Reporte": null, "Shape_Leng": 175.520508987, "Shape_Area": 1543.64204206, "CRS_ORIGINAL": "PROJCS[\"PCS_CAQUETA_PUERTO RICO\",GEOGCS[\"GCS_CAQUETA_PUERTO RICO\",DATUM[\"GCS_CAQUETA_PUERTO RICO\",SPHEROID[\"GRS_1980_CAQUETA:PUERTO RICO\",6378395,298.257222101]],PRIMEM[\"Greenwich\",0],UNIT[\"Degree\",0.0174532925199433]],PROJECTION[\"Transverse_Mercator\"],PARAMETER[\"latitude_of_origin\",1.91083333333333],PARAMETER[\"central_meridian\",-75.1577777777778],PARAMETER[\"scale_factor\",1],PARAMETER[\"false_easting\",879804.179],PARAMETER[\"false_northing\",703095.119],UNIT[\"metre\",1,AUTHORITY[\"EPSG\",\"9001\"]],AXIS[\"Easting\",EAST],AXIS[\"Northing\",NORTH]]", "FUENTE_PBOT": "PBOT 2015 — Cartografía de formulación", "CAPA_SIGOber": "PBOT2015_MANZANAS_INSPECCIONES" }, "geometry": { "type": "Polygon", "coordinates": [ [ [ -75.218267103156592, 1.830251459240651 ], [ -75.218144801703232, 1.829929010702163 ], [ -75.21853238447531, 1.829782790170158 ], [ -75.218543245994397, 1.830200863723576 ], [ -75.218267103156592, 1.830251459240651 ] ] ] } },
{ "type": "Feature", "properties": { "OBJECTID": 983, "codigo": "1859202020002", "sector_cat": "185920202", "tipo_avalu": "02", "Reporte": null, "Shape_Leng": 630.75198524400002, "Shape_Area": 5019.9828982700001, "CRS_ORIGINAL": "PROJCS[\"PCS_CAQUETA_PUERTO RICO\",GEOGCS[\"GCS_CAQUETA_PUERTO RICO\",DATUM[\"GCS_CAQUETA_PUERTO RICO\",SPHEROID[\"GRS_1980_CAQUETA:PUERTO RICO\",6378395,298.257222101]],PRIMEM[\"Greenwich\",0],UNIT[\"Degree\",0.0174532925199433]],PROJECTION[\"Transverse_Mercator\"],PARAMETER[\"latitude_of_origin\",1.91083333333333],PARAMETER[\"central_meridian\",-75.1577777777778],PARAMETER[\"scale_factor\",1],PARAMETER[\"false_easting\",879804.179],PARAMETER[\"false_northing\",703095.119],UNIT[\"metre\",1,AUTHORITY[\"EPSG\",\"9001\"]],AXIS[\"Easting\",EAST],AXIS[\"Northing\",NORTH]]", "FUENTE_PBOT": "PBOT 2015 — Cartografía de formulación", "CAPA_SIGOber": "PBOT2015_MANZANAS_INSPECCIONES" }, "geometry": { "type": "Polygon", "coordinates": [ [ [ -75.217130109183955, 1.829862938764554 ], [ -75.217803824308376, 1.829731246786668 ], [ -75.218225886431981, 1.829326343152436 ], [ -75.218208135845217, 1.828071847083887 ], [ -75.218446959934539, 1.828071900249532 ], [ -75.218433098540629, 1.829322167201969 ], [ -75.217967649006383, 1.829731112659448 ], [ -75.217130109183955, 1.829862938764554 ] ] ] } },
{ "type": "Feature", "properties": { "OBJECTID": 984, "codigo": "1859202020005", "sector_cat": "185920202", "tipo_avalu": "02", "Reporte": null, "Shape_Leng": 203.072056358, "Shape_Area": 1707.99506632, "CRS_ORIGINAL": "PROJCS[\"PCS_CAQUETA_PUERTO RICO\",GEOGCS[\"GCS_CAQUETA_PUERTO RICO\",DATUM[\"GCS_CAQUETA_PUERTO RICO\",SPHEROID[\"GRS_1980_CAQUETA:PUERTO RICO\",6378395,298.257222101]],PRIMEM[\"Greenwich\",0],UNIT[\"Degree\",0.0174532925199433]],PROJECTION[\"Transverse_Mercator\"],PARAMETER[\"latitude_of_origin\",1.91083333333333],PARAMETER[\"central_meridian\",-75.1577777777778],PARAMETER[\"scale_factor\",1],PARAMETER[\"false_easting\",879804.179],PARAMETER[\"false_northing\",703095.119],UNIT[\"metre\",1,AUTHORITY[\"EPSG\",\"9001\"]],AXIS[\"Easting\",EAST],AXIS[\"Northing\",NORTH]]", "FUENTE_PBOT": "PBOT 2015 — Cartografía de formulación", "CAPA_SIGOber": "PBOT2015_MANZANAS_INSPECCIONES" }, "geometry": { "type": "Polygon", "coordinates": [ [ [ -75.217492175105036, 1.830635373958354 ], [ -75.217336434775945, 1.830286860404901 ], [ -75.217832981224035, 1.830066608167793 ], [ -75.217881800351805, 1.830276178331137 ], [ -75.217570940219588, 1.830411591082634 ], [ -75.217627064897343, 1.830540381284062 ], [ -75.217492175105036, 1.830635373958354 ] ] ] } },
{ "type": "Feature", "properties": { "OBJECTID": 985, "codigo": "1859202020004", "sector_cat": "185920202", "tipo_avalu": "02", "Reporte": null, "Shape_Leng": 80.510494782600006, "Shape_Area": 283.451657522, "CRS_ORIGINAL": "PROJCS[\"PCS_CAQUETA_PUERTO RICO\",GEOGCS[\"GCS_CAQUETA_PUERTO RICO\",DATUM[\"GCS_CAQUETA_PUERTO RICO\",SPHEROID[\"GRS_1980_CAQUETA:PUERTO RICO\",6378395,298.257222101]],PRIMEM[\"Greenwich\",0],UNIT[\"Degree\",0.0174532925199433]],PROJECTION[\"Transverse_Mercator\"],PARAMETER[\"latitude_of_origin\",1.91083333333333],PARAMETER[\"central_meridian\",-75.1577777777778],PARAMETER[\"scale_factor\",1],PARAMETER[\"false_easting\",879804.179],PARAMETER[\"false_northing\",703095.119],UNIT[\"metre\",1,AUTHORITY[\"EPSG\",\"9001\"]],AXIS[\"Easting\",EAST],AXIS[\"Northing\",NORTH]]", "FUENTE_PBOT": "PBOT 2015 — Cartografía de formulación", "CAPA_SIGOber": "PBOT2015_MANZANAS_INSPECCIONES" }, "geometry": { "type": "Polygon", "coordinates": [ [ [ -75.218095124892614, 1.83025257560083 ], [ -75.218080102928482, 1.829970512182716 ], [ -75.218180714227515, 1.830238347717979 ], [ -75.218095124892614, 1.83025257560083 ] ] ] } },
{ "type": "Feature", "properties": { "OBJECTID": 986, "codigo": "1859202020008", "sector_cat": "185920202", "tipo_avalu": "02", "Reporte": null, "Shape_Leng": 253.40127819700001, "Shape_Area": 4005.1468285599999, "CRS_ORIGINAL": "PROJCS[\"PCS_CAQUETA_PUERTO RICO\",GEOGCS[\"GCS_CAQUETA_PUERTO RICO\",DATUM[\"GCS_CAQUETA_PUERTO RICO\",SPHEROID[\"GRS_1980_CAQUETA:PUERTO RICO\",6378395,298.257222101]],PRIMEM[\"Greenwich\",0],UNIT[\"Degree\",0.0174532925199433]],PROJECTION[\"Transverse_Mercator\"],PARAMETER[\"latitude_of_origin\",1.91083333333333],PARAMETER[\"central_meridian\",-75.1577777777778],PARAMETER[\"scale_factor\",1],PARAMETER[\"false_easting\",879804.179],PARAMETER[\"false_northing\",703095.119],UNIT[\"metre\",1,AUTHORITY[\"EPSG\",\"9001\"]],AXIS[\"Easting\",EAST],AXIS[\"Northing\",NORTH]]", "FUENTE_PBOT": "PBOT 2015 — Cartografía de formulación", "CAPA_SIGOber": "PBOT2015_MANZANAS_INSPECCIONES" }, "geometry": { "type": "Polygon", "coordinates": [ [ [ -75.217183835030895, 1.830341755769532 ], [ -75.217419035778192, 1.830724593315728 ], [ -75.216967005598775, 1.831144702470566 ], [ -75.216710131744861, 1.830554852081907 ], [ -75.217183835030895, 1.830341755769532 ] ] ] } },
{ "type": "Feature", "properties": { "OBJECTID": 987, "codigo": "1859202020010", "sector_cat": "185920202", "tipo_avalu": "02", "Reporte": null, "Shape_Leng": 205.326954363, "Shape_Area": 1559.39914632, "CRS_ORIGINAL": "PROJCS[\"PCS_CAQUETA_PUERTO RICO\",GEOGCS[\"GCS_CAQUETA_PUERTO RICO\",DATUM[\"GCS_CAQUETA_PUERTO RICO\",SPHEROID[\"GRS_1980_CAQUETA:PUERTO RICO\",6378395,298.257222101]],PRIMEM[\"Greenwich\",0],UNIT[\"Degree\",0.0174532925199433]],PROJECTION[\"Transverse_Mercator\"],PARAMETER[\"latitude_of_origin\",1.91083333333333],PARAMETER[\"central_meridian\",-75.1577777777778],PARAMETER[\"scale_factor\",1],PARAMETER[\"false_easting\",879804.179],PARAMETER[\"false_northing\",703095.119],UNIT[\"metre\",1,AUTHORITY[\"EPSG\",\"9001\"]],AXIS[\"Easting\",EAST],AXIS[\"Northing\",NORTH]]", "FUENTE_PBOT": "PBOT 2015 — Cartografía de formulación", "CAPA_SIGOber": "PBOT2015_MANZANAS_INSPECCIONES" }, "geometry": { "type": "Polygon", "coordinates": [ [ [ -75.216227510767297, 1.82997488574475 ], [ -75.216573586442578, 1.8305334131373 ], [ -75.216421082796145, 1.830609786661607 ], [ -75.216228802054246, 1.830212545406033 ], [ -75.215995001663998, 1.830089722081276 ], [ -75.216227510767297, 1.82997488574475 ] ] ] } },
{ "type": "Feature", "properties": { "OBJECTID": 988, "codigo": "1859202020007", "sector_cat": "185920202", "tipo_avalu": "02", "Reporte": null, "Shape_Leng": 237.04896972200001, "Shape_Area": 3368.6723828999998, "CRS_ORIGINAL": "PROJCS[\"PCS_CAQUETA_PUERTO RICO\",GEOGCS[\"GCS_CAQUETA_PUERTO RICO\",DATUM[\"GCS_CAQUETA_PUERTO RICO\",SPHEROID[\"GRS_1980_CAQUETA:PUERTO RICO\",6378395,298.257222101]],PRIMEM[\"Greenwich\",0],UNIT[\"Degree\",0.0174532925199433]],PROJECTION[\"Transverse_Mercator\"],PARAMETER[\"latitude_of_origin\",1.91083333333333],PARAMETER[\"central_meridian\",-75.1577777777778],PARAMETER[\"scale_factor\",1],PARAMETER[\"false_easting\",879804.179],PARAMETER[\"false_northing\",703095.119],UNIT[\"metre\",1,AUTHORITY[\"EPSG\",\"9001\"]],AXIS[\"Easting\",EAST],AXIS[\"Northing\",NORTH]]", "FUENTE_PBOT": "PBOT 2015 — Cartografía de formulación", "CAPA_SIGOber": "PBOT2015_MANZANAS_INSPECCIONES" }, "geometry": { "type": "Polygon", "coordinates": [ [ [ -75.216439739463539, 1.829972870762902 ], [ -75.217065358677274, 1.829916679261961 ], [ -75.217192799111956, 1.830235096230045 ], [ -75.216676182656414, 1.830479488709777 ], [ -75.216439739463539, 1.829972870762902 ] ] ] } },
{ "type": "Feature", "properties": { "OBJECTID": 989, "codigo": "1859202020012", "sector_cat": "185920202", "tipo_avalu": "02", "Reporte": null, "Shape_Leng": 112.1905875, "Shape_Area": 622.69481780800004, "CRS_ORIGINAL": "PROJCS[\"PCS_CAQUETA_PUERTO RICO\",GEOGCS[\"GCS_CAQUETA_PUERTO RICO\",DATUM[\"GCS_CAQUETA_PUERTO RICO\",SPHEROID[\"GRS_1980_CAQUETA:PUERTO RICO\",6378395,298.257222101]],PRIMEM[\"Greenwich\",0],UNIT[\"Degree\",0.0174532925199433]],PROJECTION[\"Transverse_Mercator\"],PARAMETER[\"latitude_of_origin\",1.91083333333333],PARAMETER[\"central_meridian\",-75.1577777777778],PARAMETER[\"scale_factor\",1],PARAMETER[\"false_easting\",879804.179],PARAMETER[\"false_northing\",703095.119],UNIT[\"metre\",1,AUTHORITY[\"EPSG\",\"9001\"]],AXIS[\"Easting\",EAST],AXIS[\"Northing\",NORTH]]", "FUENTE_PBOT": "PBOT 2015 — Cartografía de formulación", "CAPA_SIGOber": "PBOT2015_MANZANAS_INSPECCIONES" }, "geometry": { "type": "Polygon", "coordinates": [ [ [ -75.218570447170308, 1.82806573071024 ], [ -75.218812268945427, 1.828046608254847 ], [ -75.218778670525879, 1.828318016736085 ], [ -75.218594549458572, 1.828224545017653 ], [ -75.218570447170308, 1.82806573071024 ] ] ] } },
{ "type": "Feature", "properties": { "OBJECTID": 990, "codigo": "1859202020011", "sector_cat": "185920202", "tipo_avalu": "02", "Reporte": null, "Shape_Leng": 145.90548019299999, "Shape_Area": 1230.6922219800001, "CRS_ORIGINAL": "PROJCS[\"PCS_CAQUETA_PUERTO RICO\",GEOGCS[\"GCS_CAQUETA_PUERTO RICO\",DATUM[\"GCS_CAQUETA_PUERTO RICO\",SPHEROID[\"GRS_1980_CAQUETA:PUERTO RICO\",6378395,298.257222101]],PRIMEM[\"Greenwich\",0],UNIT[\"Degree\",0.0174532925199433]],PROJECTION[\"Transverse_Mercator\"],PARAMETER[\"latitude_of_origin\",1.91083333333333],PARAMETER[\"central_meridian\",-75.1577777777778],PARAMETER[\"scale_factor\",1],PARAMETER[\"false_easting\",879804.179],PARAMETER[\"false_northing\",703095.119],UNIT[\"metre\",1,AUTHORITY[\"EPSG\",\"9001\"]],AXIS[\"Easting\",EAST],AXIS[\"Northing\",NORTH]]", "FUENTE_PBOT": "PBOT 2015 — Cartografía de formulación", "CAPA_SIGOber": "PBOT2015_MANZANAS_INSPECCIONES" }, "geometry": { "type": "Polygon", "coordinates": [ [ [ -75.219103655901989, 1.828478430778079 ], [ -75.218841414908397, 1.828378094344497 ], [ -75.218875708546832, 1.828048396626683 ], [ -75.219133616860731, 1.82807702044782 ], [ -75.219103655901989, 1.828478430778079 ] ] ] } },
{ "type": "Feature", "properties": { "OBJECTID": 991, "codigo": "1859202020013", "sector_cat": "185920202", "tipo_avalu": "02", "Reporte": null, "Shape_Leng": 134.735570731, "Shape_Area": 1125.7465667500001, "CRS_ORIGINAL": "PROJCS[\"PCS_CAQUETA_PUERTO RICO\",GEOGCS[\"GCS_CAQUETA_PUERTO RICO\",DATUM[\"GCS_CAQUETA_PUERTO RICO\",SPHEROID[\"GRS_1980_CAQUETA:PUERTO RICO\",6378395,298.257222101]],PRIMEM[\"Greenwich\",0],UNIT[\"Degree\",0.0174532925199433]],PROJECTION[\"Transverse_Mercator\"],PARAMETER[\"latitude_of_origin\",1.91083333333333],PARAMETER[\"central_meridian\",-75.1577777777778],PARAMETER[\"scale_factor\",1],PARAMETER[\"false_easting\",879804.179],PARAMETER[\"false_northing\",703095.119],UNIT[\"metre\",1,AUTHORITY[\"EPSG\",\"9001\"]],AXIS[\"Easting\",EAST],AXIS[\"Northing\",NORTH]]", "FUENTE_PBOT": "PBOT 2015 — Cartografía de formulación", "CAPA_SIGOber": "PBOT2015_MANZANAS_INSPECCIONES" }, "geometry": { "type": "Polygon", "coordinates": [ [ [ -75.21912453760865, 1.828003024011593 ], [ -75.218897204377825, 1.827985831234962 ], [ -75.218914101274635, 1.827649067982564 ], [ -75.219188657421768, 1.827666356830893 ], [ -75.21912453760865, 1.828003024011593 ] ] ] } },
{ "type": "Feature", "properties": { "OBJECTID": 992, "codigo": "1859202020014", "sector_cat": "185920202", "tipo_avalu": "02", "Reporte": null, "Shape_Leng": 137.744930638, "Shape_Area": 1059.65779041, "CRS_ORIGINAL": "PROJCS[\"PCS_CAQUETA_PUERTO RICO\",GEOGCS[\"GCS_CAQUETA_PUERTO RICO\",DATUM[\"GCS_CAQUETA_PUERTO RICO\",SPHEROID[\"GRS_1980_CAQUETA:PUERTO RICO\",6378395,298.257222101]],PRIMEM[\"Greenwich\",0],UNIT[\"Degree\",0.0174532925199433]],PROJECTION[\"Transverse_Mercator\"],PARAMETER[\"latitude_of_origin\",1.91083333333333],PARAMETER[\"central_meridian\",-75.1577777777778],PARAMETER[\"scale_factor\",1],PARAMETER[\"false_easting\",879804.179],PARAMETER[\"false_northing\",703095.119],UNIT[\"metre\",1,AUTHORITY[\"EPSG\",\"9001\"]],AXIS[\"Easting\",EAST],AXIS[\"Northing\",NORTH]]", "FUENTE_PBOT": "PBOT 2015 — Cartografía de formulación", "CAPA_SIGOber": "PBOT2015_MANZANAS_INSPECCIONES" }, "geometry": { "type": "Polygon", "coordinates": [ [ [ -75.218543451766706, 1.827969064430792 ], [ -75.218565575941525, 1.827636685180432 ], [ -75.218823624116965, 1.82765041343311 ], [ -75.218807792865292, 1.82798253029124 ], [ -75.218543451766706, 1.827969064430792 ] ] ] } },
{ "type": "Feature", "properties": { "OBJECTID": 993, "codigo": "1859202020016", "sector_cat": "185920202", "tipo_avalu": "02", "Reporte": null, "Shape_Leng": 106.79622258400001, "Shape_Area": 705.050985621, "CRS_ORIGINAL": "PROJCS[\"PCS_CAQUETA_PUERTO RICO\",GEOGCS[\"GCS_CAQUETA_PUERTO RICO\",DATUM[\"GCS_CAQUETA_PUERTO RICO\",SPHEROID[\"GRS_1980_CAQUETA:PUERTO RICO\",6378395,298.257222101]],PRIMEM[\"Greenwich\",0],UNIT[\"Degree\",0.0174532925199433]],PROJECTION[\"Transverse_Mercator\"],PARAMETER[\"latitude_of_origin\",1.91083333333333],PARAMETER[\"central_meridian\",-75.1577777777778],PARAMETER[\"scale_factor\",1],PARAMETER[\"false_easting\",879804.179],PARAMETER[\"false_northing\",703095.119],UNIT[\"metre\",1,AUTHORITY[\"EPSG\",\"9001\"]],AXIS[\"Easting\",EAST],AXIS[\"Northing\",NORTH]]", "FUENTE_PBOT": "PBOT 2015 — Cartografía de formulación", "CAPA_SIGOber": "PBOT2015_MANZANAS_INSPECCIONES" }, "geometry": { "type": "Polygon", "coordinates": [ [ [ -75.21859692673037, 1.827585353090922 ], [ -75.218619787694962, 1.827368889001402 ], [ -75.218883983458582, 1.827392008949001 ], [ -75.218860185969859, 1.827606214977852 ], [ -75.21859692673037, 1.827585353090922 ] ] ] } },
{ "type": "Feature", "properties": { "OBJECTID": 994, "codigo": "1859202020015", "sector_cat": "185920202", "tipo_avalu": "02", "Reporte": null, "Shape_Leng": 169.90760833100001, "Shape_Area": 1589.4478801400001, "CRS_ORIGINAL": "PROJCS[\"PCS_CAQUETA_PUERTO RICO\",GEOGCS[\"GCS_CAQUETA_PUERTO RICO\",DATUM[\"GCS_CAQUETA_PUERTO RICO\",SPHEROID[\"GRS_1980_CAQUETA:PUERTO RICO\",6378395,298.257222101]],PRIMEM[\"Greenwich\",0],UNIT[\"Degree\",0.0174532925199433]],PROJECTION[\"Transverse_Mercator\"],PARAMETER[\"latitude_of_origin\",1.91083333333333],PARAMETER[\"central_meridian\",-75.1577777777778],PARAMETER[\"scale_factor\",1],PARAMETER[\"false_easting\",879804.179],PARAMETER[\"false_northing\",703095.119],UNIT[\"metre\",1,AUTHORITY[\"EPSG\",\"9001\"]],AXIS[\"Easting\",EAST],AXIS[\"Northing\",NORTH]]", "FUENTE_PBOT": "PBOT 2015 — Cartografía de formulación", "CAPA_SIGOber": "PBOT2015_MANZANAS_INSPECCIONES" }, "geometry": { "type": "Polygon", "coordinates": [ [ [ -75.218929773920934, 1.827607193928458 ], [ -75.218969641953677, 1.827135441554033 ], [ -75.219244814549924, 1.827151702635043 ], [ -75.219202552327886, 1.827627231571856 ], [ -75.218929773920934, 1.827607193928458 ] ] ] } },
{ "type": "Feature", "properties": { "OBJECTID": 995, "codigo": "1859202020017", "sector_cat": "185920202", "tipo_avalu": "02", "Reporte": null, "Shape_Leng": 88.4782859978, "Shape_Area": 434.30152349000002, "CRS_ORIGINAL": "PROJCS[\"PCS_CAQUETA_PUERTO RICO\",GEOGCS[\"GCS_CAQUETA_PUERTO RICO\",DATUM[\"GCS_CAQUETA_PUERTO RICO\",SPHEROID[\"GRS_1980_CAQUETA:PUERTO RICO\",6378395,298.257222101]],PRIMEM[\"Greenwich\",0],UNIT[\"Degree\",0.0174532925199433]],PROJECTION[\"Transverse_Mercator\"],PARAMETER[\"latitude_of_origin\",1.91083333333333],PARAMETER[\"central_meridian\",-75.1577777777778],PARAMETER[\"scale_factor\",1],PARAMETER[\"false_easting\",879804.179],PARAMETER[\"false_northing\",703095.119],UNIT[\"metre\",1,AUTHORITY[\"EPSG\",\"9001\"]],AXIS[\"Easting\",EAST],AXIS[\"Northing\",NORTH]]", "FUENTE_PBOT": "PBOT 2015 — Cartografía de formulación", "CAPA_SIGOber": "PBOT2015_MANZANAS_INSPECCIONES" }, "geometry": { "type": "Polygon", "coordinates": [ [ [ -75.218642464430417, 1.827206781885425 ], [ -75.218912728852402, 1.827195806962877 ], [ -75.218894217891574, 1.827330390795194 ], [ -75.218632960844673, 1.827302087183557 ], [ -75.218642464430417, 1.827206781885425 ] ] ] } },
{ "type": "Feature", "properties": { "OBJECTID": 996, "codigo": "1859205050001", "sector_cat": "185920505", "tipo_avalu": "05", "Reporte": null, "Shape_Leng": 222.547336648, "Shape_Area": 2555.2835104199999, "CRS_ORIGINAL": "PROJCS[\"PCS_CAQUETA_PUERTO RICO\",GEOGCS[\"GCS_CAQUETA_PUERTO RICO\",DATUM[\"GCS_CAQUETA_PUERTO RICO\",SPHEROID[\"GRS_1980_CAQUETA:PUERTO RICO\",6378395,298.257222101]],PRIMEM[\"Greenwich\",0],UNIT[\"Degree\",0.0174532925199433]],PROJECTION[\"Transverse_Mercator\"],PARAMETER[\"latitude_of_origin\",1.91083333333333],PARAMETER[\"central_meridian\",-75.1577777777778],PARAMETER[\"scale_factor\",1],PARAMETER[\"false_easting\",879804.179],PARAMETER[\"false_northing\",703095.119],UNIT[\"metre\",1,AUTHORITY[\"EPSG\",\"9001\"]],AXIS[\"Easting\",EAST],AXIS[\"Northing\",NORTH]]", "FUENTE_PBOT": "PBOT 2015 — Cartografía de formulación", "CAPA_SIGOber": "PBOT2015_MANZANAS_INSPECCIONES" }, "geometry": { "type": "Polygon", "coordinates": [ [ [ -75.060883350824255, 1.992571880822556 ], [ -75.060251524916282, 1.992555132929607 ], [ -75.060346935981229, 1.992125118263123 ], [ -75.060953631816986, 1.992290366061262 ], [ -75.060883350824255, 1.992571880822556 ] ] ] } },
{ "type": "Feature", "properties": { "OBJECTID": 997, "codigo": "1859205050002", "sector_cat": "185920505", "tipo_avalu": "05", "Reporte": null, "Shape_Leng": 216.88793288799999, "Shape_Area": 2721.3805541500001, "CRS_ORIGINAL": "PROJCS[\"PCS_CAQUETA_PUERTO RICO\",GEOGCS[\"GCS_CAQUETA_PUERTO RICO\",DATUM[\"GCS_CAQUETA_PUERTO RICO\",SPHEROID[\"GRS_1980_CAQUETA:PUERTO RICO\",6378395,298.257222101]],PRIMEM[\"Greenwich\",0],UNIT[\"Degree\",0.0174532925199433]],PROJECTION[\"Transverse_Mercator\"],PARAMETER[\"latitude_of_origin\",1.91083333333333],PARAMETER[\"central_meridian\",-75.1577777777778],PARAMETER[\"scale_factor\",1],PARAMETER[\"false_easting\",879804.179],PARAMETER[\"false_northing\",703095.119],UNIT[\"metre\",1,AUTHORITY[\"EPSG\",\"9001\"]],AXIS[\"Easting\",EAST],AXIS[\"Northing\",NORTH]]", "FUENTE_PBOT": "PBOT 2015 — Cartografía de formulación", "CAPA_SIGOber": "PBOT2015_MANZANAS_INSPECCIONES" }, "geometry": { "type": "Polygon", "coordinates": [ [ [ -75.059504800573109, 1.991931680570797 ], [ -75.060125284150431, 1.992067534108266 ], [ -75.060024618433459, 1.99249095591338 ], [ -75.059674192008714, 1.992418300090978 ], [ -75.059504800573109, 1.991931680570797 ] ] ] } },
{ "type": "Feature", "properties": { "OBJECTID": 998, "codigo": "1859205050003", "sector_cat": "185920505", "tipo_avalu": "05", "Reporte": null, "Shape_Leng": 232.88229759399999, "Shape_Area": 2683.2278906299998, "CRS_ORIGINAL": "PROJCS[\"PCS_CAQUETA_PUERTO RICO\",GEOGCS[\"GCS_CAQUETA_PUERTO RICO\",DATUM[\"GCS_CAQUETA_PUERTO RICO\",SPHEROID[\"GRS_1980_CAQUETA:PUERTO RICO\",6378395,298.257222101]],PRIMEM[\"Greenwich\",0],UNIT[\"Degree\",0.0174532925199433]],PROJECTION[\"Transverse_Mercator\"],PARAMETER[\"latitude_of_origin\",1.91083333333333],PARAMETER[\"central_meridian\",-75.1577777777778],PARAMETER[\"scale_factor\",1],PARAMETER[\"false_easting\",879804.179],PARAMETER[\"false_northing\",703095.119],UNIT[\"metre\",1,AUTHORITY[\"EPSG\",\"9001\"]],AXIS[\"Easting\",EAST],AXIS[\"Northing\",NORTH]]", "FUENTE_PBOT": "PBOT 2015 — Cartografía de formulación", "CAPA_SIGOber": "PBOT2015_MANZANAS_INSPECCIONES" }, "geometry": { "type": "Polygon", "coordinates": [ [ [ -75.061439753444219, 1.991489259032003 ], [ -75.061845136001736, 1.991614607173481 ], [ -75.061663953913765, 1.991804335546709 ], [ -75.061594989708553, 1.992199058298598 ], [ -75.061291351400698, 1.99217079863699 ], [ -75.061439753444219, 1.991489259032003 ] ] ] } },
{ "type": "Feature", "properties": { "OBJECTID": 999, "codigo": "1859205050004", "sector_cat": "185920505", "tipo_avalu": "05", "Reporte": null, "Shape_Leng": 319.58951173100002, "Shape_Area": 6405.7868780999997, "CRS_ORIGINAL": "PROJCS[\"PCS_CAQUETA_PUERTO RICO\",GEOGCS[\"GCS_CAQUETA_PUERTO RICO\",DATUM[\"GCS_CAQUETA_PUERTO RICO\",SPHEROID[\"GRS_1980_CAQUETA:PUERTO RICO\",6378395,298.257222101]],PRIMEM[\"Greenwich\",0],UNIT[\"Degree\",0.0174532925199433]],PROJECTION[\"Transverse_Mercator\"],PARAMETER[\"latitude_of_origin\",1.91083333333333],PARAMETER[\"central_meridian\",-75.1577777777778],PARAMETER[\"scale_factor\",1],PARAMETER[\"false_easting\",879804.179],PARAMETER[\"false_northing\",703095.119],UNIT[\"metre\",1,AUTHORITY[\"EPSG\",\"9001\"]],AXIS[\"Easting\",EAST],AXIS[\"Northing\",NORTH]]", "FUENTE_PBOT": "PBOT 2015 — Cartografía de formulación", "CAPA_SIGOber": "PBOT2015_MANZANAS_INSPECCIONES" }, "geometry": { "type": "Polygon", "coordinates": [ [ [ -75.061027690743671, 1.992106487677991 ], [ -75.060379672320522, 1.991946634455099 ], [ -75.060554851668044, 1.991245114164165 ], [ -75.061246814591641, 1.991430597097358 ], [ -75.061027690743671, 1.992106487677991 ] ] ] } },
{ "type": "Feature", "properties": { "OBJECTID": 1000, "codigo": "1859205050005", "sector_cat": "185920505", "tipo_avalu": "05", "Reporte": null, "Shape_Leng": 315.65313820599999, "Shape_Area": 5684.8721138700002, "CRS_ORIGINAL": "PROJCS[\"PCS_CAQUETA_PUERTO RICO\",GEOGCS[\"GCS_CAQUETA_PUERTO RICO\",DATUM[\"GCS_CAQUETA_PUERTO RICO\",SPHEROID[\"GRS_1980_CAQUETA:PUERTO RICO\",6378395,298.257222101]],PRIMEM[\"Greenwich\",0],UNIT[\"Degree\",0.0174532925199433]],PROJECTION[\"Transverse_Mercator\"],PARAMETER[\"latitude_of_origin\",1.91083333333333],PARAMETER[\"central_meridian\",-75.1577777777778],PARAMETER[\"scale_factor\",1],PARAMETER[\"false_easting\",879804.179],PARAMETER[\"false_northing\",703095.119],UNIT[\"metre\",1,AUTHORITY[\"EPSG\",\"9001\"]],AXIS[\"Easting\",EAST],AXIS[\"Northing\",NORTH]]", "FUENTE_PBOT": "PBOT 2015 — Cartografía de formulación", "CAPA_SIGOber": "PBOT2015_MANZANAS_INSPECCIONES" }, "geometry": { "type": "Polygon", "coordinates": [ [ [ -75.059404096310402, 1.99106934710933 ], [ -75.060326518795677, 1.991296545429403 ], [ -75.060178443259261, 1.991885267881176 ], [ -75.059609447172789, 1.991736746256104 ], [ -75.059404096310402, 1.99106934710933 ] ] ] } },
{ "type": "Feature", "properties": { "OBJECTID": 1001, "codigo": "1859205050006", "sector_cat": "185920505", "tipo_avalu": "05", "Reporte": null, "Shape_Leng": 228.21909905699999, "Shape_Area": 2926.7581341599998, "CRS_ORIGINAL": "PROJCS[\"PCS_CAQUETA_PUERTO RICO\",GEOGCS[\"GCS_CAQUETA_PUERTO RICO\",DATUM[\"GCS_CAQUETA_PUERTO RICO\",SPHEROID[\"GRS_1980_CAQUETA:PUERTO RICO\",6378395,298.257222101]],PRIMEM[\"Greenwich\",0],UNIT[\"Degree\",0.0174532925199433]],PROJECTION[\"Transverse_Mercator\"],PARAMETER[\"latitude_of_origin\",1.91083333333333],PARAMETER[\"central_meridian\",-75.1577777777778],PARAMETER[\"scale_factor\",1],PARAMETER[\"false_easting\",879804.179],PARAMETER[\"false_northing\",703095.119],UNIT[\"metre\",1,AUTHORITY[\"EPSG\",\"9001\"]],AXIS[\"Easting\",EAST],AXIS[\"Northing\",NORTH]]", "FUENTE_PBOT": "PBOT 2015 — Cartografía de formulación", "CAPA_SIGOber": "PBOT2015_MANZANAS_INSPECCIONES" }, "geometry": { "type": "Polygon", "coordinates": [ [ [ -75.061647680848893, 1.990603767785861 ], [ -75.06195815057265, 1.990783168651541 ], [ -75.061748472406563, 1.991380649938726 ], [ -75.061476794967973, 1.991273848100922 ], [ -75.061647680848893, 1.990603767785861 ] ] ] } },
{ "type": "Feature", "properties": { "OBJECTID": 1002, "codigo": "1859205050007", "sector_cat": "185920505", "tipo_avalu": "05", "Reporte": null, "Shape_Leng": 317.64453502600003, "Shape_Area": 6331.6850155000002, "CRS_ORIGINAL": "PROJCS[\"PCS_CAQUETA_PUERTO RICO\",GEOGCS[\"GCS_CAQUETA_PUERTO RICO\",DATUM[\"GCS_CAQUETA_PUERTO RICO\",SPHEROID[\"GRS_1980_CAQUETA:PUERTO RICO\",6378395,298.257222101]],PRIMEM[\"Greenwich\",0],UNIT[\"Degree\",0.0174532925199433]],PROJECTION[\"Transverse_Mercator\"],PARAMETER[\"latitude_of_origin\",1.91083333333333],PARAMETER[\"central_meridian\",-75.1577777777778],PARAMETER[\"scale_factor\",1],PARAMETER[\"false_easting\",879804.179],PARAMETER[\"false_northing\",703095.119],UNIT[\"metre\",1,AUTHORITY[\"EPSG\",\"9001\"]],AXIS[\"Easting\",EAST],AXIS[\"Northing\",NORTH]]", "FUENTE_PBOT": "PBOT 2015 — Cartografía de formulación", "CAPA_SIGOber": "PBOT2015_MANZANAS_INSPECCIONES" }, "geometry": { "type": "Polygon", "coordinates": [ [ [ -75.060599228324733, 1.991061668424306 ], [ -75.060770235895589, 1.990370647106127 ], [ -75.061463026404141, 1.990545160457884 ], [ -75.061293438381938, 1.991244378453474 ], [ -75.060599228324733, 1.991061668424306 ] ] ] } },
{ "type": "Feature", "properties": { "OBJECTID": 1003, "codigo": "1859205050008", "sector_cat": "185920505", "tipo_avalu": "05", "Reporte": null, "Shape_Leng": 318.15296939199999, "Shape_Area": 6326.2111427700002, "CRS_ORIGINAL": "PROJCS[\"PCS_CAQUETA_PUERTO RICO\",GEOGCS[\"GCS_CAQUETA_PUERTO RICO\",DATUM[\"GCS_CAQUETA_PUERTO RICO\",SPHEROID[\"GRS_1980_CAQUETA:PUERTO RICO\",6378395,298.257222101]],PRIMEM[\"Greenwich\",0],UNIT[\"Degree\",0.0174532925199433]],PROJECTION[\"Transverse_Mercator\"],PARAMETER[\"latitude_of_origin\",1.91083333333333],PARAMETER[\"central_meridian\",-75.1577777777778],PARAMETER[\"scale_factor\",1],PARAMETER[\"false_easting\",879804.179],PARAMETER[\"false_northing\",703095.119],UNIT[\"metre\",1,AUTHORITY[\"EPSG\",\"9001\"]],AXIS[\"Easting\",EAST],AXIS[\"Northing\",NORTH]]", "FUENTE_PBOT": "PBOT 2015 — Cartografía de formulación", "CAPA_SIGOber": "PBOT2015_MANZANAS_INSPECCIONES" }, "geometry": { "type": "Polygon", "coordinates": [ [ [ -75.059707063081532, 1.990826175224714 ], [ -75.059881786712126, 1.990125386024991 ], [ -75.060573256528102, 1.990298298900614 ], [ -75.060398420886528, 1.990997815800243 ], [ -75.059707063081532, 1.990826175224714 ] ] ] } },
{ "type": "Feature", "properties": { "OBJECTID": 1004, "codigo": "1859205050009", "sector_cat": "185920505", "tipo_avalu": "05", "Reporte": null, "Shape_Leng": 298.93293761199999, "Shape_Area": 4337.5613027999998, "CRS_ORIGINAL": "PROJCS[\"PCS_CAQUETA_PUERTO RICO\",GEOGCS[\"GCS_CAQUETA_PUERTO RICO\",DATUM[\"GCS_CAQUETA_PUERTO RICO\",SPHEROID[\"GRS_1980_CAQUETA:PUERTO RICO\",6378395,298.257222101]],PRIMEM[\"Greenwich\",0],UNIT[\"Degree\",0.0174532925199433]],PROJECTION[\"Transverse_Mercator\"],PARAMETER[\"latitude_of_origin\",1.91083333333333],PARAMETER[\"central_meridian\",-75.1577777777778],PARAMETER[\"scale_factor\",1],PARAMETER[\"false_easting\",879804.179],PARAMETER[\"false_northing\",703095.119],UNIT[\"metre\",1,AUTHORITY[\"EPSG\",\"9001\"]],AXIS[\"Easting\",EAST],AXIS[\"Northing\",NORTH]]", "FUENTE_PBOT": "PBOT 2015 — Cartografía de formulación", "CAPA_SIGOber": "PBOT2015_MANZANAS_INSPECCIONES" }, "geometry": { "type": "Polygon", "coordinates": [ [ [ -75.059204317795391, 1.990769279392784 ], [ -75.058900660522141, 1.989886042248911 ], [ -75.059598311056291, 1.990061918332077 ], [ -75.059455660459349, 1.990807762885639 ], [ -75.059204317795391, 1.990769279392784 ] ] ] } },
{ "type": "Feature", "properties": { "OBJECTID": 1005, "codigo": "1859202020006", "sector_cat": "185920202", "tipo_avalu": "02", "Reporte": null, "Shape_Leng": 148.649420585, "Shape_Area": 1048.6852371, "CRS_ORIGINAL": "PROJCS[\"PCS_CAQUETA_PUERTO RICO\",GEOGCS[\"GCS_CAQUETA_PUERTO RICO\",DATUM[\"GCS_CAQUETA_PUERTO RICO\",SPHEROID[\"GRS_1980_CAQUETA:PUERTO RICO\",6378395,298.257222101]],PRIMEM[\"Greenwich\",0],UNIT[\"Degree\",0.0174532925199433]],PROJECTION[\"Transverse_Mercator\"],PARAMETER[\"latitude_of_origin\",1.91083333333333],PARAMETER[\"central_meridian\",-75.1577777777778],PARAMETER[\"scale_factor\",1],PARAMETER[\"false_easting\",879804.179],PARAMETER[\"false_northing\",703095.119],UNIT[\"metre\",1,AUTHORITY[\"EPSG\",\"9001\"]],AXIS[\"Easting\",EAST],AXIS[\"Northing\",NORTH]]", "FUENTE_PBOT": "PBOT 2015 — Cartografía de formulación", "CAPA_SIGOber": "PBOT2015_MANZANAS_INSPECCIONES" }, "geometry": { "type": "Polygon", "coordinates": [ [ [ -75.217190460957426, 1.829977137909765 ], [ -75.217715097083769, 1.829936490941416 ], [ -75.217742374494051, 1.830002124102107 ], [ -75.217298343311413, 1.830202314307399 ], [ -75.217190460957426, 1.829977137909765 ] ] ] } },
{ "type": "Feature", "properties": { "OBJECTID": 1006, "codigo": "1859202020009", "sector_cat": "185920202", "tipo_avalu": "02", "Reporte": null, "Shape_Leng": 177.75357161400001, "Shape_Area": 1030.2794824499999, "CRS_ORIGINAL": "PROJCS[\"PCS_CAQUETA_PUERTO RICO\",GEOGCS[\"GCS_CAQUETA_PUERTO RICO\",DATUM[\"GCS_CAQUETA_PUERTO RICO\",SPHEROID[\"GRS_1980_CAQUETA:PUERTO RICO\",6378395,298.257222101]],PRIMEM[\"Greenwich\",0],UNIT[\"Degree\",0.0174532925199433]],PROJECTION[\"Transverse_Mercator\"],PARAMETER[\"latitude_of_origin\",1.91083333333333],PARAMETER[\"central_meridian\",-75.1577777777778],PARAMETER[\"scale_factor\",1],PARAMETER[\"false_easting\",879804.179],PARAMETER[\"false_northing\",703095.119],UNIT[\"metre\",1,AUTHORITY[\"EPSG\",\"9001\"]],AXIS[\"Easting\",EAST],AXIS[\"Northing\",NORTH]]", "FUENTE_PBOT": "PBOT 2015 — Cartografía de formulación", "CAPA_SIGOber": "PBOT2015_MANZANAS_INSPECCIONES" }, "geometry": { "type": "Polygon", "coordinates": [ [ [ -75.216781251377114, 1.831237761627495 ], [ -75.216487261439937, 1.830647539864359 ], [ -75.216621769539046, 1.830587330932136 ], [ -75.216886025958999, 1.83118589369957 ], [ -75.216781251377114, 1.831237761627495 ] ] ] } },
{ "type": "Feature", "properties": { "OBJECTID": 1007, "codigo": "1859205050010", "sector_cat": "185920505", "tipo_avalu": "05", "Reporte": null, "Shape_Leng": 237.873399925, "Shape_Area": 3110.5760171400002, "CRS_ORIGINAL": "PROJCS[\"PCS_CAQUETA_PUERTO RICO\",GEOGCS[\"GCS_CAQUETA_PUERTO RICO\",DATUM[\"GCS_CAQUETA_PUERTO RICO\",SPHEROID[\"GRS_1980_CAQUETA:PUERTO RICO\",6378395,298.257222101]],PRIMEM[\"Greenwich\",0],UNIT[\"Degree\",0.0174532925199433]],PROJECTION[\"Transverse_Mercator\"],PARAMETER[\"latitude_of_origin\",1.91083333333333],PARAMETER[\"central_meridian\",-75.1577777777778],PARAMETER[\"scale_factor\",1],PARAMETER[\"false_easting\",879804.179],PARAMETER[\"false_northing\",703095.119],UNIT[\"metre\",1,AUTHORITY[\"EPSG\",\"9001\"]],AXIS[\"Easting\",EAST],AXIS[\"Northing\",NORTH]]", "FUENTE_PBOT": "PBOT 2015 — Cartografía de formulación", "CAPA_SIGOber": "PBOT2015_MANZANAS_INSPECCIONES" }, "geometry": { "type": "Polygon", "coordinates": [ [ [ -75.061717910486166, 1.990362044957547 ], [ -75.061872589990656, 1.989704254554446 ], [ -75.062205706706052, 1.989806032153962 ], [ -75.062026354295725, 1.990483019752727 ], [ -75.061717910486166, 1.990362044957547 ] ] ] } },
{ "type": "Feature", "properties": { "OBJECTID": 1008, "codigo": "1859205050011", "sector_cat": "185920505", "tipo_avalu": "05", "Reporte": null, "Shape_Leng": 314.39556115300002, "Shape_Area": 6072.1172148699998, "CRS_ORIGINAL": "PROJCS[\"PCS_CAQUETA_PUERTO RICO\",GEOGCS[\"GCS_CAQUETA_PUERTO RICO\",DATUM[\"GCS_CAQUETA_PUERTO RICO\",SPHEROID[\"GRS_1980_CAQUETA:PUERTO RICO\",6378395,298.257222101]],PRIMEM[\"Greenwich\",0],UNIT[\"Degree\",0.0174532925199433]],PROJECTION[\"Transverse_Mercator\"],PARAMETER[\"latitude_of_origin\",1.91083333333333],PARAMETER[\"central_meridian\",-75.1577777777778],PARAMETER[\"scale_factor\",1],PARAMETER[\"false_easting\",879804.179],PARAMETER[\"false_northing\",703095.119],UNIT[\"metre\",1,AUTHORITY[\"EPSG\",\"9001\"]],AXIS[\"Easting\",EAST],AXIS[\"Northing\",NORTH]]", "FUENTE_PBOT": "PBOT 2015 — Cartografía de formulación", "CAPA_SIGOber": "PBOT2015_MANZANAS_INSPECCIONES" }, "geometry": { "type": "Polygon", "coordinates": [ [ [ -75.06082478065639, 1.990168959893614 ], [ -75.060980352498788, 1.989473586022879 ], [ -75.061661988975132, 1.989699456789452 ], [ -75.061509490951678, 1.990341694350246 ], [ -75.06082478065639, 1.990168959893614 ] ] ] } },
{ "type": "Feature", "properties": { "OBJECTID": 1009, "codigo": "1859205050013", "sector_cat": "185920505", "tipo_avalu": "05", "Reporte": null, "Shape_Leng": 304.96035984500003, "Shape_Area": 5696.4726699599996, "CRS_ORIGINAL": "PROJCS[\"PCS_CAQUETA_PUERTO RICO\",GEOGCS[\"GCS_CAQUETA_PUERTO RICO\",DATUM[\"GCS_CAQUETA_PUERTO RICO\",SPHEROID[\"GRS_1980_CAQUETA:PUERTO RICO\",6378395,298.257222101]],PRIMEM[\"Greenwich\",0],UNIT[\"Degree\",0.0174532925199433]],PROJECTION[\"Transverse_Mercator\"],PARAMETER[\"latitude_of_origin\",1.91083333333333],PARAMETER[\"central_meridian\",-75.1577777777778],PARAMETER[\"scale_factor\",1],PARAMETER[\"false_easting\",879804.179],PARAMETER[\"false_northing\",703095.119],UNIT[\"metre\",1,AUTHORITY[\"EPSG\",\"9001\"]],AXIS[\"Easting\",EAST],AXIS[\"Northing\",NORTH]]", "FUENTE_PBOT": "PBOT 2015 — Cartografía de formulación", "CAPA_SIGOber": "PBOT2015_MANZANAS_INSPECCIONES" }, "geometry": { "type": "Polygon", "coordinates": [ [ [ -75.059676649841919, 1.989818215679432 ], [ -75.058967384319331, 1.98965583530087 ], [ -75.059086345088275, 1.9890671261057 ], [ -75.059822870595951, 1.989247128061691 ], [ -75.059676649841919, 1.989818215679432 ] ] ] } },
{ "type": "Feature", "properties": { "OBJECTID": 1010, "codigo": "1859205050014", "sector_cat": "185920505", "tipo_avalu": "05", "Reporte": null, "Shape_Leng": 337.984631552, "Shape_Area": 7110.8913009500002, "CRS_ORIGINAL": "PROJCS[\"PCS_CAQUETA_PUERTO RICO\",GEOGCS[\"GCS_CAQUETA_PUERTO RICO\",DATUM[\"GCS_CAQUETA_PUERTO RICO\",SPHEROID[\"GRS_1980_CAQUETA:PUERTO RICO\",6378395,298.257222101]],PRIMEM[\"Greenwich\",0],UNIT[\"Degree\",0.0174532925199433]],PROJECTION[\"Transverse_Mercator\"],PARAMETER[\"latitude_of_origin\",1.91083333333333],PARAMETER[\"central_meridian\",-75.1577777777778],PARAMETER[\"scale_factor\",1],PARAMETER[\"false_easting\",879804.179],PARAMETER[\"false_northing\",703095.119],UNIT[\"metre\",1,AUTHORITY[\"EPSG\",\"9001\"]],AXIS[\"Easting\",EAST],AXIS[\"Northing\",NORTH]]", "FUENTE_PBOT": "PBOT 2015 — Cartografía de formulación", "CAPA_SIGOber": "PBOT2015_MANZANAS_INSPECCIONES" }, "geometry": { "type": "Polygon", "coordinates": [ [ [ -75.059173251275524, 1.988861917253491 ], [ -75.059358587164169, 1.988070525751792 ], [ -75.060051208854588, 1.988234872246258 ], [ -75.059865488642544, 1.989025151502599 ], [ -75.059173251275524, 1.988861917253491 ] ] ] } },
{ "type": "Feature", "properties": { "OBJECTID": 1011, "codigo": "1859205050015", "sector_cat": "185920505", "tipo_avalu": "05", "Reporte": null, "Shape_Leng": 308.26327975499999, "Shape_Area": 5951.0739048799996, "CRS_ORIGINAL": "PROJCS[\"PCS_CAQUETA_PUERTO RICO\",GEOGCS[\"GCS_CAQUETA_PUERTO RICO\",DATUM[\"GCS_CAQUETA_PUERTO RICO\",SPHEROID[\"GRS_1980_CAQUETA:PUERTO RICO\",6378395,298.257222101]],PRIMEM[\"Greenwich\",0],UNIT[\"Degree\",0.0174532925199433]],PROJECTION[\"Transverse_Mercator\"],PARAMETER[\"latitude_of_origin\",1.91083333333333],PARAMETER[\"central_meridian\",-75.1577777777778],PARAMETER[\"scale_factor\",1],PARAMETER[\"false_easting\",879804.179],PARAMETER[\"false_northing\",703095.119],UNIT[\"metre\",1,AUTHORITY[\"EPSG\",\"9001\"]],AXIS[\"Easting\",EAST],AXIS[\"Northing\",NORTH]]", "FUENTE_PBOT": "PBOT 2015 — Cartografía de formulación", "CAPA_SIGOber": "PBOT2015_MANZANAS_INSPECCIONES" }, "geometry": { "type": "Polygon", "coordinates": [ [ [ -75.060215084567176, 1.988429381518079 ], [ -75.060872463833348, 1.98848707421827 ], [ -75.060700465470774, 1.989211486496271 ], [ -75.060065769775889, 1.98906895705026 ], [ -75.060215084567176, 1.988429381518079 ] ] ] } },
{ "type": "Feature", "properties": { "OBJECTID": 1012, "codigo": "1859205050016", "sector_cat": "185920505", "tipo_avalu": "05", "Reporte": null, "Shape_Leng": 314.0478622, "Shape_Area": 6119.6185709499996, "CRS_ORIGINAL": "PROJCS[\"PCS_CAQUETA_PUERTO RICO\",GEOGCS[\"GCS_CAQUETA_PUERTO RICO\",DATUM[\"GCS_CAQUETA_PUERTO RICO\",SPHEROID[\"GRS_1980_CAQUETA:PUERTO RICO\",6378395,298.257222101]],PRIMEM[\"Greenwich\",0],UNIT[\"Degree\",0.0174532925199433]],PROJECTION[\"Transverse_Mercator\"],PARAMETER[\"latitude_of_origin\",1.91083333333333],PARAMETER[\"central_meridian\",-75.1577777777778],PARAMETER[\"scale_factor\",1],PARAMETER[\"false_easting\",879804.179],PARAMETER[\"false_northing\",703095.119],UNIT[\"metre\",1,AUTHORITY[\"EPSG\",\"9001\"]],AXIS[\"Easting\",EAST],AXIS[\"Northing\",NORTH]]", "FUENTE_PBOT": "PBOT 2015 — Cartografía de formulación", "CAPA_SIGOber": "PBOT2015_MANZANAS_INSPECCIONES" }, "geometry": { "type": "Polygon", "coordinates": [ [ [ -75.061049822065371, 1.989284254606288 ], [ -75.061224747411345, 1.988581631375152 ], [ -75.06186791690962, 1.988728595811448 ], [ -75.061726341174406, 1.989463051132141 ], [ -75.061049822065371, 1.989284254606288 ] ] ] } },
{ "type": "Feature", "properties": { "OBJECTID": 1013, "codigo": "1859205050017", "sector_cat": "185920505", "tipo_avalu": "05", "Reporte": null, "Shape_Leng": 287.97041212400001, "Shape_Area": 5225.1024991699996, "CRS_ORIGINAL": "PROJCS[\"PCS_CAQUETA_PUERTO RICO\",GEOGCS[\"GCS_CAQUETA_PUERTO RICO\",DATUM[\"GCS_CAQUETA_PUERTO RICO\",SPHEROID[\"GRS_1980_CAQUETA:PUERTO RICO\",6378395,298.257222101]],PRIMEM[\"Greenwich\",0],UNIT[\"Degree\",0.0174532925199433]],PROJECTION[\"Transverse_Mercator\"],PARAMETER[\"latitude_of_origin\",1.91083333333333],PARAMETER[\"central_meridian\",-75.1577777777778],PARAMETER[\"scale_factor\",1],PARAMETER[\"false_easting\",879804.179],PARAMETER[\"false_northing\",703095.119],UNIT[\"metre\",1,AUTHORITY[\"EPSG\",\"9001\"]],AXIS[\"Easting\",EAST],AXIS[\"Northing\",NORTH]]", "FUENTE_PBOT": "PBOT 2015 — Cartografía de formulación", "CAPA_SIGOber": "PBOT2015_MANZANAS_INSPECCIONES" }, "geometry": { "type": "Polygon", "coordinates": [ [ [ -75.062066535480454, 1.988875273608528 ], [ -75.062678158650726, 1.988987562724924 ], [ -75.062475251317039, 1.989640215051168 ], [ -75.061912344854065, 1.989515581496195 ], [ -75.062066535480454, 1.988875273608528 ] ] ] } },
{ "type": "Feature", "properties": { "OBJECTID": 1014, "codigo": "1859205050012", "sector_cat": "185920505", "tipo_avalu": "05", "Reporte": null, "Shape_Leng": 306.59217234900001, "Shape_Area": 5798.1754583499996, "CRS_ORIGINAL": "PROJCS[\"PCS_CAQUETA_PUERTO RICO\",GEOGCS[\"GCS_CAQUETA_PUERTO RICO\",DATUM[\"GCS_CAQUETA_PUERTO RICO\",SPHEROID[\"GRS_1980_CAQUETA:PUERTO RICO\",6378395,298.257222101]],PRIMEM[\"Greenwich\",0],UNIT[\"Degree\",0.0174532925199433]],PROJECTION[\"Transverse_Mercator\"],PARAMETER[\"latitude_of_origin\",1.91083333333333],PARAMETER[\"central_meridian\",-75.1577777777778],PARAMETER[\"scale_factor\",1],PARAMETER[\"false_easting\",879804.179],PARAMETER[\"false_northing\",703095.119],UNIT[\"metre\",1,AUTHORITY[\"EPSG\",\"9001\"]],AXIS[\"Easting\",EAST],AXIS[\"Northing\",NORTH]]", "FUENTE_PBOT": "PBOT 2015 — Cartografía de formulación", "CAPA_SIGOber": "PBOT2015_MANZANAS_INSPECCIONES" }, "geometry": { "type": "Polygon", "coordinates": [ [ [ -75.060038237713869, 1.989279962270349 ], [ -75.060682140543221, 1.989431687821169 ], [ -75.060602372716076, 1.990099217889218 ], [ -75.059896111632924, 1.989917885100963 ], [ -75.060038237713869, 1.989279962270349 ] ] ] } },
{ "type": "Feature", "properties": { "OBJECTID": 1015, "codigo": "1859206060001", "sector_cat": "185920606", "tipo_avalu": "06", "Reporte": null, "Shape_Leng": 218.644325665, "Shape_Area": 2561.1986039100002, "CRS_ORIGINAL": "PROJCS[\"PCS_CAQUETA_PUERTO RICO\",GEOGCS[\"GCS_CAQUETA_PUERTO RICO\",DATUM[\"GCS_CAQUETA_PUERTO RICO\",SPHEROID[\"GRS_1980_CAQUETA:PUERTO RICO\",6378395,298.257222101]],PRIMEM[\"Greenwich\",0],UNIT[\"Degree\",0.0174532925199433]],PROJECTION[\"Transverse_Mercator\"],PARAMETER[\"latitude_of_origin\",1.91083333333333],PARAMETER[\"central_meridian\",-75.1577777777778],PARAMETER[\"scale_factor\",1],PARAMETER[\"false_easting\",879804.179],PARAMETER[\"false_northing\",703095.119],UNIT[\"metre\",1,AUTHORITY[\"EPSG\",\"9001\"]],AXIS[\"Easting\",EAST],AXIS[\"Northing\",NORTH]]", "FUENTE_PBOT": "PBOT 2015 — Cartografía de formulación", "CAPA_SIGOber": "PBOT2015_MANZANAS_INSPECCIONES" }, "geometry": { "type": "Polygon", "coordinates": [ [ [ -75.11884787669122, 2.244513040071694 ], [ -75.118899084123015, 2.2449546822633 ], [ -75.118267855096917, 2.244822828114985 ], [ -75.118234084750839, 2.244616340162747 ], [ -75.11884787669122, 2.244513040071694 ] ] ] } },
{ "type": "Feature", "properties": { "OBJECTID": 1016, "codigo": "1859206060002", "sector_cat": "185920606", "tipo_avalu": "06", "Reporte": null, "Shape_Leng": 398.58250681800001, "Shape_Area": 8291.5940241299995, "CRS_ORIGINAL": "PROJCS[\"PCS_CAQUETA_PUERTO RICO\",GEOGCS[\"GCS_CAQUETA_PUERTO RICO\",DATUM[\"GCS_CAQUETA_PUERTO RICO\",SPHEROID[\"GRS_1980_CAQUETA:PUERTO RICO\",6378395,298.257222101]],PRIMEM[\"Greenwich\",0],UNIT[\"Degree\",0.0174532925199433]],PROJECTION[\"Transverse_Mercator\"],PARAMETER[\"latitude_of_origin\",1.91083333333333],PARAMETER[\"central_meridian\",-75.1577777777778],PARAMETER[\"scale_factor\",1],PARAMETER[\"false_easting\",879804.179],PARAMETER[\"false_northing\",703095.119],UNIT[\"metre\",1,AUTHORITY[\"EPSG\",\"9001\"]],AXIS[\"Easting\",EAST],AXIS[\"Northing\",NORTH]]", "FUENTE_PBOT": "PBOT 2015 — Cartografía de formulación", "CAPA_SIGOber": "PBOT2015_MANZANAS_INSPECCIONES" }, "geometry": { "type": "Polygon", "coordinates": [ [ [ -75.118018043066442, 2.244640358550528 ], [ -75.118092638065022, 2.24521885136835 ], [ -75.117401923758322, 2.245953855702556 ], [ -75.117344022433301, 2.244666986569863 ], [ -75.118018043066442, 2.244640358550528 ] ] ] } },
{ "type": "Feature", "properties": { "OBJECTID": 1017, "codigo": "1859206060003", "sector_cat": "185920606", "tipo_avalu": "06", "Reporte": null, "Shape_Leng": 222.88711754600001, "Shape_Area": 2597.8241153700001, "CRS_ORIGINAL": "PROJCS[\"PCS_CAQUETA_PUERTO RICO\",GEOGCS[\"GCS_CAQUETA_PUERTO RICO\",DATUM[\"GCS_CAQUETA_PUERTO RICO\",SPHEROID[\"GRS_1980_CAQUETA:PUERTO RICO\",6378395,298.257222101]],PRIMEM[\"Greenwich\",0],UNIT[\"Degree\",0.0174532925199433]],PROJECTION[\"Transverse_Mercator\"],PARAMETER[\"latitude_of_origin\",1.91083333333333],PARAMETER[\"central_meridian\",-75.1577777777778],PARAMETER[\"scale_factor\",1],PARAMETER[\"false_easting\",879804.179],PARAMETER[\"false_northing\",703095.119],UNIT[\"metre\",1,AUTHORITY[\"EPSG\",\"9001\"]],AXIS[\"Easting\",EAST],AXIS[\"Northing\",NORTH]]", "FUENTE_PBOT": "PBOT 2015 — Cartografía de formulación", "CAPA_SIGOber": "PBOT2015_MANZANAS_INSPECCIONES" }, "geometry": { "type": "Polygon", "coordinates": [ [ [ -75.117126934675198, 2.244700501687964 ], [ -75.117213503634702, 2.245126159824896 ], [ -75.116482567802166, 2.245033970933337 ], [ -75.116846191229186, 2.244717865961163 ], [ -75.117126934675198, 2.244700501687964 ] ] ] } },
{ "type": "Feature", "properties": { "OBJECTID": 1018, "codigo": "1859206060004", "sector_cat": "185920606", "tipo_avalu": "06", "Reporte": null, "Shape_Leng": 248.76981232, "Shape_Area": 3333.7724666899999, "CRS_ORIGINAL": "PROJCS[\"PCS_CAQUETA_PUERTO RICO\",GEOGCS[\"GCS_CAQUETA_PUERTO RICO\",DATUM[\"GCS_CAQUETA_PUERTO RICO\",SPHEROID[\"GRS_1980_CAQUETA:PUERTO RICO\",6378395,298.257222101]],PRIMEM[\"Greenwich\",0],UNIT[\"Degree\",0.0174532925199433]],PROJECTION[\"Transverse_Mercator\"],PARAMETER[\"latitude_of_origin\",1.91083333333333],PARAMETER[\"central_meridian\",-75.1577777777778],PARAMETER[\"scale_factor\",1],PARAMETER[\"false_easting\",879804.179],PARAMETER[\"false_northing\",703095.119],UNIT[\"metre\",1,AUTHORITY[\"EPSG\",\"9001\"]],AXIS[\"Easting\",EAST],AXIS[\"Northing\",NORTH]]", "FUENTE_PBOT": "PBOT 2015 — Cartografía de formulación", "CAPA_SIGOber": "PBOT2015_MANZANAS_INSPECCIONES" }, "geometry": { "type": "Polygon", "coordinates": [ [ [ -75.116930428661306, 2.244613021668655 ], [ -75.11674998644456, 2.243857961222161 ], [ -75.11719229463182, 2.243858760161495 ], [ -75.11720910270563, 2.244606308345655 ], [ -75.116930428661306, 2.244613021668655 ] ] ] } },
{ "type": "Feature", "properties": { "OBJECTID": 1019, "codigo": "1859206060005", "sector_cat": "185920606", "tipo_avalu": "06", "Reporte": null, "Shape_Leng": 320.43951442100001, "Shape_Area": 6416.2892093800001, "CRS_ORIGINAL": "PROJCS[\"PCS_CAQUETA_PUERTO RICO\",GEOGCS[\"GCS_CAQUETA_PUERTO RICO\",DATUM[\"GCS_CAQUETA_PUERTO RICO\",SPHEROID[\"GRS_1980_CAQUETA:PUERTO RICO\",6378395,298.257222101]],PRIMEM[\"Greenwich\",0],UNIT[\"Degree\",0.0174532925199433]],PROJECTION[\"Transverse_Mercator\"],PARAMETER[\"latitude_of_origin\",1.91083333333333],PARAMETER[\"central_meridian\",-75.1577777777778],PARAMETER[\"scale_factor\",1],PARAMETER[\"false_easting\",879804.179],PARAMETER[\"false_northing\",703095.119],UNIT[\"metre\",1,AUTHORITY[\"EPSG\",\"9001\"]],AXIS[\"Easting\",EAST],AXIS[\"Northing\",NORTH]]", "FUENTE_PBOT": "PBOT 2015 — Cartografía de formulación", "CAPA_SIGOber": "PBOT2015_MANZANAS_INSPECCIONES" }, "geometry": { "type": "Polygon", "coordinates": [ [ [ -75.117930257200854, 2.243798894834958 ], [ -75.118055292047615, 2.244521327730052 ], [ -75.117329325187669, 2.24457428631489 ], [ -75.117282063347574, 2.243850810133563 ], [ -75.117930257200854, 2.243798894834958 ] ] ] } },
{ "type": "Feature", "properties": { "OBJECTID": 1020, "codigo": "1859206060006", "sector_cat": "185920606", "tipo_avalu": "06", "Reporte": null, "Shape_Leng": 326.28236793600001, "Shape_Area": 6653.3999838199998, "CRS_ORIGINAL": "PROJCS[\"PCS_CAQUETA_PUERTO RICO\",GEOGCS[\"GCS_CAQUETA_PUERTO RICO\",DATUM[\"GCS_CAQUETA_PUERTO RICO\",SPHEROID[\"GRS_1980_CAQUETA:PUERTO RICO\",6378395,298.257222101]],PRIMEM[\"Greenwich\",0],UNIT[\"Degree\",0.0174532925199433]],PROJECTION[\"Transverse_Mercator\"],PARAMETER[\"latitude_of_origin\",1.91083333333333],PARAMETER[\"central_meridian\",-75.1577777777778],PARAMETER[\"scale_factor\",1],PARAMETER[\"false_easting\",879804.179],PARAMETER[\"false_northing\",703095.119],UNIT[\"metre\",1,AUTHORITY[\"EPSG\",\"9001\"]],AXIS[\"Easting\",EAST],AXIS[\"Northing\",NORTH]]", "FUENTE_PBOT": "PBOT 2015 — Cartografía de formulación", "CAPA_SIGOber": "PBOT2015_MANZANAS_INSPECCIONES" }, "geometry": { "type": "Polygon", "coordinates": [ [ [ -75.118775816683055, 2.243652549915929 ], [ -75.118915501611582, 2.244381953744917 ], [ -75.118193563069269, 2.24448359617301 ], [ -75.118092217423083, 2.243746463235325 ], [ -75.118775816683055, 2.243652549915929 ] ] ] } },
{ "type": "Feature", "properties": { "OBJECTID": 1021, "codigo": "1859206060007", "sector_cat": "185920606", "tipo_avalu": "06", "Reporte": null, "Shape_Leng": 307.07583512899998, "Shape_Area": 4329.9951720199997, "CRS_ORIGINAL": "PROJCS[\"PCS_CAQUETA_PUERTO RICO\",GEOGCS[\"GCS_CAQUETA_PUERTO RICO\",DATUM[\"GCS_CAQUETA_PUERTO RICO\",SPHEROID[\"GRS_1980_CAQUETA:PUERTO RICO\",6378395,298.257222101]],PRIMEM[\"Greenwich\",0],UNIT[\"Degree\",0.0174532925199433]],PROJECTION[\"Transverse_Mercator\"],PARAMETER[\"latitude_of_origin\",1.91083333333333],PARAMETER[\"central_meridian\",-75.1577777777778],PARAMETER[\"scale_factor\",1],PARAMETER[\"false_easting\",879804.179],PARAMETER[\"false_northing\",703095.119],UNIT[\"metre\",1,AUTHORITY[\"EPSG\",\"9001\"]],AXIS[\"Easting\",EAST],AXIS[\"Northing\",NORTH]]", "FUENTE_PBOT": "PBOT 2015 — Cartografía de formulación", "CAPA_SIGOber": "PBOT2015_MANZANAS_INSPECCIONES" }, "geometry": { "type": "Polygon", "coordinates": [ [ [ -75.119658855670409, 2.243520235562188 ], [ -75.119673685556592, 2.243708500835719 ], [ -75.119500258901198, 2.243722524152737 ], [ -75.119192169889104, 2.244344099386575 ], [ -75.119015691635255, 2.2443690810257 ], [ -75.118909827877317, 2.243626069723526 ], [ -75.119658855670409, 2.243520235562188 ] ] ] } },
{ "type": "Feature", "properties": { "OBJECTID": 1022, "codigo": "1859206060008", "sector_cat": "185920606", "tipo_avalu": "06", "Reporte": null, "Shape_Leng": 320.305341521, "Shape_Area": 6410.9568957600004, "CRS_ORIGINAL": "PROJCS[\"PCS_CAQUETA_PUERTO RICO\",GEOGCS[\"GCS_CAQUETA_PUERTO RICO\",DATUM[\"GCS_CAQUETA_PUERTO RICO\",SPHEROID[\"GRS_1980_CAQUETA:PUERTO RICO\",6378395,298.257222101]],PRIMEM[\"Greenwich\",0],UNIT[\"Degree\",0.0174532925199433]],PROJECTION[\"Transverse_Mercator\"],PARAMETER[\"latitude_of_origin\",1.91083333333333],PARAMETER[\"central_meridian\",-75.1577777777778],PARAMETER[\"scale_factor\",1],PARAMETER[\"false_easting\",879804.179],PARAMETER[\"false_northing\",703095.119],UNIT[\"metre\",1,AUTHORITY[\"EPSG\",\"9001\"]],AXIS[\"Easting\",EAST],AXIS[\"Northing\",NORTH]]", "FUENTE_PBOT": "PBOT 2015 — Cartografía de formulación", "CAPA_SIGOber": "PBOT2015_MANZANAS_INSPECCIONES" }, "geometry": { "type": "Polygon", "coordinates": [ [ [ -75.118769198410448, 2.242784541152214 ], [ -75.119492704382722, 2.242676624971241 ], [ -75.119597027041465, 2.243380475182769 ], [ -75.11887751338044, 2.243492906485864 ], [ -75.118769198410448, 2.242784541152214 ] ] ] } },
{ "type": "Feature", "properties": { "OBJECTID": 1023, "codigo": "1859206060009", "sector_cat": "185920606", "tipo_avalu": "06", "Reporte": null, "Shape_Leng": 325.08900020300001, "Shape_Area": 6557.9038146000003, "CRS_ORIGINAL": "PROJCS[\"PCS_CAQUETA_PUERTO RICO\",GEOGCS[\"GCS_CAQUETA_PUERTO RICO\",DATUM[\"GCS_CAQUETA_PUERTO RICO\",SPHEROID[\"GRS_1980_CAQUETA:PUERTO RICO\",6378395,298.257222101]],PRIMEM[\"Greenwich\",0],UNIT[\"Degree\",0.0174532925199433]],PROJECTION[\"Transverse_Mercator\"],PARAMETER[\"latitude_of_origin\",1.91083333333333],PARAMETER[\"central_meridian\",-75.1577777777778],PARAMETER[\"scale_factor\",1],PARAMETER[\"false_easting\",879804.179],PARAMETER[\"false_northing\",703095.119],UNIT[\"metre\",1,AUTHORITY[\"EPSG\",\"9001\"]],AXIS[\"Easting\",EAST],AXIS[\"Northing\",NORTH]]", "FUENTE_PBOT": "PBOT 2015 — Cartografía de formulación", "CAPA_SIGOber": "PBOT2015_MANZANAS_INSPECCIONES" }, "geometry": { "type": "Polygon", "coordinates": [ [ [ -75.117966461777172, 2.242877143647453 ], [ -75.118679210200554, 2.242795968015456 ], [ -75.118787629171123, 2.243512136860401 ], [ -75.118068493712769, 2.243614222527891 ], [ -75.117966461777172, 2.242877143647453 ] ] ] } },
{ "type": "Feature", "properties": { "OBJECTID": 1024, "codigo": "1859206060010", "sector_cat": "185920606", "tipo_avalu": "06", "Reporte": null, "Shape_Leng": 292.76279859700003, "Shape_Area": 3478.0863656299998, "CRS_ORIGINAL": "PROJCS[\"PCS_CAQUETA_PUERTO RICO\",GEOGCS[\"GCS_CAQUETA_PUERTO RICO\",DATUM[\"GCS_CAQUETA_PUERTO RICO\",SPHEROID[\"GRS_1980_CAQUETA:PUERTO RICO\",6378395,298.257222101]],PRIMEM[\"Greenwich\",0],UNIT[\"Degree\",0.0174532925199433]],PROJECTION[\"Transverse_Mercator\"],PARAMETER[\"latitude_of_origin\",1.91083333333333],PARAMETER[\"central_meridian\",-75.1577777777778],PARAMETER[\"scale_factor\",1],PARAMETER[\"false_easting\",879804.179],PARAMETER[\"false_northing\",703095.119],UNIT[\"metre\",1,AUTHORITY[\"EPSG\",\"9001\"]],AXIS[\"Easting\",EAST],AXIS[\"Northing\",NORTH]]", "FUENTE_PBOT": "PBOT 2015 — Cartografía de formulación", "CAPA_SIGOber": "PBOT2015_MANZANAS_INSPECCIONES" }, "geometry": { "type": "Polygon", "coordinates": [ [ [ -75.117810023160715, 2.242905192890957 ], [ -75.117958150459501, 2.243643065094717 ], [ -75.117325678746624, 2.243671758000637 ], [ -75.117320550192758, 2.24345239929367 ], [ -75.117641923593183, 2.243388094704411 ], [ -75.117599697715733, 2.242936167634257 ], [ -75.117810023160715, 2.242905192890957 ] ] ] } },
{ "type": "Feature", "properties": { "OBJECTID": 1025, "codigo": "1859206060011", "sector_cat": "185920606", "tipo_avalu": "06", "Reporte": null, "Shape_Leng": 314.86084361799999, "Shape_Area": 4103.9761684200002, "CRS_ORIGINAL": "PROJCS[\"PCS_CAQUETA_PUERTO RICO\",GEOGCS[\"GCS_CAQUETA_PUERTO RICO\",DATUM[\"GCS_CAQUETA_PUERTO RICO\",SPHEROID[\"GRS_1980_CAQUETA:PUERTO RICO\",6378395,298.257222101]],PRIMEM[\"Greenwich\",0],UNIT[\"Degree\",0.0174532925199433]],PROJECTION[\"Transverse_Mercator\"],PARAMETER[\"latitude_of_origin\",1.91083333333333],PARAMETER[\"central_meridian\",-75.1577777777778],PARAMETER[\"scale_factor\",1],PARAMETER[\"false_easting\",879804.179],PARAMETER[\"false_northing\",703095.119],UNIT[\"metre\",1,AUTHORITY[\"EPSG\",\"9001\"]],AXIS[\"Easting\",EAST],AXIS[\"Northing\",NORTH]]", "FUENTE_PBOT": "PBOT 2015 — Cartografía de formulación", "CAPA_SIGOber": "PBOT2015_MANZANAS_INSPECCIONES" }, "geometry": { "type": "Polygon", "coordinates": [ [ [ -75.117461893583041, 2.241697098632924 ], [ -75.117647069153477, 2.24167604234919 ], [ -75.117815248125339, 2.242769064468773 ], [ -75.117498317555061, 2.242813354325534 ], [ -75.117359012559291, 2.241825642729862 ], [ -75.117477050583346, 2.241810757638282 ], [ -75.117461893583041, 2.241697098632924 ] ] ] } },
{ "type": "Feature", "properties": { "OBJECTID": 1026, "codigo": "1859206060012", "sector_cat": "185920606", "tipo_avalu": "06", "Reporte": null, "Shape_Leng": 330.28165135900002, "Shape_Area": 6816.7762490900004, "CRS_ORIGINAL": "PROJCS[\"PCS_CAQUETA_PUERTO RICO\",GEOGCS[\"GCS_CAQUETA_PUERTO RICO\",DATUM[\"GCS_CAQUETA_PUERTO RICO\",SPHEROID[\"GRS_1980_CAQUETA:PUERTO RICO\",6378395,298.257222101]],PRIMEM[\"Greenwich\",0],UNIT[\"Degree\",0.0174532925199433]],PROJECTION[\"Transverse_Mercator\"],PARAMETER[\"latitude_of_origin\",1.91083333333333],PARAMETER[\"central_meridian\",-75.1577777777778],PARAMETER[\"scale_factor\",1],PARAMETER[\"false_easting\",879804.179],PARAMETER[\"false_northing\",703095.119],UNIT[\"metre\",1,AUTHORITY[\"EPSG\",\"9001\"]],AXIS[\"Easting\",EAST],AXIS[\"Northing\",NORTH]]", "FUENTE_PBOT": "PBOT 2015 — Cartografía de formulación", "CAPA_SIGOber": "PBOT2015_MANZANAS_INSPECCIONES" }, "geometry": { "type": "Polygon", "coordinates": [ [ [ -75.117830085842215, 2.241992007002278 ], [ -75.11855724289434, 2.241886941661708 ], [ -75.118662874668757, 2.242635640864969 ], [ -75.117939003884814, 2.242740000945602 ], [ -75.117830085842215, 2.241992007002278 ] ] ] } },
{ "type": "Feature", "properties": { "OBJECTID": 1027, "codigo": "1859206060013", "sector_cat": "185920606", "tipo_avalu": "06", "Reporte": null, "Shape_Leng": 554.64715297800001, "Shape_Area": 12279.0946692, "CRS_ORIGINAL": "PROJCS[\"PCS_CAQUETA_PUERTO RICO\",GEOGCS[\"GCS_CAQUETA_PUERTO RICO\",DATUM[\"GCS_CAQUETA_PUERTO RICO\",SPHEROID[\"GRS_1980_CAQUETA:PUERTO RICO\",6378395,298.257222101]],PRIMEM[\"Greenwich\",0],UNIT[\"Degree\",0.0174532925199433]],PROJECTION[\"Transverse_Mercator\"],PARAMETER[\"latitude_of_origin\",1.91083333333333],PARAMETER[\"central_meridian\",-75.1577777777778],PARAMETER[\"scale_factor\",1],PARAMETER[\"false_easting\",879804.179],PARAMETER[\"false_northing\",703095.119],UNIT[\"metre\",1,AUTHORITY[\"EPSG\",\"9001\"]],AXIS[\"Easting\",EAST],AXIS[\"Northing\",NORTH]]", "FUENTE_PBOT": "PBOT 2015 — Cartografía de formulación", "CAPA_SIGOber": "PBOT2015_MANZANAS_INSPECCIONES" }, "geometry": { "type": "Polygon", "coordinates": [ [ [ -75.118819664603492, 2.242558376152254 ], [ -75.118665478342791, 2.24120298835567 ], [ -75.118877754762494, 2.24122957882777 ], [ -75.118896263113399, 2.241347375897537 ], [ -75.119749829529951, 2.241206505962949 ], [ -75.11982563108846, 2.241656269110372 ], [ -75.119300997975415, 2.241742980861667 ], [ -75.119418813338214, 2.242460771006358 ], [ -75.118819664603492, 2.242558376152254 ] ] ] } },
{ "type": "Feature", "properties": { "OBJECTID": 1028, "codigo": "1859206060014", "sector_cat": "185920606", "tipo_avalu": "06", "Reporte": null, "Shape_Leng": 306.26893267299999, "Shape_Area": 5836.7106674899997, "CRS_ORIGINAL": "PROJCS[\"PCS_CAQUETA_PUERTO RICO\",GEOGCS[\"GCS_CAQUETA_PUERTO RICO\",DATUM[\"GCS_CAQUETA_PUERTO RICO\",SPHEROID[\"GRS_1980_CAQUETA:PUERTO RICO\",6378395,298.257222101]],PRIMEM[\"Greenwich\",0],UNIT[\"Degree\",0.0174532925199433]],PROJECTION[\"Transverse_Mercator\"],PARAMETER[\"latitude_of_origin\",1.91083333333333],PARAMETER[\"central_meridian\",-75.1577777777778],PARAMETER[\"scale_factor\",1],PARAMETER[\"false_easting\",879804.179],PARAMETER[\"false_northing\",703095.119],UNIT[\"metre\",1,AUTHORITY[\"EPSG\",\"9001\"]],AXIS[\"Easting\",EAST],AXIS[\"Northing\",NORTH]]", "FUENTE_PBOT": "PBOT 2015 — Cartografía de formulación", "CAPA_SIGOber": "PBOT2015_MANZANAS_INSPECCIONES" }, "geometry": { "type": "Polygon", "coordinates": [ [ [ -75.11782288105492, 2.241811029346517 ], [ -75.117731082434915, 2.241169345751147 ], [ -75.118300542103555, 2.241108695658528 ], [ -75.118452883987331, 2.241288834961479 ], [ -75.118521637763692, 2.24178374161277 ], [ -75.11782288105492, 2.241811029346517 ] ] ] } },
{ "type": "Feature", "properties": { "OBJECTID": 1029, "codigo": "1859206060015", "sector_cat": "185920606", "tipo_avalu": "06", "Reporte": null, "Shape_Leng": 268.89419647699998, "Shape_Area": 3085.6376365000001, "CRS_ORIGINAL": "PROJCS[\"PCS_CAQUETA_PUERTO RICO\",GEOGCS[\"GCS_CAQUETA_PUERTO RICO\",DATUM[\"GCS_CAQUETA_PUERTO RICO\",SPHEROID[\"GRS_1980_CAQUETA:PUERTO RICO\",6378395,298.257222101]],PRIMEM[\"Greenwich\",0],UNIT[\"Degree\",0.0174532925199433]],PROJECTION[\"Transverse_Mercator\"],PARAMETER[\"latitude_of_origin\",1.91083333333333],PARAMETER[\"central_meridian\",-75.1577777777778],PARAMETER[\"scale_factor\",1],PARAMETER[\"false_easting\",879804.179],PARAMETER[\"false_northing\",703095.119],UNIT[\"metre\",1,AUTHORITY[\"EPSG\",\"9001\"]],AXIS[\"Easting\",EAST],AXIS[\"Northing\",NORTH]]", "FUENTE_PBOT": "PBOT 2015 — Cartografía de formulación", "CAPA_SIGOber": "PBOT2015_MANZANAS_INSPECCIONES" }, "geometry": { "type": "Polygon", "coordinates": [ [ [ -75.117949766541329, 2.240132684151382 ], [ -75.118165943177573, 2.240125786223536 ], [ -75.118042042660647, 2.241014665195805 ], [ -75.117734558518265, 2.24106180234006 ], [ -75.117949766541329, 2.240132684151382 ] ] ] } },
{ "type": "Feature", "properties": { "OBJECTID": 1030, "codigo": "1859203030001", "sector_cat": "185920303", "tipo_avalu": "03", "Reporte": null, "Shape_Leng": 911.08108241399998, "Shape_Area": 29852.753067500002, "CRS_ORIGINAL": "PROJCS[\"PCS_CAQUETA_PUERTO RICO\",GEOGCS[\"GCS_CAQUETA_PUERTO RICO\",DATUM[\"GCS_CAQUETA_PUERTO RICO\",SPHEROID[\"GRS_1980_CAQUETA:PUERTO RICO\",6378395,298.257222101]],PRIMEM[\"Greenwich\",0],UNIT[\"Degree\",0.0174532925199433]],PROJECTION[\"Transverse_Mercator\"],PARAMETER[\"latitude_of_origin\",1.91083333333333],PARAMETER[\"central_meridian\",-75.1577777777778],PARAMETER[\"scale_factor\",1],PARAMETER[\"false_easting\",879804.179],PARAMETER[\"false_northing\",703095.119],UNIT[\"metre\",1,AUTHORITY[\"EPSG\",\"9001\"]],AXIS[\"Easting\",EAST],AXIS[\"Northing\",NORTH]]", "FUENTE_PBOT": "PBOT 2015 — Cartografía de formulación", "CAPA_SIGOber": "PBOT2015_MANZANAS_INSPECCIONES" }, "geometry": { "type": "Polygon", "coordinates": [ [ [ -75.037341213534347, 1.943759808863098 ], [ -75.036686682393267, 1.943474327510049 ], [ -75.038012293071347, 1.940348705748963 ], [ -75.038670314438917, 1.940630678018742 ], [ -75.037341213534347, 1.943759808863098 ] ] ] } }
]
}
